# Object Export From Tinkercad Server 2015

mtllib obj.mtl

o obj_0
v -6 		-26 		5
v -6 		-26 		3
v -6 		7 		5
v -6 		7 		3
v -12 		7 		5
v -12 		7 		3
v -12 		-26 		5
v -12 		-26 		3
# 8 vertices

g group_0_4796018

usemtl color_4796018
s 0

f 1 	2 	3
f 2 	4 	3
f 5 	6 	7
f 6 	8 	7
f 5 	7 	3
f 7 	1 	3
f 8 	6 	2
f 6 	4 	2
f 7 	8 	1
f 8 	2 	1
f 3 	4 	5
f 4 	6 	5
# 12 faces

 #end of obj_0

o obj_1
v -1 		-28.4205 		3
v -1 		-28.4205 		0
v -1 		11 		3
v -1 		11 		0
v -41 		11 		3
v -41 		11 		0
v -41 		-28.4205 		3
v -41 		-28.4205 		0
# 8 vertices

g group_1_15708628

usemtl color_15708628
s 0

f 9 	10 	11
f 10 	12 	11
f 13 	14 	15
f 14 	16 	15
f 13 	15 	11
f 15 	9 	11
f 16 	14 	10
f 14 	12 	10
f 15 	16 	9
f 16 	10 	9
f 11 	12 	13
f 12 	14 	13
# 12 faces

 #end of obj_1

o obj_2
v -1 		25 		3
v -1 		25 		0
v -1 		64.4205 		3
v -1 		64.4205 		0
v -41 		64.4205 		3
v -41 		64.4205 		0
v -41 		25 		3
v -41 		25 		0
# 8 vertices

g group_2_15708628

usemtl color_15708628
s 0

f 17 	18 	19
f 18 	20 	19
f 21 	22 	23
f 22 	24 	23
f 21 	23 	19
f 23 	17 	19
f 24 	22 	18
f 22 	20 	18
f 23 	24 	17
f 24 	18 	17
f 19 	20 	21
f 20 	22 	21
# 12 faces

 #end of obj_2

o obj_3
v -16 		-22 		5
v -16 		-22 		3
v -16 		5 		5
v -16 		5 		3
v -38 		5 		5
v -38 		5 		3
v -38 		-22 		5
v -38 		-22 		3
# 8 vertices

g group_3_9444435

usemtl color_9444435
s 0

f 25 	26 	27
f 26 	28 	27
f 29 	30 	31
f 30 	32 	31
f 29 	31 	27
f 31 	25 	27
f 32 	30 	26
f 30 	28 	26
f 31 	32 	25
f 32 	26 	25
f 27 	28 	29
f 28 	30 	29
# 12 faces

 #end of obj_3

o obj_4
v -9.9976 		-0.3508 		5
v -10 		-0.2418 		5
v -9.9981 		-0.1265 		5
v -9.9784 		-0.558 		5
v -9.9904 		-0.4562 		5
v -9.94 		-0.7507 		5
v -9.9616 		-0.6562 		5
v -9.8829 		-0.9276 		5
v -9.9136 		-0.8417 		5
v -9.8096 		-1.0872 		5
v -9.8482 		-1.0094 		5
v -9.7206 		-1.2307 		5
v -9.7671 		-1.161 		5
v -9.6162 		-1.3575 		5
v -9.6703 		-1.2964 		5
v -9.4975 		-1.4645 		5
v -9.5586 		-1.4136 		5
v -9.365 		-1.5511 		5
v -9.433 		-1.5104 		5
v -9.219 		-1.6183 		5
v -9.2934 		-1.5868 		5
v -9.0628 		-1.6642 		5
v -9.1421 		-1.6441 		5
v -8.8971 		-1.6871 		5
v -8.9811 		-1.6785 		5
v -8.7448 		-1.6884 		5
v -8.8106 		-1.69 		5
v -8.6192 		-1.6756 		5
v -8.6811 		-1.6836 		5
v -8.5015 		-1.6502 		5
v -8.5594 		-1.6645 		5
v -8.3925 		-1.6117 		5
v -8.4455 		-1.6326 		5
v -8.2905 		-1.5591 		5
v -8.3409 		-1.5872 		5
v -8.1937 		-1.492 		5
v -8.2414 		-1.5274 		5
v -8.1018 		-1.4104 		5
v -8.1472 		-1.4531 		5
v -8.0137 		-1.3136 		5
v -8.0574 		-1.3639 		5
v -7.9291 		-1.2015 		5
v -7.971 		-1.2595 		5
v -7.849 		-1.0727 		5
v -7.8881 		-1.1397 		5
v -7.7713 		-0.9258 		5
v -7.8101 		-1.0013 		5
v -7.6946 		-0.7619 		5
v -7.7329 		-0.8459 		5
v -7.619 		-0.586 		5
v -7.6565 		-0.6736 		5
v -7.0864 		-0.9373 		5
v -7.0873 		-0.8837 		5
v -7.049 		-0.8829 		5
v -7.0785 		-1.0375 		5
v -7.0834 		-0.9886 		5
v -7.0628 		-1.1284 		5
v -7.0716 		-1.0841 		5
v -7.0407 		-1.21 		5
v -7.052 		-1.1703 		5
v -7.0128 		-1.283 		5
v -7.0276 		-1.2476 		5
v -6.9779 		-1.3476 		5
v -6.9962 		-1.3164 		5
v -6.9363 		-1.4023 		5
v -6.9578 		-1.3766 		5
v -6.8901 		-1.4473 		5
v -6.9137 		-1.4259 		5
v -6.8395 		-1.4838 		5
v -6.8653 		-1.4666 		5
v -6.7848 		-1.5106 		5
v -6.8126 		-1.4989 		5
v -6.7272 		-1.5276 		5
v -6.7563 		-1.5201 		5
v -6.667 		-1.5361 		5
v -6.6974 		-1.5329 		5
v -6.592 		-1.5352 		5
v -6.6359 		-1.5371 		5
v -6.5074 		-1.5199 		5
v -6.5491 		-1.5295 		5
v -6.4271 		-1.4894 		5
v -6.4667 		-1.5066 		5
v -6.3502 		-1.4447 		5
v -6.3886 		-1.4683 		5
v -6.2787 		-1.3852 		5
v -6.3136 		-1.417 		5
v -6.2142 		-1.3097 		5
v -6.2456 		-1.3495 		5
v -6.1579 		-1.2168 		5
v -6.1845 		-1.2658 		5
v -6.1099 		-1.1073 		5
v -6.133 		-1.1639 		5
v -6.0689 		-0.9824 		5
v -6.0885 		-1.0468 		5
v -6.0354 		-0.8407 		5
v -6.051 		-0.9143 		5
v -6.0128 		-0.6803 		5
v -6.0227 		-0.7627 		5
v -6.0014 		-0.502 		5
v -6.0057 		-0.5933 		5
v -6.0022 		-0.3142 		5
v -6 		-0.4061 		5
v -6.0196 		-0.1367 		5
v -6.0087 		-0.2244 		5
v -6.0545 		0.0322 		5
v -6.0349 		-0.0512 		5
v -6.1064 		0.1907 		5
v -6.0785 		0.1135 		5
v -6.1727 		0.3342 		5
v -6.1378 		0.2643 		5
v -6.253 		0.4633 		5
v -6.2111 		0.4005 		5
v -6.3484 		0.5788 		5
v -6.2983 		0.5224 		5
v -6.4583 		0.679 		5
v -6.4017 		0.6311 		5
v -6.5813 		0.7623 		5
v -6.5182 		0.7228 		5
v -6.7158 		0.8267 		5
v -6.6477 		0.7975 		5
v -6.8606 		0.8691 		5
v -6.7868 		0.8506 		5
v -7.0168 		0.8904 		5
v -6.9373 		0.8824 		5
v -7.1649 		0.8916 		5
v -7.0991 		0.893 		5
v -7.2905 		0.8806 		5
v -7.2287 		0.8875 		5
v -7.4082 		0.8585 		5
v -7.3503 		0.8709 		5
v -7.5198 		0.8249 		5
v -7.4642 		0.8433 		5
v -7.6271 		0.7765 		5
v -7.5741 		0.8026 		5
v -7.7291 		0.7128 		5
v -7.6788 		0.7465 		5
v -7.8249 		0.6349 		5
v -7.7782 		0.6752 		5
v -7.9156 		0.5415 		5
v -7.8707 		0.5903 		5
v -8.0028 		0.4311 		5
v -7.9597 		0.4884 		5
v -8.0856 		0.3035 		5
v -8.0451 		0.3695 		5
v -8.1658 		0.1575 		5
v -8.1258 		0.2328 		5
v -8.2452 		-0.0072 		5
v -8.2056 		0.0775 		5
v -8.3158 		-0.1702 		5
v -8.2846 		-0.0966 		5
v -8.7329 		0.4393 		5
v -8.7321 		0.4001 		5
v -8.809 		0.3986 		5
v -8.739 		0.5157 		5
v -8.7351 		0.4778 		5
v -8.7512 		0.5896 		5
v -8.7443 		0.5529 		5
v -8.7696 		0.6606 		5
v -8.7596 		0.6255 		5
v -8.7949 		0.7268 		5
v -8.7814 		0.6943 		5
v -8.8272 		0.7879 		5
v -8.8102 		0.758 		5
v -8.8677 		0.8437 		5
v -8.8459 		0.8166 		5
v -8.9166 		0.8921 		5
v -8.8913 		0.8688 		5
v -8.9724 		0.9328 		5
v -8.9436 		0.9134 		5
v -9.0369 		0.9655 		5
v -9.0029 		0.9503 		5
v -9.1119 		0.9876 		5
v -9.0732 		0.9779 		5
v -9.1965 		0.9986 		5
v -9.153 		0.9945 		5
v -9.2858 		0.9984 		5
v -9.2424 		1 		5
v -9.3739 		0.9857 		5
v -9.3296 		0.9936 		5
v -9.4637 		0.9602 		5
v -9.4186 		0.9745 		5
v -9.5542 		0.92 		5
v -9.5093 		0.9427 		5
v -9.6389 		0.8605 		5
v -9.5974 		0.8926 		5
v -9.7165 		0.7824 		5
v -9.6786 		0.8238 		5
v -9.7882 		0.6854 		5
v -9.7527 		0.7364 		5
v -9.8528 		0.5682 		5
v -9.8216 		0.6294 		5
v -9.9086 		0.4307 		5
v -9.8818 		0.502 		5
v -9.9537 		0.2708 		5
v -9.9333 		0.3543 		5
v -9.9833 		0.0849 		5
v -9.9703 		0.181 		5
v -9.9926 		-0.0176 		5
v -7.0097 		-0.8803 		5
v -8.8826 		0.3942 		5
v -6.9696 		-0.8761 		5
v -8.9529 		0.3867 		5
v -6.9286 		-0.8701 		5
v -9.02 		0.3763 		5
v -6.8867 		-0.8625 		5
v -9.0837 		0.363 		5
v -7.5824 		-0.5042 		5
v -6.844 		-0.8532 		5
v -8.3465 		-0.2405 		5
v -7.5466 		-0.4281 		5
v -6.8 		-0.842 		5
v -8.3768 		-0.3077 		5
v -9.1443 		0.3466 		5
v -7.5117 		-0.3577 		5
v -6.7572 		-0.829 		5
v -8.4067 		-0.3717 		5
v -9.2015 		0.3264 		5
v -7.4777 		-0.2931 		5
v -8.4362 		-0.4325 		5
v -9.2555 		0.3042 		5
v -7.4446 		-0.2342 		5
v -6.7154 		-0.814 		5
v -8.4652 		-0.4902 		5
v -9.3062 		0.2797 		5
v -7.413 		-0.179 		5
v -6.6747 		-0.7971 		5
v -8.493 		-0.5435 		5
v -9.3536 		0.2532 		5
v -7.3813 		-0.128 		5
v -6.6352 		-0.7783 		5
v -8.5214 		-0.5938 		5
v -9.3978 		0.2246 		5
v -7.3494 		-0.0813 		5
v -6.5967 		-0.7576 		5
v -8.5505 		-0.6411 		5
v -9.4387 		0.1938 		5
v -7.3172 		-0.0389 		5
v -6.5598 		-0.7337 		5
v -8.5803 		-0.6855 		5
v -9.4763 		0.1609 		5
v -7.2848 		-0.0007 		5
v -6.5251 		-0.7075 		5
v -8.6107 		-0.7269 		5
v -9.5106 		0.1258 		5
v -7.2522 		0.0333 		5
v -6.4926 		-0.6793 		5
v -8.6418 		-0.7653 		5
v -9.5417 		0.0887 		5
v -7.2194 		0.0635 		5
v -6.4623 		-0.649 		5
v -8.6723 		-0.8006 		5
v -9.5695 		0.0494 		5
v -6.4342 		-0.6165 		5
v -8.7037 		-0.8328 		5
v -9.594 		0.008 		5
v -6.4082 		-0.5819 		5
v -8.736 		-0.8618 		5
v -9.6153 		-0.0355 		5
v -6.3855 		-0.5449 		5
v -8.7692 		-0.8876 		5
v -9.6333 		-0.0807 		5
v -6.3668 		-0.5055 		5
v -9.648 		-0.1272 		5
v -6.3523 		-0.4634 		5
v -9.6595 		-0.1749 		5
v -6.3419 		-0.4189 		5
v -9.6676 		-0.224 		5
v -6.3357 		-0.3717 		5
v -9.6726 		-0.2743 		5
v -6.3337 		-0.3221 		5
v -9.6742 		-0.3259 		5
v -6.3346 		-0.2867 		5
v -9.673 		-0.3771 		5
v -6.3376 		-0.252 		5
v -9.6694 		-0.4265 		5
v -6.3425 		-0.2179 		5
v -9.6634 		-0.4739 		5
v -6.3494 		-0.1845 		5
v -9.655 		-0.5195 		5
v -6.3582 		-0.1517 		5
v -9.6442 		-0.5631 		5
v -6.369 		-0.1195 		5
v -9.631 		-0.6048 		5
v -6.3803 		-0.0883 		5
v -9.6144 		-0.6445 		5
v -6.3934 		-0.0584 		5
v -9.5961 		-0.6821 		5
v -6.4082 		-0.0297 		5
v -9.5761 		-0.7175 		5
v -6.4248 		-0.0024 		5
v -9.5542 		-0.7508 		5
v -6.4431 		0.0237 		5
v -9.5307 		-0.7821 		5
v -6.4632 		0.0486 		5
v -9.5054 		-0.8111 		5
v -6.485 		0.0719 		5
v -9.4784 		-0.8381 		5
v -6.5086 		0.0936 		5
v -9.4496 		-0.8629 		5
v -9.419 		-0.8856 		5
v -6.5339 		0.1135 		5
v -9.3868 		-0.9062 		5
v -6.5609 		0.1318 		5
v -6.5897 		0.1484 		5
v -9.3527 		-0.9247 		5
v -6.6202 		0.1632 		5
v -9.317 		-0.941 		5
v -6.6525 		0.1749 		5
v -9.2811 		-0.9551 		5
v -6.6865 		0.1844 		5
v -9.2441 		-0.9665 		5
v -6.7223 		0.1919 		5
v -9.2061 		-0.9754 		5
v -6.7598 		0.1972 		5
v -9.1669 		-0.9818 		5
v -6.799 		0.2004 		5
v -9.1267 		-0.9856 		5
v -6.84 		0.2014 		5
v -9.0854 		-0.9869 		5
v -6.8775 		0.2005 		5
v -9.0403 		-0.9853 		5
v -6.9142 		0.1976 		5
v -8.9968 		-0.9805 		5
v -6.95 		0.1928 		5
v -8.9549 		-0.9726 		5
v -6.9848 		0.1861 		5
v -8.9144 		-0.9614 		5
v -7.0189 		0.1775 		5
v -8.8755 		-0.9471 		5
v -7.052 		0.167 		5
v -8.8381 		-0.9296 		5
v -7.0859 		0.1527 		5
v -8.8032 		-0.9102 		5
v -7.1196 		0.1352 		5
v -7.1531 		0.1145 		5
v -7.1863 		0.0906 		5
v -9.9981 		-0.1265 		4
v -10 		-0.2418 		4
v -9.9976 		-0.3508 		4
v -9.9904 		-0.4562 		4
v -9.9784 		-0.558 		4
v -9.9616 		-0.6562 		4
v -9.94 		-0.7507 		4
v -9.9136 		-0.8417 		4
v -9.8829 		-0.9276 		4
v -9.8482 		-1.0094 		4
v -9.8096 		-1.0872 		4
v -9.7671 		-1.161 		4
v -9.7206 		-1.2307 		4
v -9.6703 		-1.2964 		4
v -9.6162 		-1.3575 		4
v -9.5586 		-1.4136 		4
v -9.4975 		-1.4645 		4
v -9.433 		-1.5104 		4
v -9.365 		-1.5511 		4
v -9.2934 		-1.5868 		4
v -9.219 		-1.6183 		4
v -9.1421 		-1.6441 		4
v -9.0628 		-1.6642 		4
v -8.9811 		-1.6785 		4
v -8.8971 		-1.6871 		4
v -8.8106 		-1.69 		4
v -8.7448 		-1.6884 		4
v -8.6811 		-1.6836 		4
v -8.6192 		-1.6756 		4
v -8.5594 		-1.6645 		4
v -8.5015 		-1.6502 		4
v -8.4455 		-1.6326 		4
v -8.3925 		-1.6117 		4
v -8.3409 		-1.5872 		4
v -8.2905 		-1.5591 		4
v -8.2414 		-1.5274 		4
v -8.1937 		-1.492 		4
v -8.1472 		-1.4531 		4
v -8.1018 		-1.4104 		4
v -8.0574 		-1.3639 		4
v -8.0137 		-1.3136 		4
v -7.971 		-1.2595 		4
v -7.9291 		-1.2015 		4
v -7.8881 		-1.1397 		4
v -7.849 		-1.0727 		4
v -7.8101 		-1.0013 		4
v -7.7713 		-0.9258 		4
v -7.7329 		-0.8459 		4
v -7.6946 		-0.7619 		4
v -7.6565 		-0.6736 		4
v -7.619 		-0.586 		4
v -7.049 		-0.8829 		4
v -7.0873 		-0.8837 		4
v -7.0864 		-0.9373 		4
v -7.0834 		-0.9886 		4
v -7.0785 		-1.0375 		4
v -7.0716 		-1.0841 		4
v -7.0628 		-1.1284 		4
v -7.052 		-1.1703 		4
v -7.0407 		-1.21 		4
v -7.0276 		-1.2476 		4
v -7.0128 		-1.283 		4
v -6.9962 		-1.3164 		4
v -6.9779 		-1.3476 		4
v -6.9578 		-1.3766 		4
v -6.9363 		-1.4023 		4
v -6.9137 		-1.4259 		4
v -6.8901 		-1.4473 		4
v -6.8653 		-1.4666 		4
v -6.8395 		-1.4838 		4
v -6.8126 		-1.4989 		4
v -6.7848 		-1.5106 		4
v -6.7563 		-1.5201 		4
v -6.7272 		-1.5276 		4
v -6.6974 		-1.5329 		4
v -6.667 		-1.5361 		4
v -6.6359 		-1.5371 		4
v -6.592 		-1.5352 		4
v -6.5491 		-1.5295 		4
v -6.5074 		-1.5199 		4
v -6.4667 		-1.5066 		4
v -6.4271 		-1.4894 		4
v -6.3886 		-1.4683 		4
v -6.3502 		-1.4447 		4
v -6.3136 		-1.417 		4
v -6.2787 		-1.3852 		4
v -6.2456 		-1.3495 		4
v -6.2142 		-1.3097 		4
v -6.1845 		-1.2658 		4
v -6.1579 		-1.2168 		4
v -6.133 		-1.1639 		4
v -6.1099 		-1.1073 		4
v -6.0885 		-1.0468 		4
v -6.0689 		-0.9824 		4
v -6.051 		-0.9143 		4
v -6.0354 		-0.8407 		4
v -6.0227 		-0.7627 		4
v -6.0128 		-0.6803 		4
v -6.0057 		-0.5933 		4
v -6.0014 		-0.502 		4
v -6 		-0.4061 		4
v -6.0022 		-0.3142 		4
v -6.0087 		-0.2244 		4
v -6.0196 		-0.1367 		4
v -6.0349 		-0.0512 		4
v -6.0545 		0.0322 		4
v -6.0785 		0.1135 		4
v -6.1064 		0.1907 		4
v -6.1378 		0.2643 		4
v -6.1727 		0.3342 		4
v -6.2111 		0.4005 		4
v -6.253 		0.4633 		4
v -6.2983 		0.5224 		4
v -6.3484 		0.5788 		4
v -6.4017 		0.6311 		4
v -6.4583 		0.679 		4
v -6.5182 		0.7228 		4
v -6.5813 		0.7623 		4
v -6.6477 		0.7975 		4
v -6.7158 		0.8267 		4
v -6.7868 		0.8506 		4
v -6.8606 		0.8691 		4
v -6.9373 		0.8824 		4
v -7.0168 		0.8904 		4
v -7.0991 		0.893 		4
v -7.1649 		0.8916 		4
v -7.2287 		0.8875 		4
v -7.2905 		0.8806 		4
v -7.3503 		0.8709 		4
v -7.4082 		0.8585 		4
v -7.4642 		0.8433 		4
v -7.5198 		0.8249 		4
v -7.5741 		0.8026 		4
v -7.6271 		0.7765 		4
v -7.6788 		0.7465 		4
v -7.7291 		0.7128 		4
v -7.7782 		0.6752 		4
v -7.8249 		0.6349 		4
v -7.8707 		0.5903 		4
v -7.9156 		0.5415 		4
v -7.9597 		0.4884 		4
v -8.0028 		0.4311 		4
v -8.0451 		0.3695 		4
v -8.0856 		0.3035 		4
v -8.1258 		0.2328 		4
v -8.1658 		0.1575 		4
v -8.2056 		0.0775 		4
v -8.2452 		-0.0072 		4
v -8.2846 		-0.0966 		4
v -8.3158 		-0.1702 		4
v -8.809 		0.3986 		4
v -8.7321 		0.4001 		4
v -8.7329 		0.4393 		4
v -8.7351 		0.4778 		4
v -8.739 		0.5157 		4
v -8.7443 		0.5529 		4
v -8.7512 		0.5896 		4
v -8.7596 		0.6255 		4
v -8.7696 		0.6606 		4
v -8.7814 		0.6943 		4
v -8.7949 		0.7268 		4
v -8.8102 		0.758 		4
v -8.8272 		0.7879 		4
v -8.8459 		0.8166 		4
v -8.8677 		0.8437 		4
v -8.8913 		0.8688 		4
v -8.9166 		0.8921 		4
v -8.9436 		0.9134 		4
v -8.9724 		0.9328 		4
v -9.0029 		0.9503 		4
v -9.0369 		0.9655 		4
v -9.0732 		0.9779 		4
v -9.1119 		0.9876 		4
v -9.153 		0.9945 		4
v -9.1965 		0.9986 		4
v -9.2424 		1 		4
v -9.2858 		0.9984 		4
v -9.3296 		0.9936 		4
v -9.3739 		0.9857 		4
v -9.4186 		0.9745 		4
v -9.4637 		0.9602 		4
v -9.5093 		0.9427 		4
v -9.5542 		0.92 		4
v -9.5974 		0.8926 		4
v -9.6389 		0.8605 		4
v -9.6786 		0.8238 		4
v -9.7165 		0.7824 		4
v -9.7527 		0.7364 		4
v -9.7882 		0.6854 		4
v -9.8216 		0.6294 		4
v -9.8528 		0.5682 		4
v -9.8818 		0.502 		4
v -9.9086 		0.4307 		4
v -9.9333 		0.3543 		4
v -9.9537 		0.2708 		4
v -9.9703 		0.181 		4
v -9.9833 		0.0849 		4
v -9.9926 		-0.0176 		4
v -7.0097 		-0.8803 		4
v -8.8826 		0.3942 		4
v -6.9696 		-0.8761 		4
v -8.9529 		0.3867 		4
v -6.9286 		-0.8701 		4
v -9.02 		0.3763 		4
v -6.8867 		-0.8625 		4
v -9.0837 		0.363 		4
v -7.5824 		-0.5042 		4
v -6.844 		-0.8532 		4
v -8.3465 		-0.2405 		4
v -7.5466 		-0.4281 		4
v -6.8 		-0.842 		4
v -8.3768 		-0.3077 		4
v -9.1443 		0.3466 		4
v -7.5117 		-0.3577 		4
v -6.7572 		-0.829 		4
v -8.4067 		-0.3717 		4
v -9.2015 		0.3264 		4
v -7.4777 		-0.2931 		4
v -8.4362 		-0.4325 		4
v -9.2555 		0.3042 		4
v -7.4446 		-0.2342 		4
v -6.7154 		-0.814 		4
v -8.4652 		-0.4902 		4
v -9.3062 		0.2797 		4
v -7.413 		-0.179 		4
v -6.6747 		-0.7971 		4
v -8.493 		-0.5435 		4
v -9.3536 		0.2532 		4
v -7.3813 		-0.128 		4
v -6.6352 		-0.7783 		4
v -8.5214 		-0.5938 		4
v -9.3978 		0.2246 		4
v -7.3494 		-0.0813 		4
v -6.5967 		-0.7576 		4
v -8.5505 		-0.6411 		4
v -9.4387 		0.1938 		4
v -7.3172 		-0.0389 		4
v -6.5598 		-0.7337 		4
v -8.5803 		-0.6855 		4
v -9.4763 		0.1609 		4
v -7.2848 		-0.0007 		4
v -6.5251 		-0.7075 		4
v -8.6107 		-0.7269 		4
v -9.5106 		0.1258 		4
v -7.2522 		0.0333 		4
v -6.4926 		-0.6793 		4
v -8.6418 		-0.7653 		4
v -9.5417 		0.0887 		4
v -7.2194 		0.0635 		4
v -6.4623 		-0.649 		4
v -8.6723 		-0.8006 		4
v -9.5695 		0.0494 		4
v -6.4342 		-0.6165 		4
v -8.7037 		-0.8328 		4
v -9.594 		0.008 		4
v -6.4082 		-0.5819 		4
v -8.736 		-0.8618 		4
v -9.6153 		-0.0355 		4
v -6.3855 		-0.5449 		4
v -8.7692 		-0.8876 		4
v -9.6333 		-0.0807 		4
v -6.3668 		-0.5055 		4
v -9.648 		-0.1272 		4
v -6.3523 		-0.4634 		4
v -9.6595 		-0.1749 		4
v -6.3419 		-0.4189 		4
v -9.6676 		-0.224 		4
v -6.3357 		-0.3717 		4
v -9.6726 		-0.2743 		4
v -6.3337 		-0.3221 		4
v -9.6742 		-0.3259 		4
v -6.3346 		-0.2867 		4
v -9.673 		-0.3771 		4
v -6.3376 		-0.252 		4
v -9.6694 		-0.4265 		4
v -6.3425 		-0.2179 		4
v -9.6634 		-0.4739 		4
v -6.3494 		-0.1845 		4
v -9.655 		-0.5195 		4
v -6.3582 		-0.1517 		4
v -9.6442 		-0.5631 		4
v -6.369 		-0.1195 		4
v -9.631 		-0.6048 		4
v -6.3803 		-0.0883 		4
v -9.6144 		-0.6445 		4
v -6.3934 		-0.0584 		4
v -9.5961 		-0.6821 		4
v -6.4082 		-0.0297 		4
v -9.5761 		-0.7175 		4
v -6.4248 		-0.0024 		4
v -9.5542 		-0.7508 		4
v -6.4431 		0.0237 		4
v -9.5307 		-0.7821 		4
v -6.4632 		0.0486 		4
v -9.5054 		-0.8111 		4
v -6.485 		0.0719 		4
v -9.4784 		-0.8381 		4
v -6.5086 		0.0936 		4
v -9.4496 		-0.8629 		4
v -9.419 		-0.8856 		4
v -6.5339 		0.1135 		4
v -9.3868 		-0.9062 		4
v -6.5609 		0.1318 		4
v -6.5897 		0.1484 		4
v -9.3527 		-0.9247 		4
v -6.6202 		0.1632 		4
v -9.317 		-0.941 		4
v -6.6525 		0.1749 		4
v -9.2811 		-0.9551 		4
v -6.6865 		0.1844 		4
v -9.2441 		-0.9665 		4
v -6.7223 		0.1919 		4
v -9.2061 		-0.9754 		4
v -6.7598 		0.1972 		4
v -9.1669 		-0.9818 		4
v -6.799 		0.2004 		4
v -9.1267 		-0.9856 		4
v -6.84 		0.2014 		4
v -9.0854 		-0.9869 		4
v -6.8775 		0.2005 		4
v -9.0403 		-0.9853 		4
v -6.9142 		0.1976 		4
v -8.9968 		-0.9805 		4
v -6.95 		0.1928 		4
v -8.9549 		-0.9726 		4
v -6.9848 		0.1861 		4
v -8.9144 		-0.9614 		4
v -7.0189 		0.1775 		4
v -8.8755 		-0.9471 		4
v -7.052 		0.167 		4
v -8.8381 		-0.9296 		4
v -7.0859 		0.1527 		4
v -8.8032 		-0.9102 		4
v -7.1196 		0.1352 		4
v -7.1531 		0.1145 		4
v -7.1863 		0.0906 		4
v -9.9985 		-3.6047 		5
v -10 		-3.5164 		5
v -9.9979 		-3.4198 		5
v -9.9863 		-3.7686 		5
v -9.9939 		-3.6887 		5
v -9.9618 		-3.9155 		5
v -9.9756 		-3.8441 		5
v -9.9271 		-4.0444 		5
v -9.945 		-3.9825 		5
v -9.8852 		-4.1573 		5
v -9.9071 		-4.1027 		5
v -9.8355 		-4.2558 		5
v -9.8613 		-4.2084 		5
v -9.7782 		-4.3399 		5
v -9.8077 		-4.2997 		5
v -9.7154 		-4.4095 		5
v -9.7475 		-4.3765 		5
v -9.6474 		-4.4647 		5
v -9.682 		-4.4389 		5
v -9.5762 		-4.5056 		5
v -9.6114 		-4.4869 		5
v -9.5064 		-4.5328 		5
v -9.5412 		-4.5209 		5
v -9.4375 		-4.5463 		5
v -9.4718 		-4.5412 		5
v -9.3786 		-4.5471 		5
v -9.4033 		-4.548 		5
v -9.3297 		-4.5394 		5
v -9.3541 		-4.5442 		5
v -9.2818 		-4.5242 		5
v -9.3056 		-4.5328 		5
v -9.2366 		-4.5025 		5
v -9.2581 		-4.5136 		5
v -9.1982 		-4.4745 		5
v -9.2167 		-4.4894 		5
v -9.166 		-4.4388 		5
v -9.1813 		-4.4576 		5
v -9.1831 		-4.4021 		5
v -9.1521 		-4.4181 		5
v -7.9891 		-3.9347 		5
v -7.9902 		-3.8679 		5
v -7.9446 		-3.8674 		5
v -7.9804 		-4.0561 		5
v -7.9858 		-3.9974 		5
v -7.9629 		-4.1614 		5
v -7.9727 		-4.1107 		5
v -7.9372 		-4.251 		5
v -7.9509 		-4.208 		5
v -7.9058 		-4.3274 		5
v -7.9221 		-4.2908 		5
v -7.8692 		-4.3911 		5
v -7.8881 		-4.3608 		5
v -7.8273 		-4.4423 		5
v -7.8489 		-4.4181 		5
v -7.7802 		-4.4831 		5
v -7.8044 		-4.464 		5
v -7.7278 		-4.5136 		5
v -7.7547 		-4.4996 		5
v -7.672 		-4.5344 		5
v -7.6997 		-4.5251 		5
v -7.6153 		-4.548 		5
v -7.6439 		-4.5421 		5
v -7.5569 		-4.5548 		5
v -7.5863 		-4.5523 		5
v -7.4881 		-4.5538 		5
v -7.527 		-4.5557 		5
v -7.4122 		-4.5385 		5
v -7.4498 		-4.548 		5
v -7.3389 		-4.5079 		5
v -7.3752 		-4.5251 		5
v -7.2688 		-4.4622 		5
v -7.3032 		-4.4869 		5
v -7.2051 		-4.4019 		5
v -7.2361 		-4.4338 		5
v -7.1484 		-4.3272 		5
v -7.1759 		-4.3663 		5
v -7.0975 		-4.2381 		5
v -7.1227 		-4.2844 		5
v -7.053 		-4.1354 		5
v -7.0743 		-4.1884 		5
v -7.0164 		-4.019 		5
v -7.0337 		-4.0789 		5
v -6.9866 		-3.888 		5
v -7.001 		-3.9558 		5
v -6.9657 		-3.7428 		5
v -6.9748 		-3.817 		5
v -6.9552 		-3.5848 		5
v -6.9591 		-3.6654 		5
v -6.9561 		-3.4105 		5
v -6.9539 		-3.5011 		5
v -6.9735 		-3.2355 		5
v -6.9626 		-3.3219 		5
v -7.0084 		-3.0691 		5
v -6.9888 		-3.1513 		5
v -7.0602 		-2.9108 		5
v -7.0324 		-2.9891 		5
v -7.1335 		-2.7656 		5
v -7.0939 		-2.8362 		5
v -7.2303 		-2.6356 		5
v -7.1789 		-2.6987 		5
v -7.3497 		-2.52 		5
v -7.2875 		-2.5764 		5
v -7.4936 		-2.4198 		5
v -7.4184 		-2.4677 		5
v -7.6637 		-2.3365 		5
v -7.5754 		-2.376 		5
v -7.862 		-2.271 		5
v -7.7586 		-2.3013 		5
v -8.0922 		-2.2268 		5
v -7.9732 		-2.2461 		5
v -8.3539 		-2.2047 		5
v -8.2192 		-2.213 		5
v -8.6329 		-2.2046 		5
v -8.4966 		-2.202 		5
v -8.8832 		-2.2258 		5
v -8.7617 		-2.2126 		5
v -9.1039 		-2.2683 		5
v -8.9973 		-2.2444 		5
v -9.2957 		-2.3315 		5
v -9.2031 		-2.2975 		5
v -9.4632 		-2.4121 		5
v -9.3824 		-2.3697 		5
v -9.6071 		-2.5098 		5
v -9.5381 		-2.4588 		5
v -9.7264 		-2.6253 		5
v -9.6703 		-2.565 		5
v -9.8224 		-2.757 		5
v -9.7771 		-2.6893 		5
v -9.8965 		-2.903 		5
v -9.8622 		-2.8282 		5
v -9.9482 		-3.0632 		5
v -9.9254 		-2.9814 		5
v -9.9814 		-3.2355 		5
v -9.9669 		-3.1479 		5
v -9.9917 		-3.3262 		5
v -9.2132 		-4.3846 		5
v -7.8995 		-3.8658 		5
v -9.2424 		-4.3656 		5
v -7.8548 		-3.8631 		5
v -9.2707 		-4.3451 		5
v -7.8105 		-3.8594 		5
v -9.2982 		-4.3231 		5
v -7.7667 		-3.8546 		5
v -7.7233 		-3.8488 		5
v -9.3248 		-4.2997 		5
v -7.6811 		-3.843 		5
v -9.3517 		-4.2736 		5
v -7.6408 		-3.8356 		5
v -9.3772 		-4.2462 		5
v -7.6026 		-3.8268 		5
v -9.4014 		-4.2175 		5
v -9.4243 		-4.1876 		5
v -7.5662 		-3.8165 		5
v -9.4459 		-4.1564 		5
v -7.5319 		-3.8048 		5
v -9.4661 		-4.1239 		5
v -7.4995 		-3.7915 		5
v -9.4862 		-4.0913 		5
v -7.4691 		-3.778 		5
v -9.5045 		-4.0573 		5
v -7.4406 		-3.763 		5
v -9.5211 		-4.0217 		5
v -7.4141 		-3.7466 		5
v -9.5359 		-3.9847 		5
v -7.3896 		-3.7287 		5
v -9.549 		-3.9461 		5
v -7.367 		-3.7092 		5
v -9.5604 		-3.9061 		5
v -7.3464 		-3.6883 		5
v -9.5699 		-3.8661 		5
v -7.3284 		-3.6656 		5
v -9.5778 		-3.825 		5
v -7.3137 		-3.6408 		5
v -9.5839 		-3.7829 		5
v -7.3023 		-3.6138 		5
v -9.5883 		-3.7397 		5
v -7.2941 		-3.5847 		5
v -9.5909 		-3.6954 		5
v -7.2892 		-3.5535 		5
v -9.5918 		-3.6501 		5
v -7.2875 		-3.5202 		5
v -9.5842 		-3.5432 		5
v -7.2892 		-3.4826 		5
v -9.5617 		-3.4467 		5
v -7.2941 		-3.4463 		5
v -9.524 		-3.3607 		5
v -7.3023 		-3.4113 		5
v -9.4714 		-3.285 		5
v -7.3137 		-3.3775 		5
v -9.4037 		-3.2197 		5
v -7.3284 		-3.3451 		5
v -9.3209 		-3.1648 		5
v -7.3464 		-3.3139 		5
v -7.3682 		-3.2829 		5
v -9.2216 		-3.1205 		5
v -7.3944 		-3.2536 		5
v -9.1067 		-3.0842 		5
v -7.4249 		-3.226 		5
v -8.9764 		-3.0559 		5
v -7.4598 		-3.2001 		5
v -8.8307 		-3.0358 		5
v -7.4991 		-3.1759 		5
v -8.6694 		-3.0237 		5
v -7.5427 		-3.1534 		5
v -8.4926 		-3.0197 		5
v -8.3795 		-3.0206 		5
v -7.5911 		-3.1326 		5
v -8.2728 		-3.0235 		5
v -7.6447 		-3.1135 		5
v -8.1727 		-3.0282 		5
v -7.7036 		-3.0961 		5
v -8.0792 		-3.0349 		5
v -7.7677 		-3.0804 		5
v -7.9921 		-3.0435 		5
v -7.8371 		-3.0664 		5
v -7.9117 		-3.054 		5
v -9.9979 		-3.4198 		4
v -10 		-3.5164 		4
v -9.9985 		-3.6047 		4
v -9.9939 		-3.6887 		4
v -9.9863 		-3.7686 		4
v -9.9756 		-3.8441 		4
v -9.9618 		-3.9155 		4
v -9.945 		-3.9825 		4
v -9.9271 		-4.0444 		4
v -9.9071 		-4.1027 		4
v -9.8852 		-4.1573 		4
v -9.8613 		-4.2084 		4
v -9.8355 		-4.2558 		4
v -9.8077 		-4.2997 		4
v -9.7782 		-4.3399 		4
v -9.7475 		-4.3765 		4
v -9.7154 		-4.4095 		4
v -9.682 		-4.4389 		4
v -9.6474 		-4.4647 		4
v -9.6114 		-4.4869 		4
v -9.5762 		-4.5056 		4
v -9.5412 		-4.5209 		4
v -9.5064 		-4.5328 		4
v -9.4718 		-4.5412 		4
v -9.4375 		-4.5463 		4
v -9.4033 		-4.548 		4
v -9.3786 		-4.5471 		4
v -9.3541 		-4.5442 		4
v -9.3297 		-4.5394 		4
v -9.3056 		-4.5328 		4
v -9.2818 		-4.5242 		4
v -9.2581 		-4.5136 		4
v -9.2366 		-4.5025 		4
v -9.2167 		-4.4894 		4
v -9.1982 		-4.4745 		4
v -9.1813 		-4.4576 		4
v -9.166 		-4.4388 		4
v -9.1521 		-4.4181 		4
v -9.1831 		-4.4021 		4
v -7.9446 		-3.8674 		4
v -7.9902 		-3.8679 		4
v -7.9891 		-3.9347 		4
v -7.9858 		-3.9974 		4
v -7.9804 		-4.0561 		4
v -7.9727 		-4.1107 		4
v -7.9629 		-4.1614 		4
v -7.9509 		-4.208 		4
v -7.9372 		-4.251 		4
v -7.9221 		-4.2908 		4
v -7.9058 		-4.3274 		4
v -7.8881 		-4.3608 		4
v -7.8692 		-4.3911 		4
v -7.8489 		-4.4181 		4
v -7.8273 		-4.4423 		4
v -7.8044 		-4.464 		4
v -7.7802 		-4.4831 		4
v -7.7547 		-4.4996 		4
v -7.7278 		-4.5136 		4
v -7.6997 		-4.5251 		4
v -7.672 		-4.5344 		4
v -7.6439 		-4.5421 		4
v -7.6153 		-4.548 		4
v -7.5863 		-4.5523 		4
v -7.5569 		-4.5548 		4
v -7.527 		-4.5557 		4
v -7.4881 		-4.5538 		4
v -7.4498 		-4.548 		4
v -7.4122 		-4.5385 		4
v -7.3752 		-4.5251 		4
v -7.3389 		-4.5079 		4
v -7.3032 		-4.4869 		4
v -7.2688 		-4.4622 		4
v -7.2361 		-4.4338 		4
v -7.2051 		-4.4019 		4
v -7.1759 		-4.3663 		4
v -7.1484 		-4.3272 		4
v -7.1227 		-4.2844 		4
v -7.0975 		-4.2381 		4
v -7.0743 		-4.1884 		4
v -7.053 		-4.1354 		4
v -7.0337 		-4.0789 		4
v -7.0164 		-4.019 		4
v -7.001 		-3.9558 		4
v -6.9866 		-3.888 		4
v -6.9748 		-3.817 		4
v -6.9657 		-3.7428 		4
v -6.9591 		-3.6654 		4
v -6.9552 		-3.5848 		4
v -6.9539 		-3.5011 		4
v -6.9561 		-3.4105 		4
v -6.9626 		-3.3219 		4
v -6.9735 		-3.2355 		4
v -6.9888 		-3.1513 		4
v -7.0084 		-3.0691 		4
v -7.0324 		-2.9891 		4
v -7.0602 		-2.9108 		4
v -7.0939 		-2.8362 		4
v -7.1335 		-2.7656 		4
v -7.1789 		-2.6987 		4
v -7.2303 		-2.6356 		4
v -7.2875 		-2.5764 		4
v -7.3497 		-2.52 		4
v -7.4184 		-2.4677 		4
v -7.4936 		-2.4198 		4
v -7.5754 		-2.376 		4
v -7.6637 		-2.3365 		4
v -7.7586 		-2.3013 		4
v -7.862 		-2.271 		4
v -7.9732 		-2.2461 		4
v -8.0922 		-2.2268 		4
v -8.2192 		-2.213 		4
v -8.3539 		-2.2047 		4
v -8.4966 		-2.202 		4
v -8.6329 		-2.2046 		4
v -8.7617 		-2.2126 		4
v -8.8832 		-2.2258 		4
v -8.9973 		-2.2444 		4
v -9.1039 		-2.2683 		4
v -9.2031 		-2.2975 		4
v -9.2957 		-2.3315 		4
v -9.3824 		-2.3697 		4
v -9.4632 		-2.4121 		4
v -9.5381 		-2.4588 		4
v -9.6071 		-2.5098 		4
v -9.6703 		-2.565 		4
v -9.7264 		-2.6253 		4
v -9.7771 		-2.6893 		4
v -9.8224 		-2.757 		4
v -9.8622 		-2.8282 		4
v -9.8965 		-2.903 		4
v -9.9254 		-2.9814 		4
v -9.9482 		-3.0632 		4
v -9.9669 		-3.1479 		4
v -9.9814 		-3.2355 		4
v -9.9917 		-3.3262 		4
v -9.2132 		-4.3846 		4
v -7.8995 		-3.8658 		4
v -9.2424 		-4.3656 		4
v -7.8548 		-3.8631 		4
v -9.2707 		-4.3451 		4
v -7.8105 		-3.8594 		4
v -9.2982 		-4.3231 		4
v -7.7667 		-3.8546 		4
v -7.7233 		-3.8488 		4
v -9.3248 		-4.2997 		4
v -7.6811 		-3.843 		4
v -9.3517 		-4.2736 		4
v -7.6408 		-3.8356 		4
v -9.3772 		-4.2462 		4
v -7.6026 		-3.8268 		4
v -9.4014 		-4.2175 		4
v -9.4243 		-4.1876 		4
v -7.5662 		-3.8165 		4
v -9.4459 		-4.1564 		4
v -7.5319 		-3.8048 		4
v -9.4661 		-4.1239 		4
v -7.4995 		-3.7915 		4
v -9.4862 		-4.0913 		4
v -7.4691 		-3.778 		4
v -9.5045 		-4.0573 		4
v -7.4406 		-3.763 		4
v -9.5211 		-4.0217 		4
v -7.4141 		-3.7466 		4
v -9.5359 		-3.9847 		4
v -7.3896 		-3.7287 		4
v -9.549 		-3.9461 		4
v -7.367 		-3.7092 		4
v -9.5604 		-3.9061 		4
v -7.3464 		-3.6883 		4
v -9.5699 		-3.8661 		4
v -7.3284 		-3.6656 		4
v -9.5778 		-3.825 		4
v -7.3137 		-3.6408 		4
v -9.5839 		-3.7829 		4
v -7.3023 		-3.6138 		4
v -9.5883 		-3.7397 		4
v -7.2941 		-3.5847 		4
v -9.5909 		-3.6954 		4
v -7.2892 		-3.5535 		4
v -9.5918 		-3.6501 		4
v -7.2875 		-3.5202 		4
v -9.5842 		-3.5432 		4
v -7.2892 		-3.4826 		4
v -9.5617 		-3.4467 		4
v -7.2941 		-3.4463 		4
v -9.524 		-3.3607 		4
v -7.3023 		-3.4113 		4
v -9.4714 		-3.285 		4
v -7.3137 		-3.3775 		4
v -9.4037 		-3.2197 		4
v -7.3284 		-3.3451 		4
v -9.3209 		-3.1648 		4
v -7.3464 		-3.3139 		4
v -7.3682 		-3.2829 		4
v -9.2216 		-3.1205 		4
v -7.3944 		-3.2536 		4
v -9.1067 		-3.0842 		4
v -7.4249 		-3.226 		4
v -8.9764 		-3.0559 		4
v -7.4598 		-3.2001 		4
v -8.8307 		-3.0358 		4
v -7.4991 		-3.1759 		4
v -8.6694 		-3.0237 		4
v -7.5427 		-3.1534 		4
v -8.4926 		-3.0197 		4
v -8.3795 		-3.0206 		4
v -7.5911 		-3.1326 		4
v -8.2728 		-3.0235 		4
v -7.6447 		-3.1135 		4
v -8.1727 		-3.0282 		4
v -7.7036 		-3.0961 		4
v -8.0792 		-3.0349 		4
v -7.7677 		-3.0804 		4
v -7.9921 		-3.0435 		4
v -7.8371 		-3.0664 		4
v -7.9117 		-3.054 		4
v -9.6546 		-6.6305 		5
v -9.945 		-6.6305 		5
v -9.945 		-4.8575 		5
v -8.2276 		-6.0917 		5
v -8.2554 		-6.0917 		5
v -8.2816 		-6.0917 		5
v -7.7633 		-6.7612 		5
v -7.735 		-6.7566 		5
v -7.7071 		-6.7522 		5
v -7.9236 		-6.8748 		5
v -7.9274 		-6.7718 		5
v -7.8915 		-6.7714 		5
v -7.893 		-7.0565 		5
v -7.9121 		-6.9697 		5
v -7.832 		-7.2059 		5
v -7.8663 		-7.1352 		5
v -7.741 		-7.3223 		5
v -7.79 		-7.2686 		5
v -7.6241 		-7.4004 		5
v -7.6857 		-7.3662 		5
v -7.482 		-7.4394 		5
v -7.5562 		-7.4248 		5
v -7.3322 		-7.4402 		5
v -7.4014 		-7.4443 		5
v -7.211 		-7.4071 		5
v -7.2688 		-7.4278 		5
v -7.1124 		-7.3408 		5
v -7.1589 		-7.3781 		5
v -7.0369 		-7.2421 		5
v -7.0716 		-7.2953 		5
v -6.9863 		-7.1071 		5
v -7.0084 		-7.1794 		5
v -6.961 		-6.9339 		5
v -6.9705 		-7.0253 		5
v -6.9587 		-6.7806 		5
v -6.9578 		-6.833 		5
v -6.9657 		-6.683 		5
v -6.9613 		-6.7307 		5
v -6.9796 		-6.5947 		5
v -6.9718 		-6.6377 		5
v -7.0005 		-6.5154 		5
v -6.9892 		-6.554 		5
v -7.0285 		-6.4432 		5
v -7.0136 		-6.4785 		5
v -7.0634 		-6.3779 		5
v -7.045 		-6.4097 		5
v -7.1051 		-6.3192 		5
v -7.0834 		-6.3477 		5
v -7.1531 		-6.2665 		5
v -7.1283 		-6.2921 		5
v -7.2072 		-6.2198 		5
v -7.1794 		-6.2424 		5
v -7.2687 		-6.1785 		5
v -7.2365 		-6.1987 		5
v -7.3376 		-6.1395 		5
v -7.3024 		-6.1588 		5
v -7.4126 		-6.1021 		5
v -7.3743 		-6.1206 		5
v -7.0245 		-4.8881 		5
v -7.0245 		-5.9541 		5
v -7.4524 		-6.0573 		5
v -7.3155 		-4.918 		5
v -7.315 		-4.8881 		5
v -7.3354 		-5.0722 		5
v -7.3307 		-5.0486 		5
v -7.3259 		-5.025 		5
v -9.6546 		-4.8575 		5
v -9.6546 		-4.8728 		5
v -9.6546 		-6.4585 		5
v -8.1982 		-6.0917 		5
v -7.8572 		-6.7701 		5
v -7.4524 		-6.0841 		5
v -7.3168 		-4.9467 		5
v -9.6542 		-4.9018 		5
v -9.6542 		-6.4333 		5
v -7.8243 		-6.768 		5
v -7.3189 		-4.9741 		5
v -9.6533 		-4.9301 		5
v -9.6533 		-6.4084 		5
v -7.793 		-6.765 		5
v -7.322 		-5.0002 		5
v -9.6516 		-4.9578 		5
v -9.6516 		-6.384 		5
v -9.6493 		-4.9849 		5
v -9.6493 		-6.36 		5
v -9.6464 		-5.0113 		5
v -9.6464 		-6.3365 		5
v -7.681 		-6.7468 		5
v -9.6428 		-5.0371 		5
v -9.6428 		-6.3133 		5
v -7.6565 		-6.7403 		5
v -7.3416 		-5.0949 		5
v -9.638 		-5.062 		5
v -9.6382 		-6.2909 		5
v -7.6338 		-6.7328 		5
v -7.3494 		-5.1164 		5
v -9.6314 		-5.0855 		5
v -9.6323 		-6.2696 		5
v -7.6129 		-6.7242 		5
v -7.3586 		-5.1369 		5
v -9.6232 		-5.1078 		5
v -9.6251 		-6.2493 		5
v -7.3694 		-5.1563 		5
v -9.6131 		-5.1288 		5
v -9.6166 		-6.2301 		5
v -7.5937 		-6.7145 		5
v -7.3817 		-5.1747 		5
v -9.6014 		-5.1486 		5
v -9.6068 		-6.212 		5
v -7.5761 		-6.7049 		5
v -7.3958 		-5.1906 		5
v -9.5878 		-5.167 		5
v -9.5957 		-6.1949 		5
v -7.5597 		-6.6937 		5
v -7.4118 		-5.2052 		5
v -9.5737 		-5.1842 		5
v -9.5817 		-6.1789 		5
v -7.5447 		-6.6811 		5
v -7.4298 		-5.2186 		5
v -9.5573 		-5.2001 		5
v -9.566 		-6.1643 		5
v -7.5309 		-6.667 		5
v -7.4498 		-5.2307 		5
v -7.5185 		-6.6514 		5
v -7.4717 		-5.2415 		5
v -9.5388 		-5.2148 		5
v -7.5074 		-6.6343 		5
v -9.518 		-5.2282 		5
v -7.499 		-6.617 		5
v -7.4956 		-5.2511 		5
v -9.4951 		-5.2403 		5
v -7.4921 		-6.5982 		5
v -7.5206 		-5.2604 		5
v -9.4701 		-5.2511 		5
v -7.4868 		-6.5779 		5
v -7.5484 		-5.2681 		5
v -9.4426 		-5.2604 		5
v -7.4829 		-6.5562 		5
v -7.579 		-5.274 		5
v -9.4125 		-5.2681 		5
v -7.4806 		-6.5329 		5
v -7.6125 		-5.2783 		5
v -9.3798 		-5.274 		5
v -7.4799 		-6.5082 		5
v -7.6488 		-5.2808 		5
v -9.3445 		-5.2783 		5
v -7.4812 		-6.4772 		5
v -7.6879 		-5.2817 		5
v -9.3065 		-5.2808 		5
v -7.4851 		-6.4479 		5
v -9.2659 		-5.2817 		5
v -7.4917 		-6.4203 		5
v -9.5486 		-6.1509 		5
v -7.5008 		-6.3944 		5
v -9.5294 		-6.1388 		5
v -7.5126 		-6.3702 		5
v -9.5085 		-6.128 		5
v -7.527 		-6.3477 		5
v -9.4858 		-6.1185 		5
v -7.5435 		-6.3253 		5
v -9.4597 		-6.1103 		5
v -7.5614 		-6.304 		5
v -9.4313 		-6.1036 		5
v -7.581 		-6.2837 		5
v -9.4004 		-6.0984 		5
v -7.602 		-6.2645 		5
v -9.3671 		-6.0947 		5
v -7.6246 		-6.2463 		5
v -9.3315 		-6.0924 		5
v -7.6487 		-6.2293 		5
v -9.2934 		-6.0917 		5
v -7.6753 		-6.2144 		5
v -8.3513 		-6.0917 		5
v -7.7028 		-6.2004 		5
v -8.3296 		-6.0917 		5
v -7.7311 		-6.1872 		5
v -8.3064 		-6.0917 		5
v -7.7603 		-6.1749 		5
v -7.7904 		-6.1635 		5
v -8.1691 		-6.0921 		5
v -7.8214 		-6.1528 		5
v -8.1394 		-6.0934 		5
v -7.8529 		-6.1431 		5
v -8.1089 		-6.0955 		5
v -7.8846 		-6.1342 		5
v -8.0779 		-6.0985 		5
v -7.9166 		-6.1261 		5
v -8.0461 		-6.1023 		5
v -7.9488 		-6.1189 		5
v -8.0137 		-6.107 		5
v -7.9811 		-6.1125 		5
v -9.945 		-4.8575 		4
v -9.945 		-6.6305 		4
v -9.6546 		-6.6305 		4
v -8.2816 		-6.0917 		4
v -8.2554 		-6.0917 		4
v -8.2276 		-6.0917 		4
v -7.7071 		-6.7522 		4
v -7.735 		-6.7566 		4
v -7.7633 		-6.7612 		4
v -7.8915 		-6.7714 		4
v -7.9274 		-6.7718 		4
v -7.9236 		-6.8748 		4
v -7.9121 		-6.9697 		4
v -7.893 		-7.0565 		4
v -7.8663 		-7.1352 		4
v -7.832 		-7.2059 		4
v -7.79 		-7.2686 		4
v -7.741 		-7.3223 		4
v -7.6857 		-7.3662 		4
v -7.6241 		-7.4004 		4
v -7.5562 		-7.4248 		4
v -7.482 		-7.4394 		4
v -7.4014 		-7.4443 		4
v -7.3322 		-7.4402 		4
v -7.2688 		-7.4278 		4
v -7.211 		-7.4071 		4
v -7.1589 		-7.3781 		4
v -7.1124 		-7.3408 		4
v -7.0716 		-7.2953 		4
v -7.0369 		-7.2421 		4
v -7.0084 		-7.1794 		4
v -6.9863 		-7.1071 		4
v -6.9705 		-7.0253 		4
v -6.961 		-6.9339 		4
v -6.9578 		-6.833 		4
v -6.9587 		-6.7806 		4
v -6.9613 		-6.7307 		4
v -6.9657 		-6.683 		4
v -6.9718 		-6.6377 		4
v -6.9796 		-6.5947 		4
v -6.9892 		-6.554 		4
v -7.0005 		-6.5154 		4
v -7.0136 		-6.4785 		4
v -7.0285 		-6.4432 		4
v -7.045 		-6.4097 		4
v -7.0634 		-6.3779 		4
v -7.0834 		-6.3477 		4
v -7.1051 		-6.3192 		4
v -7.1283 		-6.2921 		4
v -7.1531 		-6.2665 		4
v -7.1794 		-6.2424 		4
v -7.2072 		-6.2198 		4
v -7.2365 		-6.1987 		4
v -7.2687 		-6.1785 		4
v -7.3024 		-6.1588 		4
v -7.3376 		-6.1395 		4
v -7.3743 		-6.1206 		4
v -7.4126 		-6.1021 		4
v -7.4524 		-6.0573 		4
v -7.0245 		-5.9541 		4
v -7.0245 		-4.8881 		4
v -7.315 		-4.8881 		4
v -7.3155 		-4.918 		4
v -7.3259 		-5.025 		4
v -7.3307 		-5.0486 		4
v -7.3354 		-5.0722 		4
v -9.6546 		-4.8728 		4
v -9.6546 		-4.8575 		4
v -9.6546 		-6.4585 		4
v -8.1982 		-6.0917 		4
v -7.8572 		-6.7701 		4
v -7.4524 		-6.0841 		4
v -7.3168 		-4.9467 		4
v -9.6542 		-4.9018 		4
v -9.6542 		-6.4333 		4
v -7.8243 		-6.768 		4
v -7.3189 		-4.9741 		4
v -9.6533 		-4.9301 		4
v -9.6533 		-6.4084 		4
v -7.793 		-6.765 		4
v -7.322 		-5.0002 		4
v -9.6516 		-4.9578 		4
v -9.6516 		-6.384 		4
v -9.6493 		-4.9849 		4
v -9.6493 		-6.36 		4
v -9.6464 		-5.0113 		4
v -9.6464 		-6.3365 		4
v -7.681 		-6.7468 		4
v -9.6428 		-5.0371 		4
v -9.6428 		-6.3133 		4
v -7.6565 		-6.7403 		4
v -7.3416 		-5.0949 		4
v -9.638 		-5.062 		4
v -9.6382 		-6.2909 		4
v -7.6338 		-6.7328 		4
v -7.3494 		-5.1164 		4
v -9.6314 		-5.0855 		4
v -9.6323 		-6.2696 		4
v -7.6129 		-6.7242 		4
v -7.3586 		-5.1369 		4
v -9.6232 		-5.1078 		4
v -9.6251 		-6.2493 		4
v -7.3694 		-5.1563 		4
v -9.6131 		-5.1288 		4
v -9.6166 		-6.2301 		4
v -7.5937 		-6.7145 		4
v -7.3817 		-5.1747 		4
v -9.6014 		-5.1486 		4
v -9.6068 		-6.212 		4
v -7.5761 		-6.7049 		4
v -7.3958 		-5.1906 		4
v -9.5878 		-5.167 		4
v -9.5957 		-6.1949 		4
v -7.5597 		-6.6937 		4
v -7.4118 		-5.2052 		4
v -9.5737 		-5.1842 		4
v -9.5817 		-6.1789 		4
v -7.5447 		-6.6811 		4
v -7.4298 		-5.2186 		4
v -9.5573 		-5.2001 		4
v -9.566 		-6.1643 		4
v -7.5309 		-6.667 		4
v -7.4498 		-5.2307 		4
v -7.5185 		-6.6514 		4
v -7.4717 		-5.2415 		4
v -9.5388 		-5.2148 		4
v -7.5074 		-6.6343 		4
v -9.518 		-5.2282 		4
v -7.499 		-6.617 		4
v -7.4956 		-5.2511 		4
v -9.4951 		-5.2403 		4
v -7.4921 		-6.5982 		4
v -7.5206 		-5.2604 		4
v -9.4701 		-5.2511 		4
v -7.4868 		-6.5779 		4
v -7.5484 		-5.2681 		4
v -9.4426 		-5.2604 		4
v -7.4829 		-6.5562 		4
v -7.579 		-5.274 		4
v -9.4125 		-5.2681 		4
v -7.4806 		-6.5329 		4
v -7.6125 		-5.2783 		4
v -9.3798 		-5.274 		4
v -7.4799 		-6.5082 		4
v -7.6488 		-5.2808 		4
v -9.3445 		-5.2783 		4
v -7.4812 		-6.4772 		4
v -7.6879 		-5.2817 		4
v -9.3065 		-5.2808 		4
v -7.4851 		-6.4479 		4
v -9.2659 		-5.2817 		4
v -7.4917 		-6.4203 		4
v -9.5486 		-6.1509 		4
v -7.5008 		-6.3944 		4
v -9.5294 		-6.1388 		4
v -7.5126 		-6.3702 		4
v -9.5085 		-6.128 		4
v -7.527 		-6.3477 		4
v -9.4858 		-6.1185 		4
v -7.5435 		-6.3253 		4
v -9.4597 		-6.1103 		4
v -7.5614 		-6.304 		4
v -9.4313 		-6.1036 		4
v -7.581 		-6.2837 		4
v -9.4004 		-6.0984 		4
v -7.602 		-6.2645 		4
v -9.3671 		-6.0947 		4
v -7.6246 		-6.2463 		4
v -9.3315 		-6.0924 		4
v -7.6487 		-6.2293 		4
v -9.2934 		-6.0917 		4
v -7.6753 		-6.2144 		4
v -8.3513 		-6.0917 		4
v -7.7028 		-6.2004 		4
v -8.3296 		-6.0917 		4
v -7.7311 		-6.1872 		4
v -8.3064 		-6.0917 		4
v -7.7603 		-6.1749 		4
v -7.7904 		-6.1635 		4
v -8.1691 		-6.0921 		4
v -7.8214 		-6.1528 		4
v -8.1394 		-6.0934 		4
v -7.8529 		-6.1431 		4
v -8.1089 		-6.0955 		4
v -7.8846 		-6.1342 		4
v -8.0779 		-6.0985 		4
v -7.9166 		-6.1261 		4
v -8.0461 		-6.1023 		4
v -7.9488 		-6.1189 		4
v -8.0137 		-6.107 		4
v -7.9811 		-6.1125 		4
v -9.9943 		-9.3208 		5
v -9.9986 		-9.2368 		5
v -10 		-9.1485 		5
v -9.9773 		-9.4762 		5
v -9.9872 		-9.4007 		5
v -9.949 		-9.6146 		5
v -9.9646 		-9.5475 		5
v -9.9163 		-9.7373 		5
v -9.9336 		-9.6778 		5
v -9.8757 		-9.8456 		5
v -9.897 		-9.7933 		5
v -9.8273 		-9.9394 		5
v -9.8525 		-9.8943 		5
v -9.7701 		-10.0184 		5
v -9.7993 		-9.9808 		5
v -9.7086 		-10.0821 		5
v -9.7399 		-10.0521 		5
v -9.6428 		-10.1305 		5
v -9.6763 		-10.1082 		5
v -9.5708 		-10.1665 		5
v -9.6071 		-10.1503 		5
v -9.4962 		-10.1882 		5
v -9.5339 		-10.1792 		5
v -9.419 		-10.1954 		5
v -9.458 		-10.1936 		5
v -9.3056 		-10.1793 		5
v -9.3593 		-10.1914 		5
v -9.2167 		-10.1309 		5
v -9.2581 		-10.1591 		5
v -9.1521 		-10.0502 		5
v -9.1813 		-10.0946 		5
v -8.2689 		-10.333 		5
v -8.5476 		-10.333 		5
v -8.5476 		-8.5983 		5
v -8.0626 		-10.3232 		5
v -8.1637 		-10.3305 		5
v -7.8729 		-10.2939 		5
v -7.9657 		-10.311 		5
v -7.6997 		-10.2451 		5
v -7.7842 		-10.2719 		5
v -7.5462 		-10.1806 		5
v -7.6208 		-10.2149 		5
v -7.4101 		-10.099 		5
v -7.476 		-10.1419 		5
v -7.2915 		-10.0005 		5
v -7.3486 		-10.0519 		5
v -7.1907 		-9.8855 		5
v -7.2388 		-9.945 		5
v -7.1083 		-9.7543 		5
v -7.1472 		-9.8219 		5
v -7.0442 		-9.607 		5
v -7.0739 		-9.6827 		5
v -6.9962 		-9.4478 		5
v -7.0178 		-9.529 		5
v -6.9674 		-9.2758 		5
v -6.9794 		-9.3634 		5
v -6.9578 		-9.0912 		5
v -6.9602 		-9.1851 		5
v -6.9687 		-8.8899 		5
v -6.9605 		-8.9886 		5
v -7.0014 		-8.704 		5
v -6.9823 		-8.795 		5
v -7.0559 		-8.5333 		5
v -7.026 		-8.6167 		5
v -7.1318 		-8.3788 		5
v -7.0913 		-8.4539 		5
v -7.2287 		-8.2412 		5
v -7.1776 		-8.3079 		5
v -7.3464 		-8.1206 		5
v -7.2849 		-8.1788 		5
v -7.4877 		-8.0175 		5
v -7.4145 		-8.0668 		5
v -7.65 		-7.9321 		5
v -7.5662 		-7.9726 		5
v -7.8332 		-7.8646 		5
v -7.739 		-7.8962 		5
v -8.0369 		-7.8158 		5
v -7.9325 		-7.8378 		5
v -8.2606 		-7.7865 		5
v -8.1462 		-7.7987 		5
v -8.06 		-8.6133 		5
v -8.1982 		-8.6097 		5
v -8.1982 		-9.5229 		5
v -8.5044 		-7.7767 		5
v -8.38 		-7.7792 		5
v -8.7338 		-7.7865 		5
v -8.6213 		-7.7792 		5
v -8.9458 		-7.8158 		5
v -8.842 		-7.7987 		5
v -9.1403 		-7.8646 		5
v -9.0453 		-7.8378 		5
v -9.3144 		-7.9326 		5
v -9.2296 		-7.8963 		5
v -9.4701 		-8.0192 		5
v -9.3945 		-7.9735 		5
v -9.6075 		-8.1245 		5
v -9.5411 		-8.0695 		5
v -9.7257 		-8.2488 		5
v -9.6691 		-8.1842 		5
v -9.8238 		-8.3928 		5
v -9.7772 		-8.3184 		5
v -9.9019 		-8.5562 		5
v -9.8653 		-8.4721 		5
v -9.9564 		-8.7358 		5
v -9.9319 		-8.6438 		5
v -9.9891 		-8.9332 		5
v -9.9755 		-8.8323 		5
v -9.9973 		-9.0386 		5
v -9.1831 		-10.0342 		5
v -7.933 		-8.6242 		5
v -9.2132 		-10.0167 		5
v -7.8175 		-8.6422 		5
v -9.2424 		-9.9977 		5
v -7.7132 		-8.6675 		5
v -9.2707 		-9.9772 		5
v -7.6203 		-8.6999 		5
v -9.2982 		-9.9552 		5
v -7.5388 		-8.7396 		5
v -9.3248 		-9.9318 		5
v -7.4692 		-8.7868 		5
v -9.3517 		-9.9081 		5
v -7.4123 		-8.839 		5
v -9.3772 		-9.8829 		5
v -7.368 		-8.8963 		5
v -9.4014 		-9.8563 		5
v -7.3364 		-8.9587 		5
v -9.4243 		-9.8282 		5
v -9.4459 		-9.7986 		5
v -7.3174 		-9.0262 		5
v -9.4661 		-9.7675 		5
v -7.3111 		-9.0988 		5
v -9.4862 		-9.735 		5
v -7.3128 		-9.1361 		5
v -9.5045 		-9.7012 		5
v -7.3181 		-9.1714 		5
v -9.5211 		-9.6662 		5
v -7.3268 		-9.2048 		5
v -9.5359 		-9.6299 		5
v -7.339 		-9.2364 		5
v -9.549 		-9.5923 		5
v -7.3547 		-9.266 		5
v -9.5604 		-9.5535 		5
v -9.5699 		-9.5146 		5
v -7.3739 		-9.2937 		5
v -7.3962 		-9.3196 		5
v -9.5778 		-9.4745 		5
v -7.4214 		-9.3438 		5
v -9.5839 		-9.4331 		5
v -7.4495 		-9.3663 		5
v -9.5883 		-9.3905 		5
v -7.4803 		-9.3871 		5
v -9.5909 		-9.3465 		5
v -7.514 		-9.4062 		5
v -9.5918 		-9.3013 		5
v -7.5505 		-9.4236 		5
v -9.5901 		-9.2464 		5
v -7.5899 		-9.4394 		5
v -9.5852 		-9.1939 		5
v -7.6321 		-9.4537 		5
v -9.577 		-9.1437 		5
v -7.6771 		-9.4666 		5
v -9.5656 		-9.0958 		5
v -7.725 		-9.4779 		5
v -9.5509 		-9.0503 		5
v -7.7757 		-9.4878 		5
v -9.5329 		-9.0071 		5
v -7.8292 		-9.4962 		5
v -9.5102 		-8.9649 		5
v -7.8853 		-9.5044 		5
v -9.484 		-8.9247 		5
v -7.9435 		-9.511 		5
v -9.4544 		-8.8867 		5
v -8.0039 		-9.5162 		5
v -8.0665 		-9.52 		5
v -9.4212 		-8.8509 		5
v -8.1313 		-9.5222 		5
v -9.3846 		-8.8171 		5
v -9.3445 		-8.7855 		5
v -9.2994 		-8.7572 		5
v -9.2507 		-8.7311 		5
v -8.637 		-8.5996 		5
v -9.1982 		-8.7072 		5
v -8.7221 		-8.6038 		5
v -9.1421 		-8.6853 		5
v -8.8027 		-8.6107 		5
v -9.0822 		-8.6655 		5
v -8.8791 		-8.6203 		5
v -9.0186 		-8.6479 		5
v -8.951 		-8.6327 		5
v -10 		-9.1485 		4
v -9.9986 		-9.2368 		4
v -9.9943 		-9.3208 		4
v -9.9872 		-9.4007 		4
v -9.9773 		-9.4762 		4
v -9.9646 		-9.5475 		4
v -9.949 		-9.6146 		4
v -9.9336 		-9.6778 		4
v -9.9163 		-9.7373 		4
v -9.897 		-9.7933 		4
v -9.8757 		-9.8456 		4
v -9.8525 		-9.8943 		4
v -9.8273 		-9.9394 		4
v -9.7993 		-9.9808 		4
v -9.7701 		-10.0184 		4
v -9.7399 		-10.0521 		4
v -9.7086 		-10.0821 		4
v -9.6763 		-10.1082 		4
v -9.6428 		-10.1305 		4
v -9.6071 		-10.1503 		4
v -9.5708 		-10.1665 		4
v -9.5339 		-10.1792 		4
v -9.4962 		-10.1882 		4
v -9.458 		-10.1936 		4
v -9.419 		-10.1954 		4
v -9.3593 		-10.1914 		4
v -9.3056 		-10.1793 		4
v -9.2581 		-10.1591 		4
v -9.2167 		-10.1309 		4
v -9.1813 		-10.0946 		4
v -9.1521 		-10.0502 		4
v -8.5476 		-8.5983 		4
v -8.5476 		-10.333 		4
v -8.2689 		-10.333 		4
v -8.1637 		-10.3305 		4
v -8.0626 		-10.3232 		4
v -7.9657 		-10.311 		4
v -7.8729 		-10.2939 		4
v -7.7842 		-10.2719 		4
v -7.6997 		-10.2451 		4
v -7.6208 		-10.2149 		4
v -7.5462 		-10.1806 		4
v -7.476 		-10.1419 		4
v -7.4101 		-10.099 		4
v -7.3486 		-10.0519 		4
v -7.2915 		-10.0005 		4
v -7.2388 		-9.945 		4
v -7.1907 		-9.8855 		4
v -7.1472 		-9.8219 		4
v -7.1083 		-9.7543 		4
v -7.0739 		-9.6827 		4
v -7.0442 		-9.607 		4
v -7.0178 		-9.529 		4
v -6.9962 		-9.4478 		4
v -6.9794 		-9.3634 		4
v -6.9674 		-9.2758 		4
v -6.9602 		-9.1851 		4
v -6.9578 		-9.0912 		4
v -6.9605 		-8.9886 		4
v -6.9687 		-8.8899 		4
v -6.9823 		-8.795 		4
v -7.0014 		-8.704 		4
v -7.026 		-8.6167 		4
v -7.0559 		-8.5333 		4
v -7.0913 		-8.4539 		4
v -7.1318 		-8.3788 		4
v -7.1776 		-8.3079 		4
v -7.2287 		-8.2412 		4
v -7.2849 		-8.1788 		4
v -7.3464 		-8.1206 		4
v -7.4145 		-8.0668 		4
v -7.4877 		-8.0175 		4
v -7.5662 		-7.9726 		4
v -7.65 		-7.9321 		4
v -7.739 		-7.8962 		4
v -7.8332 		-7.8646 		4
v -7.9325 		-7.8378 		4
v -8.0369 		-7.8158 		4
v -8.1462 		-7.7987 		4
v -8.2606 		-7.7865 		4
v -8.1982 		-8.6097 		4
v -8.06 		-8.6133 		4
v -8.1982 		-9.5229 		4
v -8.38 		-7.7792 		4
v -8.5044 		-7.7767 		4
v -8.6213 		-7.7792 		4
v -8.7338 		-7.7865 		4
v -8.842 		-7.7987 		4
v -8.9458 		-7.8158 		4
v -9.0453 		-7.8378 		4
v -9.1403 		-7.8646 		4
v -9.2296 		-7.8963 		4
v -9.3144 		-7.9326 		4
v -9.3945 		-7.9735 		4
v -9.4701 		-8.0192 		4
v -9.5411 		-8.0695 		4
v -9.6075 		-8.1245 		4
v -9.6691 		-8.1842 		4
v -9.7257 		-8.2488 		4
v -9.7772 		-8.3184 		4
v -9.8238 		-8.3928 		4
v -9.8653 		-8.4721 		4
v -9.9019 		-8.5562 		4
v -9.9319 		-8.6438 		4
v -9.9564 		-8.7358 		4
v -9.9755 		-8.8323 		4
v -9.9891 		-8.9332 		4
v -9.9973 		-9.0386 		4
v -9.1831 		-10.0342 		4
v -7.933 		-8.6242 		4
v -9.2132 		-10.0167 		4
v -7.8175 		-8.6422 		4
v -9.2424 		-9.9977 		4
v -7.7132 		-8.6675 		4
v -9.2707 		-9.9772 		4
v -7.6203 		-8.6999 		4
v -9.2982 		-9.9552 		4
v -7.5388 		-8.7396 		4
v -9.3248 		-9.9318 		4
v -7.4692 		-8.7868 		4
v -9.3517 		-9.9081 		4
v -7.4123 		-8.839 		4
v -9.3772 		-9.8829 		4
v -7.368 		-8.8963 		4
v -9.4014 		-9.8563 		4
v -7.3364 		-8.9587 		4
v -9.4243 		-9.8282 		4
v -9.4459 		-9.7986 		4
v -7.3174 		-9.0262 		4
v -9.4661 		-9.7675 		4
v -7.3111 		-9.0988 		4
v -9.4862 		-9.735 		4
v -7.3128 		-9.1361 		4
v -9.5045 		-9.7012 		4
v -7.3181 		-9.1714 		4
v -9.5211 		-9.6662 		4
v -7.3268 		-9.2048 		4
v -9.5359 		-9.6299 		4
v -7.339 		-9.2364 		4
v -9.549 		-9.5923 		4
v -7.3547 		-9.266 		4
v -9.5604 		-9.5535 		4
v -9.5699 		-9.5146 		4
v -7.3739 		-9.2937 		4
v -7.3962 		-9.3196 		4
v -9.5778 		-9.4745 		4
v -7.4214 		-9.3438 		4
v -9.5839 		-9.4331 		4
v -7.4495 		-9.3663 		4
v -9.5883 		-9.3905 		4
v -7.4803 		-9.3871 		4
v -9.5909 		-9.3465 		4
v -7.514 		-9.4062 		4
v -9.5918 		-9.3013 		4
v -7.5505 		-9.4236 		4
v -9.5901 		-9.2464 		4
v -7.5899 		-9.4394 		4
v -9.5852 		-9.1939 		4
v -7.6321 		-9.4537 		4
v -9.577 		-9.1437 		4
v -7.6771 		-9.4666 		4
v -9.5656 		-9.0958 		4
v -7.725 		-9.4779 		4
v -9.5509 		-9.0503 		4
v -7.7757 		-9.4878 		4
v -9.5329 		-9.0071 		4
v -7.8292 		-9.4962 		4
v -9.5102 		-8.9649 		4
v -7.8853 		-9.5044 		4
v -9.484 		-8.9247 		4
v -7.9435 		-9.511 		4
v -9.4544 		-8.8867 		4
v -8.0039 		-9.5162 		4
v -8.0665 		-9.52 		4
v -9.4212 		-8.8509 		4
v -8.1313 		-9.5222 		4
v -9.3846 		-8.8171 		4
v -9.3445 		-8.7855 		4
v -9.2994 		-8.7572 		4
v -9.2507 		-8.7311 		4
v -8.637 		-8.5996 		4
v -9.1982 		-8.7072 		4
v -8.7221 		-8.6038 		4
v -9.1421 		-8.6853 		4
v -8.8027 		-8.6107 		4
v -9.0822 		-8.6655 		4
v -8.8791 		-8.6203 		4
v -9.0186 		-8.6479 		4
v -8.951 		-8.6327 		4
v -9.9943 		-12.347 		5
v -9.9986 		-12.263 		5
v -10 		-12.1747 		5
v -9.9773 		-12.5024 		5
v -9.9872 		-12.4269 		5
v -9.949 		-12.6408 		5
v -9.9646 		-12.5738 		5
v -9.9163 		-12.7635 		5
v -9.9336 		-12.704 		5
v -9.8757 		-12.8718 		5
v -9.897 		-12.8195 		5
v -9.8273 		-12.9656 		5
v -9.8525 		-12.9205 		5
v -9.7701 		-13.0446 		5
v -9.7993 		-13.007 		5
v -9.7086 		-13.1083 		5
v -9.7399 		-13.0783 		5
v -9.6428 		-13.1567 		5
v -9.6763 		-13.1344 		5
v -9.5708 		-13.1927 		5
v -9.6071 		-13.1765 		5
v -9.4962 		-13.2144 		5
v -9.5339 		-13.2054 		5
v -9.419 		-13.2216 		5
v -9.458 		-13.2198 		5
v -9.3056 		-13.2055 		5
v -9.3593 		-13.2176 		5
v -9.2167 		-13.1571 		5
v -9.2581 		-13.1853 		5
v -9.1521 		-13.0764 		5
v -9.1813 		-13.1208 		5
v -8.2689 		-13.3592 		5
v -8.5476 		-13.3592 		5
v -8.5476 		-11.6245 		5
v -8.0626 		-13.3494 		5
v -8.1637 		-13.3567 		5
v -7.8729 		-13.3201 		5
v -7.9657 		-13.3372 		5
v -7.6997 		-13.2713 		5
v -7.7842 		-13.2981 		5
v -7.5462 		-13.2068 		5
v -7.6208 		-13.2411 		5
v -7.4101 		-13.1252 		5
v -7.476 		-13.1681 		5
v -7.2915 		-13.0267 		5
v -7.3486 		-13.0781 		5
v -7.1907 		-12.9117 		5
v -7.2388 		-12.9712 		5
v -7.1083 		-12.7805 		5
v -7.1472 		-12.8481 		5
v -7.0442 		-12.6332 		5
v -7.0739 		-12.7089 		5
v -6.9962 		-12.474 		5
v -7.0178 		-12.5552 		5
v -6.9674 		-12.302 		5
v -6.9794 		-12.3896 		5
v -6.9578 		-12.1174 		5
v -6.9602 		-12.2113 		5
v -6.9687 		-11.9161 		5
v -6.9605 		-12.0148 		5
v -7.0014 		-11.7302 		5
v -6.9823 		-11.8212 		5
v -7.0559 		-11.5595 		5
v -7.026 		-11.6429 		5
v -7.1318 		-11.405 		5
v -7.0913 		-11.4801 		5
v -7.2287 		-11.2674 		5
v -7.1776 		-11.3341 		5
v -7.3464 		-11.1468 		5
v -7.2849 		-11.205 		5
v -7.4877 		-11.0437 		5
v -7.4145 		-11.093 		5
v -7.65 		-10.9583 		5
v -7.5662 		-10.9988 		5
v -7.8332 		-10.8908 		5
v -7.739 		-10.9224 		5
v -8.0369 		-10.842 		5
v -7.9325 		-10.864 		5
v -8.2606 		-10.8127 		5
v -8.1462 		-10.8249 		5
v -8.06 		-11.6395 		5
v -8.1982 		-11.6359 		5
v -8.1982 		-12.5491 		5
v -8.5044 		-10.8029 		5
v -8.38 		-10.8054 		5
v -8.7338 		-10.8127 		5
v -8.6213 		-10.8054 		5
v -8.9458 		-10.842 		5
v -8.842 		-10.8249 		5
v -9.1403 		-10.8908 		5
v -9.0453 		-10.864 		5
v -9.3144 		-10.9588 		5
v -9.2296 		-10.9225 		5
v -9.4701 		-11.0454 		5
v -9.3945 		-10.9997 		5
v -9.6075 		-11.1507 		5
v -9.5411 		-11.0957 		5
v -9.7257 		-11.275 		5
v -9.6691 		-11.2104 		5
v -9.8238 		-11.419 		5
v -9.7772 		-11.3446 		5
v -9.9019 		-11.5824 		5
v -9.8653 		-11.4983 		5
v -9.9564 		-11.762 		5
v -9.9319 		-11.67 		5
v -9.9891 		-11.9594 		5
v -9.9755 		-11.8585 		5
v -9.9973 		-12.0648 		5
v -9.1831 		-13.0604 		5
v -7.933 		-11.6504 		5
v -9.2132 		-13.0429 		5
v -7.8175 		-11.6684 		5
v -9.2424 		-13.0239 		5
v -7.7132 		-11.6937 		5
v -9.2707 		-13.0034 		5
v -7.6203 		-11.7261 		5
v -9.2982 		-12.9814 		5
v -7.5388 		-11.7658 		5
v -9.3248 		-12.958 		5
v -7.4692 		-11.813 		5
v -9.3517 		-12.9343 		5
v -7.4123 		-11.8652 		5
v -9.3772 		-12.9091 		5
v -7.368 		-11.9225 		5
v -9.4014 		-12.8825 		5
v -7.3364 		-11.9849 		5
v -9.4243 		-12.8544 		5
v -9.4459 		-12.8248 		5
v -7.3174 		-12.0524 		5
v -9.4661 		-12.7937 		5
v -7.3111 		-12.125 		5
v -9.4862 		-12.7612 		5
v -7.3128 		-12.1623 		5
v -9.5045 		-12.7274 		5
v -7.3181 		-12.1976 		5
v -9.5211 		-12.6924 		5
v -7.3268 		-12.231 		5
v -9.5359 		-12.6561 		5
v -7.339 		-12.2626 		5
v -9.549 		-12.6185 		5
v -7.3547 		-12.2922 		5
v -9.5604 		-12.5797 		5
v -9.5699 		-12.5408 		5
v -7.3739 		-12.3199 		5
v -7.3962 		-12.3458 		5
v -9.5778 		-12.5007 		5
v -7.4214 		-12.37 		5
v -9.5839 		-12.4593 		5
v -7.4495 		-12.3925 		5
v -9.5883 		-12.4167 		5
v -7.4803 		-12.4133 		5
v -9.5909 		-12.3727 		5
v -7.514 		-12.4324 		5
v -9.5918 		-12.3275 		5
v -7.5505 		-12.4498 		5
v -9.5901 		-12.2726 		5
v -7.5899 		-12.4656 		5
v -9.5852 		-12.2201 		5
v -7.6321 		-12.4799 		5
v -9.577 		-12.1699 		5
v -7.6771 		-12.4928 		5
v -9.5656 		-12.122 		5
v -7.725 		-12.5041 		5
v -9.5509 		-12.0765 		5
v -7.7757 		-12.514 		5
v -9.5329 		-12.0333 		5
v -7.8292 		-12.5224 		5
v -9.5102 		-11.9911 		5
v -7.8853 		-12.5306 		5
v -9.484 		-11.9509 		5
v -7.9435 		-12.5372 		5
v -9.4544 		-11.9129 		5
v -8.0039 		-12.5424 		5
v -8.0665 		-12.5462 		5
v -9.4212 		-11.8771 		5
v -8.1313 		-12.5484 		5
v -9.3846 		-11.8433 		5
v -9.3445 		-11.8117 		5
v -9.2994 		-11.7834 		5
v -9.2507 		-11.7573 		5
v -8.637 		-11.6258 		5
v -9.1982 		-11.7334 		5
v -8.7221 		-11.63 		5
v -9.1421 		-11.7115 		5
v -8.8027 		-11.6369 		5
v -9.0822 		-11.6917 		5
v -8.8791 		-11.6465 		5
v -9.0186 		-11.6741 		5
v -8.951 		-11.6589 		5
v -10 		-12.1747 		4
v -9.9986 		-12.263 		4
v -9.9943 		-12.347 		4
v -9.9872 		-12.4269 		4
v -9.9773 		-12.5024 		4
v -9.9646 		-12.5738 		4
v -9.949 		-12.6408 		4
v -9.9336 		-12.704 		4
v -9.9163 		-12.7635 		4
v -9.897 		-12.8195 		4
v -9.8757 		-12.8718 		4
v -9.8525 		-12.9205 		4
v -9.8273 		-12.9656 		4
v -9.7993 		-13.007 		4
v -9.7701 		-13.0446 		4
v -9.7399 		-13.0783 		4
v -9.7086 		-13.1083 		4
v -9.6763 		-13.1344 		4
v -9.6428 		-13.1567 		4
v -9.6071 		-13.1765 		4
v -9.5708 		-13.1927 		4
v -9.5339 		-13.2054 		4
v -9.4962 		-13.2144 		4
v -9.458 		-13.2198 		4
v -9.419 		-13.2216 		4
v -9.3593 		-13.2176 		4
v -9.3056 		-13.2055 		4
v -9.2581 		-13.1853 		4
v -9.2167 		-13.1571 		4
v -9.1813 		-13.1208 		4
v -9.1521 		-13.0764 		4
v -8.5476 		-11.6245 		4
v -8.5476 		-13.3592 		4
v -8.2689 		-13.3592 		4
v -8.1637 		-13.3567 		4
v -8.0626 		-13.3494 		4
v -7.9657 		-13.3372 		4
v -7.8729 		-13.3201 		4
v -7.7842 		-13.2981 		4
v -7.6997 		-13.2713 		4
v -7.6208 		-13.2411 		4
v -7.5462 		-13.2068 		4
v -7.476 		-13.1681 		4
v -7.4101 		-13.1252 		4
v -7.3486 		-13.0781 		4
v -7.2915 		-13.0267 		4
v -7.2388 		-12.9712 		4
v -7.1907 		-12.9117 		4
v -7.1472 		-12.8481 		4
v -7.1083 		-12.7805 		4
v -7.0739 		-12.7089 		4
v -7.0442 		-12.6332 		4
v -7.0178 		-12.5552 		4
v -6.9962 		-12.474 		4
v -6.9794 		-12.3896 		4
v -6.9674 		-12.302 		4
v -6.9602 		-12.2113 		4
v -6.9578 		-12.1174 		4
v -6.9605 		-12.0148 		4
v -6.9687 		-11.9161 		4
v -6.9823 		-11.8212 		4
v -7.0014 		-11.7302 		4
v -7.026 		-11.6429 		4
v -7.0559 		-11.5595 		4
v -7.0913 		-11.4801 		4
v -7.1318 		-11.405 		4
v -7.1776 		-11.3341 		4
v -7.2287 		-11.2674 		4
v -7.2849 		-11.205 		4
v -7.3464 		-11.1468 		4
v -7.4145 		-11.093 		4
v -7.4877 		-11.0437 		4
v -7.5662 		-10.9988 		4
v -7.65 		-10.9583 		4
v -7.739 		-10.9224 		4
v -7.8332 		-10.8908 		4
v -7.9325 		-10.864 		4
v -8.0369 		-10.842 		4
v -8.1462 		-10.8249 		4
v -8.2606 		-10.8127 		4
v -8.1982 		-11.6359 		4
v -8.06 		-11.6395 		4
v -8.1982 		-12.5491 		4
v -8.38 		-10.8054 		4
v -8.5044 		-10.8029 		4
v -8.6213 		-10.8054 		4
v -8.7338 		-10.8127 		4
v -8.842 		-10.8249 		4
v -8.9458 		-10.842 		4
v -9.0453 		-10.864 		4
v -9.1403 		-10.8908 		4
v -9.2296 		-10.9225 		4
v -9.3144 		-10.9588 		4
v -9.3945 		-10.9997 		4
v -9.4701 		-11.0454 		4
v -9.5411 		-11.0957 		4
v -9.6075 		-11.1507 		4
v -9.6691 		-11.2104 		4
v -9.7257 		-11.275 		4
v -9.7772 		-11.3446 		4
v -9.8238 		-11.419 		4
v -9.8653 		-11.4983 		4
v -9.9019 		-11.5824 		4
v -9.9319 		-11.67 		4
v -9.9564 		-11.762 		4
v -9.9755 		-11.8585 		4
v -9.9891 		-11.9594 		4
v -9.9973 		-12.0648 		4
v -9.1831 		-13.0604 		4
v -7.933 		-11.6504 		4
v -9.2132 		-13.0429 		4
v -7.8175 		-11.6684 		4
v -9.2424 		-13.0239 		4
v -7.7132 		-11.6937 		4
v -9.2707 		-13.0034 		4
v -7.6203 		-11.7261 		4
v -9.2982 		-12.9814 		4
v -7.5388 		-11.7658 		4
v -9.3248 		-12.958 		4
v -7.4692 		-11.813 		4
v -9.3517 		-12.9343 		4
v -7.4123 		-11.8652 		4
v -9.3772 		-12.9091 		4
v -7.368 		-11.9225 		4
v -9.4014 		-12.8825 		4
v -7.3364 		-11.9849 		4
v -9.4243 		-12.8544 		4
v -9.4459 		-12.8248 		4
v -7.3174 		-12.0524 		4
v -9.4661 		-12.7937 		4
v -7.3111 		-12.125 		4
v -9.4862 		-12.7612 		4
v -7.3128 		-12.1623 		4
v -9.5045 		-12.7274 		4
v -7.3181 		-12.1976 		4
v -9.5211 		-12.6924 		4
v -7.3268 		-12.231 		4
v -9.5359 		-12.6561 		4
v -7.339 		-12.2626 		4
v -9.549 		-12.6185 		4
v -7.3547 		-12.2922 		4
v -9.5604 		-12.5797 		4
v -9.5699 		-12.5408 		4
v -7.3739 		-12.3199 		4
v -7.3962 		-12.3458 		4
v -9.5778 		-12.5007 		4
v -7.4214 		-12.37 		4
v -9.5839 		-12.4593 		4
v -7.4495 		-12.3925 		4
v -9.5883 		-12.4167 		4
v -7.4803 		-12.4133 		4
v -9.5909 		-12.3727 		4
v -7.514 		-12.4324 		4
v -9.5918 		-12.3275 		4
v -7.5505 		-12.4498 		4
v -9.5901 		-12.2726 		4
v -7.5899 		-12.4656 		4
v -9.5852 		-12.2201 		4
v -7.6321 		-12.4799 		4
v -9.577 		-12.1699 		4
v -7.6771 		-12.4928 		4
v -9.5656 		-12.122 		4
v -7.725 		-12.5041 		4
v -9.5509 		-12.0765 		4
v -7.7757 		-12.514 		4
v -9.5329 		-12.0333 		4
v -7.8292 		-12.5224 		4
v -9.5102 		-11.9911 		4
v -7.8853 		-12.5306 		4
v -9.484 		-11.9509 		4
v -7.9435 		-12.5372 		4
v -9.4544 		-11.9129 		4
v -8.0039 		-12.5424 		4
v -8.0665 		-12.5462 		4
v -9.4212 		-11.8771 		4
v -8.1313 		-12.5484 		4
v -9.3846 		-11.8433 		4
v -9.3445 		-11.8117 		4
v -9.2994 		-11.7834 		4
v -9.2507 		-11.7573 		4
v -8.637 		-11.6258 		4
v -9.1982 		-11.7334 		4
v -8.7221 		-11.63 		4
v -9.1421 		-11.7115 		4
v -8.8027 		-11.6369 		4
v -9.0822 		-11.6917 		4
v -8.8791 		-11.6465 		4
v -9.0186 		-11.6741 		4
v -8.951 		-11.6589 		4
v -9.9943 		-15.3732 		5
v -9.9986 		-15.2892 		5
v -10 		-15.2009 		5
v -9.9773 		-15.5286 		5
v -9.9872 		-15.4531 		5
v -9.949 		-15.667 		5
v -9.9646 		-15.6 		5
v -9.9163 		-15.7897 		5
v -9.9336 		-15.7302 		5
v -9.8757 		-15.898 		5
v -9.897 		-15.8457 		5
v -9.8273 		-15.9918 		5
v -9.8525 		-15.9467 		5
v -9.7701 		-16.0708 		5
v -9.7993 		-16.0332 		5
v -9.7086 		-16.1345 		5
v -9.7399 		-16.1045 		5
v -9.6428 		-16.1829 		5
v -9.6763 		-16.1606 		5
v -9.5708 		-16.2189 		5
v -9.6071 		-16.2027 		5
v -9.4962 		-16.2406 		5
v -9.5339 		-16.2316 		5
v -9.419 		-16.2478 		5
v -9.458 		-16.246 		5
v -9.3056 		-16.2317 		5
v -9.3593 		-16.2438 		5
v -9.2167 		-16.1833 		5
v -9.2581 		-16.2115 		5
v -9.1521 		-16.1026 		5
v -9.1813 		-16.147 		5
v -8.2689 		-16.3854 		5
v -8.5476 		-16.3854 		5
v -8.5476 		-14.6507 		5
v -8.0626 		-16.3756 		5
v -8.1637 		-16.3829 		5
v -7.8729 		-16.3463 		5
v -7.9657 		-16.3634 		5
v -7.6997 		-16.2975 		5
v -7.7842 		-16.3243 		5
v -7.5462 		-16.233 		5
v -7.6208 		-16.2673 		5
v -7.4101 		-16.1514 		5
v -7.476 		-16.1943 		5
v -7.2915 		-16.0529 		5
v -7.3486 		-16.1043 		5
v -7.1907 		-15.9379 		5
v -7.2388 		-15.9974 		5
v -7.1083 		-15.8067 		5
v -7.1472 		-15.8743 		5
v -7.0442 		-15.6594 		5
v -7.0739 		-15.7351 		5
v -6.9962 		-15.5002 		5
v -7.0178 		-15.5814 		5
v -6.9674 		-15.3282 		5
v -6.9794 		-15.4158 		5
v -6.9578 		-15.1436 		5
v -6.9602 		-15.2375 		5
v -6.9687 		-14.9423 		5
v -6.9605 		-15.041 		5
v -7.0014 		-14.7564 		5
v -6.9823 		-14.8474 		5
v -7.0559 		-14.5857 		5
v -7.026 		-14.6691 		5
v -7.1318 		-14.4312 		5
v -7.0913 		-14.5063 		5
v -7.2287 		-14.2936 		5
v -7.1776 		-14.3603 		5
v -7.3464 		-14.173 		5
v -7.2849 		-14.2312 		5
v -7.4877 		-14.0699 		5
v -7.4145 		-14.1192 		5
v -7.65 		-13.9845 		5
v -7.5662 		-14.025 		5
v -7.8332 		-13.917 		5
v -7.739 		-13.9486 		5
v -8.0369 		-13.8682 		5
v -7.9325 		-13.8902 		5
v -8.2606 		-13.8389 		5
v -8.1462 		-13.8511 		5
v -8.06 		-14.6657 		5
v -8.1982 		-14.6621 		5
v -8.1982 		-15.5753 		5
v -8.5044 		-13.8291 		5
v -8.38 		-13.8316 		5
v -8.7338 		-13.8389 		5
v -8.6213 		-13.8316 		5
v -8.9458 		-13.8682 		5
v -8.842 		-13.8511 		5
v -9.1403 		-13.917 		5
v -9.0453 		-13.8902 		5
v -9.3144 		-13.985 		5
v -9.2296 		-13.9487 		5
v -9.4701 		-14.0716 		5
v -9.3945 		-14.0259 		5
v -9.6075 		-14.1769 		5
v -9.5411 		-14.1219 		5
v -9.7257 		-14.3012 		5
v -9.6691 		-14.2366 		5
v -9.8238 		-14.4452 		5
v -9.7772 		-14.3708 		5
v -9.9019 		-14.6086 		5
v -9.8653 		-14.5245 		5
v -9.9564 		-14.7882 		5
v -9.9319 		-14.6962 		5
v -9.9891 		-14.9856 		5
v -9.9755 		-14.8847 		5
v -9.9973 		-15.091 		5
v -9.1831 		-16.0866 		5
v -7.933 		-14.6766 		5
v -9.2132 		-16.0691 		5
v -7.8175 		-14.6946 		5
v -9.2424 		-16.0501 		5
v -7.7132 		-14.7199 		5
v -9.2707 		-16.0296 		5
v -7.6203 		-14.7523 		5
v -9.2982 		-16.0076 		5
v -7.5388 		-14.792 		5
v -9.3248 		-15.9842 		5
v -7.4692 		-14.8392 		5
v -9.3517 		-15.9605 		5
v -7.4123 		-14.8914 		5
v -9.3772 		-15.9353 		5
v -7.368 		-14.9487 		5
v -9.4014 		-15.9087 		5
v -7.3364 		-15.0111 		5
v -9.4243 		-15.8806 		5
v -9.4459 		-15.851 		5
v -7.3174 		-15.0786 		5
v -9.4661 		-15.8199 		5
v -7.3111 		-15.1512 		5
v -9.4862 		-15.7874 		5
v -7.3128 		-15.1885 		5
v -9.5045 		-15.7536 		5
v -7.3181 		-15.2238 		5
v -9.5211 		-15.7186 		5
v -7.3268 		-15.2572 		5
v -9.5359 		-15.6823 		5
v -7.339 		-15.2888 		5
v -9.549 		-15.6447 		5
v -7.3547 		-15.3184 		5
v -9.5604 		-15.6059 		5
v -9.5699 		-15.567 		5
v -7.3739 		-15.3461 		5
v -7.3962 		-15.372 		5
v -9.5778 		-15.5269 		5
v -7.4214 		-15.3962 		5
v -9.5839 		-15.4855 		5
v -7.4495 		-15.4187 		5
v -9.5883 		-15.4429 		5
v -7.4803 		-15.4395 		5
v -9.5909 		-15.3989 		5
v -7.514 		-15.4586 		5
v -9.5918 		-15.3537 		5
v -7.5505 		-15.476 		5
v -9.5901 		-15.2988 		5
v -7.5899 		-15.4918 		5
v -9.5852 		-15.2463 		5
v -7.6321 		-15.5061 		5
v -9.577 		-15.1961 		5
v -7.6771 		-15.519 		5
v -9.5656 		-15.1482 		5
v -7.725 		-15.5303 		5
v -9.5509 		-15.1027 		5
v -7.7757 		-15.5402 		5
v -9.5329 		-15.0595 		5
v -7.8292 		-15.5486 		5
v -9.5102 		-15.0173 		5
v -7.8853 		-15.5568 		5
v -9.484 		-14.9771 		5
v -7.9435 		-15.5634 		5
v -9.4544 		-14.9391 		5
v -8.0039 		-15.5686 		5
v -8.0665 		-15.5724 		5
v -9.4212 		-14.9033 		5
v -8.1313 		-15.5746 		5
v -9.3846 		-14.8695 		5
v -9.3445 		-14.8379 		5
v -9.2994 		-14.8096 		5
v -9.2507 		-14.7835 		5
v -8.637 		-14.652 		5
v -9.1982 		-14.7596 		5
v -8.7221 		-14.6562 		5
v -9.1421 		-14.7377 		5
v -8.8027 		-14.6631 		5
v -9.0822 		-14.7179 		5
v -8.8791 		-14.6727 		5
v -9.0186 		-14.7003 		5
v -8.951 		-14.6852 		5
v -10 		-15.2009 		4
v -9.9986 		-15.2892 		4
v -9.9943 		-15.3732 		4
v -9.9872 		-15.4531 		4
v -9.9773 		-15.5286 		4
v -9.9646 		-15.6 		4
v -9.949 		-15.667 		4
v -9.9336 		-15.7302 		4
v -9.9163 		-15.7897 		4
v -9.897 		-15.8457 		4
v -9.8757 		-15.898 		4
v -9.8525 		-15.9467 		4
v -9.8273 		-15.9918 		4
v -9.7993 		-16.0332 		4
v -9.7701 		-16.0708 		4
v -9.7399 		-16.1045 		4
v -9.7086 		-16.1345 		4
v -9.6763 		-16.1606 		4
v -9.6428 		-16.1829 		4
v -9.6071 		-16.2027 		4
v -9.5708 		-16.2189 		4
v -9.5339 		-16.2316 		4
v -9.4962 		-16.2406 		4
v -9.458 		-16.246 		4
v -9.419 		-16.2478 		4
v -9.3593 		-16.2438 		4
v -9.3056 		-16.2317 		4
v -9.2581 		-16.2115 		4
v -9.2167 		-16.1833 		4
v -9.1813 		-16.147 		4
v -9.1521 		-16.1026 		4
v -8.5476 		-14.6507 		4
v -8.5476 		-16.3854 		4
v -8.2689 		-16.3854 		4
v -8.1637 		-16.3829 		4
v -8.0626 		-16.3756 		4
v -7.9657 		-16.3634 		4
v -7.8729 		-16.3463 		4
v -7.7842 		-16.3243 		4
v -7.6997 		-16.2975 		4
v -7.6208 		-16.2673 		4
v -7.5462 		-16.233 		4
v -7.476 		-16.1943 		4
v -7.4101 		-16.1514 		4
v -7.3486 		-16.1043 		4
v -7.2915 		-16.0529 		4
v -7.2388 		-15.9974 		4
v -7.1907 		-15.9379 		4
v -7.1472 		-15.8743 		4
v -7.1083 		-15.8067 		4
v -7.0739 		-15.7351 		4
v -7.0442 		-15.6594 		4
v -7.0178 		-15.5814 		4
v -6.9962 		-15.5002 		4
v -6.9794 		-15.4158 		4
v -6.9674 		-15.3282 		4
v -6.9602 		-15.2375 		4
v -6.9578 		-15.1436 		4
v -6.9605 		-15.041 		4
v -6.9687 		-14.9423 		4
v -6.9823 		-14.8474 		4
v -7.0014 		-14.7564 		4
v -7.026 		-14.6691 		4
v -7.0559 		-14.5857 		4
v -7.0913 		-14.5063 		4
v -7.1318 		-14.4312 		4
v -7.1776 		-14.3603 		4
v -7.2287 		-14.2936 		4
v -7.2849 		-14.2312 		4
v -7.3464 		-14.173 		4
v -7.4145 		-14.1192 		4
v -7.4877 		-14.0699 		4
v -7.5662 		-14.025 		4
v -7.65 		-13.9845 		4
v -7.739 		-13.9486 		4
v -7.8332 		-13.917 		4
v -7.9325 		-13.8902 		4
v -8.0369 		-13.8682 		4
v -8.1462 		-13.8511 		4
v -8.2606 		-13.8389 		4
v -8.1982 		-14.6621 		4
v -8.06 		-14.6657 		4
v -8.1982 		-15.5753 		4
v -8.38 		-13.8316 		4
v -8.5044 		-13.8291 		4
v -8.6213 		-13.8316 		4
v -8.7338 		-13.8389 		4
v -8.842 		-13.8511 		4
v -8.9458 		-13.8682 		4
v -9.0453 		-13.8902 		4
v -9.1403 		-13.917 		4
v -9.2296 		-13.9487 		4
v -9.3144 		-13.985 		4
v -9.3945 		-14.0259 		4
v -9.4701 		-14.0716 		4
v -9.5411 		-14.1219 		4
v -9.6075 		-14.1769 		4
v -9.6691 		-14.2366 		4
v -9.7257 		-14.3012 		4
v -9.7772 		-14.3708 		4
v -9.8238 		-14.4452 		4
v -9.8653 		-14.5245 		4
v -9.9019 		-14.6086 		4
v -9.9319 		-14.6962 		4
v -9.9564 		-14.7882 		4
v -9.9755 		-14.8847 		4
v -9.9891 		-14.9856 		4
v -9.9973 		-15.091 		4
v -9.1831 		-16.0866 		4
v -7.933 		-14.6766 		4
v -9.2132 		-16.0691 		4
v -7.8175 		-14.6946 		4
v -9.2424 		-16.0501 		4
v -7.7132 		-14.7199 		4
v -9.2707 		-16.0296 		4
v -7.6203 		-14.7523 		4
v -9.2982 		-16.0076 		4
v -7.5388 		-14.792 		4
v -9.3248 		-15.9842 		4
v -7.4692 		-14.8392 		4
v -9.3517 		-15.9605 		4
v -7.4123 		-14.8914 		4
v -9.3772 		-15.9353 		4
v -7.368 		-14.9487 		4
v -9.4014 		-15.9087 		4
v -7.3364 		-15.0111 		4
v -9.4243 		-15.8806 		4
v -9.4459 		-15.851 		4
v -7.3174 		-15.0786 		4
v -9.4661 		-15.8199 		4
v -7.3111 		-15.1512 		4
v -9.4862 		-15.7874 		4
v -7.3128 		-15.1885 		4
v -9.5045 		-15.7536 		4
v -7.3181 		-15.2238 		4
v -9.5211 		-15.7186 		4
v -7.3268 		-15.2572 		4
v -9.5359 		-15.6823 		4
v -7.339 		-15.2888 		4
v -9.549 		-15.6447 		4
v -7.3547 		-15.3184 		4
v -9.5604 		-15.6059 		4
v -9.5699 		-15.567 		4
v -7.3739 		-15.3461 		4
v -7.3962 		-15.372 		4
v -9.5778 		-15.5269 		4
v -7.4214 		-15.3962 		4
v -9.5839 		-15.4855 		4
v -7.4495 		-15.4187 		4
v -9.5883 		-15.4429 		4
v -7.4803 		-15.4395 		4
v -9.5909 		-15.3989 		4
v -7.514 		-15.4586 		4
v -9.5918 		-15.3537 		4
v -7.5505 		-15.476 		4
v -9.5901 		-15.2988 		4
v -7.5899 		-15.4918 		4
v -9.5852 		-15.2463 		4
v -7.6321 		-15.5061 		4
v -9.577 		-15.1961 		4
v -7.6771 		-15.519 		4
v -9.5656 		-15.1482 		4
v -7.725 		-15.5303 		4
v -9.5509 		-15.1027 		4
v -7.7757 		-15.5402 		4
v -9.5329 		-15.0595 		4
v -7.8292 		-15.5486 		4
v -9.5102 		-15.0173 		4
v -7.8853 		-15.5568 		4
v -9.484 		-14.9771 		4
v -7.9435 		-15.5634 		4
v -9.4544 		-14.9391 		4
v -8.0039 		-15.5686 		4
v -8.0665 		-15.5724 		4
v -9.4212 		-14.9033 		4
v -8.1313 		-15.5746 		4
v -9.3846 		-14.8695 		4
v -9.3445 		-14.8379 		4
v -9.2994 		-14.8096 		4
v -9.2507 		-14.7835 		4
v -8.637 		-14.652 		4
v -9.1982 		-14.7596 		4
v -8.7221 		-14.6562 		4
v -9.1421 		-14.7377 		4
v -8.8027 		-14.6631 		4
v -9.0822 		-14.7179 		4
v -8.8791 		-14.6727 		4
v -9.0186 		-14.7003 		4
v -8.951 		-14.6852 		4
v -9.6546 		-20 		5
v -9.945 		-20 		5
v -9.945 		-18.8308 		5
v -7.9164 		-19.6353 		5
v -8.0059 		-19.637 		5
v -9.2699 		-19.637 		5
v -7.7498 		-19.6217 		5
v -7.831 		-19.6302 		5
v -7.5997 		-19.5946 		5
v -7.6727 		-19.6098 		5
v -7.4673 		-19.5541 		5
v -7.5309 		-19.5759 		5
v -7.3513 		-19.5023 		5
v -7.4075 		-19.5296 		5
v -7.2501 		-19.4395 		5
v -7.2989 		-19.4723 		5
v -7.165 		-19.3644 		5
v -7.2051 		-19.4039 		5
v -7.0952 		-19.2778 		5
v -7.1283 		-19.3224 		5
v -7.0394 		-19.181 		5
v -7.0655 		-19.2307 		5
v -6.9975 		-19.0729 		5
v -7.0167 		-19.1288 		5
v -6.9696 		-18.954 		5
v -6.9818 		-19.0146 		5
v -6.9556 		-18.8258 		5
v -6.9609 		-18.8911 		5
v -6.9543 		-18.7176 		5
v -6.9539 		-18.7582 		5
v -6.9578 		-18.6378 		5
v -6.9556 		-18.6775 		5
v -6.9648 		-18.5597 		5
v -6.9609 		-18.5986 		5
v -6.9746 		-18.4846 		5
v -6.9696 		-18.5213 		5
v -6.9912 		-18.4124 		5
v -6.9818 		-18.4483 		5
v -7.0165 		-18.3419 		5
v -7.0027 		-18.3769 		5
v -7.0493 		-18.2744 		5
v -7.0324 		-18.3073 		5
v -7.0903 		-18.2099 		5
v -7.0686 		-18.2419 		5
v -7.1409 		-18.147 		5
v -7.1144 		-18.1783 		5
v -7.2017 		-18.0872 		5
v -7.1698 		-18.1163 		5
v -7.2767 		-18.0303 		5
v -7.2374 		-18.0585 		5
v -7.3666 		-17.9751 		5
v -7.3198 		-18.0025 		5
v -7.0245 		-16.7445 		5
v -7.0245 		-17.8526 		5
v -7.4171 		-17.9214 		5
v -7.3155 		-16.7745 		5
v -7.315 		-16.7445 		5
v -7.3353 		-16.9287 		5
v -7.3307 		-16.905 		5
v -7.3259 		-16.8815 		5
v -9.945 		-16.714 		5
v -9.6546 		-16.714 		5
v -9.6546 		-16.7216 		5
v -9.6546 		-18.3379 		5
v -9.945 		-18.3379 		5
v -9.6542 		-19.9701 		5
v -7.3168 		-16.8031 		5
v -9.6542 		-16.7518 		5
v -9.6542 		-18.3078 		5
v -9.6533 		-19.9414 		5
v -7.3189 		-16.8305 		5
v -9.6533 		-16.7811 		5
v -9.6533 		-18.2789 		5
v -9.6516 		-19.914 		5
v -9.3115 		-19.6375 		5
v -7.4171 		-17.9481 		5
v -9.6516 		-16.8095 		5
v -9.6516 		-18.251 		5
v -9.6493 		-19.8879 		5
v -9.3501 		-19.6391 		5
v -7.322 		-16.8566 		5
v -9.6493 		-16.8371 		5
v -9.6493 		-18.2241 		5
v -9.6464 		-19.8631 		5
v -9.6464 		-16.8638 		5
v -9.6464 		-18.1983 		5
v -9.6428 		-19.8395 		5
v -9.6428 		-16.8897 		5
v -9.6428 		-18.1736 		5
v -9.6381 		-19.8172 		5
v -7.3412 		-16.9513 		5
v -9.6381 		-16.9135 		5
v -9.6382 		-18.1499 		5
v -9.6319 		-19.7962 		5
v -7.3484 		-16.9728 		5
v -9.6319 		-16.9364 		5
v -9.6323 		-18.1273 		5
v -9.6241 		-19.7765 		5
v -7.3569 		-16.9933 		5
v -9.6241 		-16.9585 		5
v -9.6251 		-18.1058 		5
v -9.6149 		-19.758 		5
v -7.3667 		-17.0128 		5
v -9.6149 		-16.9797 		5
v -9.6166 		-18.0853 		5
v -9.6041 		-19.7408 		5
v -7.3778 		-17.0311 		5
v -9.6041 		-17.0001 		5
v -9.6068 		-18.0659 		5
v -9.5918 		-19.7249 		5
v -7.3918 		-17.047 		5
v -9.5918 		-17.0197 		5
v -9.5957 		-18.0475 		5
v -9.5765 		-19.7102 		5
v -7.4075 		-17.0617 		5
v -9.5777 		-17.0368 		5
v -9.5817 		-18.0316 		5
v -9.5595 		-19.6969 		5
v -7.4249 		-17.0751 		5
v -9.5617 		-17.0528 		5
v -9.566 		-18.0169 		5
v -9.5407 		-19.6848 		5
v -8.1551 		-18.8308 		5
v -7.4441 		-17.0872 		5
v -9.5437 		-17.0674 		5
v -8.0973 		-18.8301 		5
v -7.4651 		-17.098 		5
v -9.5237 		-17.0808 		5
v -8.0417 		-18.8282 		5
v -7.4877 		-17.1075 		5
v -9.5018 		-17.0929 		5
v -7.9882 		-18.8251 		5
v -7.5114 		-17.1169 		5
v -9.4779 		-17.1037 		5
v -7.937 		-18.8206 		5
v -7.5379 		-17.1245 		5
v -9.4518 		-17.1142 		5
v -9.5202 		-19.6739 		5
v -7.5672 		-17.1305 		5
v -9.423 		-17.1228 		5
v -7.8879 		-18.8149 		5
v -7.5994 		-17.1347 		5
v -9.3916 		-17.1295 		5
v -7.841 		-18.8079 		5
v -7.6344 		-17.1373 		5
v -9.3575 		-17.1343 		5
v -7.7965 		-18.7995 		5
v -7.6722 		-17.1381 		5
v -9.3209 		-17.1371 		5
v -7.7547 		-18.7896 		5
v -9.2816 		-17.1381 		5
v -7.7154 		-18.7782 		5
v -9.5486 		-18.0035 		5
v -7.6788 		-18.7654 		5
v -9.5294 		-17.9914 		5
v -7.6447 		-18.7511 		5
v -9.5085 		-17.9806 		5
v -9.498 		-19.6644 		5
v -9.4858 		-17.9711 		5
v -9.474 		-19.6561 		5
v -9.4621 		-17.9629 		5
v -9.4476 		-19.6503 		5
v -9.4356 		-17.9562 		5
v -9.4182 		-19.6455 		5
v -9.4063 		-17.951 		5
v -7.6133 		-18.7353 		5
v -9.3741 		-17.9473 		5
v -9.3857 		-19.6418 		5
v -9.3391 		-17.9451 		5
v -9.3013 		-17.9443 		5
v -8.265 		-17.9443 		5
v -7.5831 		-18.7178 		5
v -8.2091 		-17.945 		5
v -7.5553 		-18.6983 		5
v -8.1542 		-17.9469 		5
v -7.5299 		-18.677 		5
v -8.1001 		-17.9501 		5
v -7.5069 		-18.6537 		5
v -8.0469 		-17.9545 		5
v -7.4863 		-18.6286 		5
v -7.9945 		-17.9602 		5
v -7.4681 		-18.6015 		5
v -7.9431 		-17.9672 		5
v -7.4537 		-18.5737 		5
v -7.8931 		-17.9757 		5
v -7.4419 		-18.5438 		5
v -7.8454 		-17.9859 		5
v -7.4328 		-18.5117 		5
v -7.7998 		-17.9978 		5
v -7.4262 		-18.4776 		5
v -7.4223 		-18.4413 		5
v -7.7564 		-18.0114 		5
v -7.7152 		-18.0267 		5
v -7.421 		-18.4028 		5
v -7.6762 		-18.0437 		5
v -7.423 		-18.3607 		5
v -7.6383 		-18.0625 		5
v -7.4289 		-18.3209 		5
v -7.6033 		-18.0832 		5
v -7.4387 		-18.2834 		5
v -7.5711 		-18.1058 		5
v -7.4524 		-18.2483 		5
v -7.5418 		-18.1303 		5
v -7.4701 		-18.2155 		5
v -7.5153 		-18.1567 		5
v -7.4917 		-18.185 		5
v -9.945 		-18.8308 		4
v -9.945 		-20 		4
v -9.6546 		-20 		4
v -9.2699 		-19.637 		4
v -8.0059 		-19.637 		4
v -7.9164 		-19.6353 		4
v -7.831 		-19.6302 		4
v -7.7498 		-19.6217 		4
v -7.6727 		-19.6098 		4
v -7.5997 		-19.5946 		4
v -7.5309 		-19.5759 		4
v -7.4673 		-19.5541 		4
v -7.4075 		-19.5296 		4
v -7.3513 		-19.5023 		4
v -7.2989 		-19.4723 		4
v -7.2501 		-19.4395 		4
v -7.2051 		-19.4039 		4
v -7.165 		-19.3644 		4
v -7.1283 		-19.3224 		4
v -7.0952 		-19.2778 		4
v -7.0655 		-19.2307 		4
v -7.0394 		-19.181 		4
v -7.0167 		-19.1288 		4
v -6.9975 		-19.0729 		4
v -6.9818 		-19.0146 		4
v -6.9696 		-18.954 		4
v -6.9609 		-18.8911 		4
v -6.9556 		-18.8258 		4
v -6.9539 		-18.7582 		4
v -6.9543 		-18.7176 		4
v -6.9556 		-18.6775 		4
v -6.9578 		-18.6378 		4
v -6.9609 		-18.5986 		4
v -6.9648 		-18.5597 		4
v -6.9696 		-18.5213 		4
v -6.9746 		-18.4846 		4
v -6.9818 		-18.4483 		4
v -6.9912 		-18.4124 		4
v -7.0027 		-18.3769 		4
v -7.0165 		-18.3419 		4
v -7.0324 		-18.3073 		4
v -7.0493 		-18.2744 		4
v -7.0686 		-18.2419 		4
v -7.0903 		-18.2099 		4
v -7.1144 		-18.1783 		4
v -7.1409 		-18.147 		4
v -7.1698 		-18.1163 		4
v -7.2017 		-18.0872 		4
v -7.2374 		-18.0585 		4
v -7.2767 		-18.0303 		4
v -7.3198 		-18.0025 		4
v -7.3666 		-17.9751 		4
v -7.4171 		-17.9214 		4
v -7.0245 		-17.8526 		4
v -7.0245 		-16.7445 		4
v -7.315 		-16.7445 		4
v -7.3155 		-16.7745 		4
v -7.3259 		-16.8815 		4
v -7.3307 		-16.905 		4
v -7.3353 		-16.9287 		4
v -9.6546 		-16.7216 		4
v -9.6546 		-16.714 		4
v -9.945 		-16.714 		4
v -9.945 		-18.3379 		4
v -9.6546 		-18.3379 		4
v -9.6542 		-19.9701 		4
v -7.3168 		-16.8031 		4
v -9.6542 		-16.7518 		4
v -9.6542 		-18.3078 		4
v -9.6533 		-19.9414 		4
v -7.3189 		-16.8305 		4
v -9.6533 		-16.7811 		4
v -9.6533 		-18.2789 		4
v -9.6516 		-19.914 		4
v -9.3115 		-19.6375 		4
v -7.4171 		-17.9481 		4
v -9.6516 		-16.8095 		4
v -9.6516 		-18.251 		4
v -9.6493 		-19.8879 		4
v -9.3501 		-19.6391 		4
v -7.322 		-16.8566 		4
v -9.6493 		-16.8371 		4
v -9.6493 		-18.2241 		4
v -9.6464 		-19.8631 		4
v -9.6464 		-16.8638 		4
v -9.6464 		-18.1983 		4
v -9.6428 		-19.8395 		4
v -9.6428 		-16.8897 		4
v -9.6428 		-18.1736 		4
v -9.6381 		-19.8172 		4
v -7.3412 		-16.9513 		4
v -9.6381 		-16.9135 		4
v -9.6382 		-18.1499 		4
v -9.6319 		-19.7962 		4
v -7.3484 		-16.9728 		4
v -9.6319 		-16.9364 		4
v -9.6323 		-18.1273 		4
v -9.6241 		-19.7765 		4
v -7.3569 		-16.9933 		4
v -9.6241 		-16.9585 		4
v -9.6251 		-18.1058 		4
v -9.6149 		-19.758 		4
v -7.3667 		-17.0128 		4
v -9.6149 		-16.9797 		4
v -9.6166 		-18.0853 		4
v -9.6041 		-19.7408 		4
v -7.3778 		-17.0311 		4
v -9.6041 		-17.0001 		4
v -9.6068 		-18.0659 		4
v -9.5918 		-19.7249 		4
v -7.3918 		-17.047 		4
v -9.5918 		-17.0197 		4
v -9.5957 		-18.0475 		4
v -9.5765 		-19.7102 		4
v -7.4075 		-17.0617 		4
v -9.5777 		-17.0368 		4
v -9.5817 		-18.0316 		4
v -9.5595 		-19.6969 		4
v -7.4249 		-17.0751 		4
v -9.5617 		-17.0528 		4
v -9.566 		-18.0169 		4
v -9.5407 		-19.6848 		4
v -8.1551 		-18.8308 		4
v -7.4441 		-17.0872 		4
v -9.5437 		-17.0674 		4
v -8.0973 		-18.8301 		4
v -7.4651 		-17.098 		4
v -9.5237 		-17.0808 		4
v -8.0417 		-18.8282 		4
v -7.4877 		-17.1075 		4
v -9.5018 		-17.0929 		4
v -7.9882 		-18.8251 		4
v -7.5114 		-17.1169 		4
v -9.4779 		-17.1037 		4
v -7.937 		-18.8206 		4
v -7.5379 		-17.1245 		4
v -9.4518 		-17.1142 		4
v -9.5202 		-19.6739 		4
v -7.5672 		-17.1305 		4
v -9.423 		-17.1228 		4
v -7.8879 		-18.8149 		4
v -7.5994 		-17.1347 		4
v -9.3916 		-17.1295 		4
v -7.841 		-18.8079 		4
v -7.6344 		-17.1373 		4
v -9.3575 		-17.1343 		4
v -7.7965 		-18.7995 		4
v -7.6722 		-17.1381 		4
v -9.3209 		-17.1371 		4
v -7.7547 		-18.7896 		4
v -9.2816 		-17.1381 		4
v -7.7154 		-18.7782 		4
v -9.5486 		-18.0035 		4
v -7.6788 		-18.7654 		4
v -9.5294 		-17.9914 		4
v -7.6447 		-18.7511 		4
v -9.5085 		-17.9806 		4
v -9.498 		-19.6644 		4
v -9.4858 		-17.9711 		4
v -9.474 		-19.6561 		4
v -9.4621 		-17.9629 		4
v -9.4476 		-19.6503 		4
v -9.4356 		-17.9562 		4
v -9.4182 		-19.6455 		4
v -9.4063 		-17.951 		4
v -7.6133 		-18.7353 		4
v -9.3741 		-17.9473 		4
v -9.3857 		-19.6418 		4
v -9.3391 		-17.9451 		4
v -9.3013 		-17.9443 		4
v -8.265 		-17.9443 		4
v -7.5831 		-18.7178 		4
v -8.2091 		-17.945 		4
v -7.5553 		-18.6983 		4
v -8.1542 		-17.9469 		4
v -7.5299 		-18.677 		4
v -8.1001 		-17.9501 		4
v -7.5069 		-18.6537 		4
v -8.0469 		-17.9545 		4
v -7.4863 		-18.6286 		4
v -7.9945 		-17.9602 		4
v -7.4681 		-18.6015 		4
v -7.9431 		-17.9672 		4
v -7.4537 		-18.5737 		4
v -7.8931 		-17.9757 		4
v -7.4419 		-18.5438 		4
v -7.8454 		-17.9859 		4
v -7.4328 		-18.5117 		4
v -7.7998 		-17.9978 		4
v -7.4262 		-18.4776 		4
v -7.4223 		-18.4413 		4
v -7.7564 		-18.0114 		4
v -7.7152 		-18.0267 		4
v -7.421 		-18.4028 		4
v -7.6762 		-18.0437 		4
v -7.423 		-18.3607 		4
v -7.6383 		-18.0625 		4
v -7.4289 		-18.3209 		4
v -7.6033 		-18.0832 		4
v -7.4387 		-18.2834 		4
v -7.5711 		-18.1058 		4
v -7.4524 		-18.2483 		4
v -7.5418 		-18.1303 		4
v -7.4701 		-18.2155 		4
v -7.5153 		-18.1567 		4
v -7.4917 		-18.185 		4
# 3032 vertices

g group_4_16768282

usemtl color_16768282
s 0

f 34 	33 	35
f 37 	36 	33
f 39 	38 	36
f 41 	40 	38
f 43 	42 	40
f 45 	44 	42
f 47 	46 	44
f 49 	48 	46
f 51 	50 	48
f 53 	52 	50
f 55 	54 	52
f 57 	56 	54
f 59 	58 	56
f 61 	60 	58
f 63 	62 	60
f 65 	64 	62
f 67 	66 	64
f 69 	68 	66
f 71 	70 	68
f 73 	72 	70
f 75 	74 	72
f 77 	76 	74
f 79 	78 	76
f 81 	80 	78
f 83 	82 	80
f 85 	84 	86
f 88 	87 	84
f 90 	89 	87
f 92 	91 	89
f 94 	93 	91
f 96 	95 	93
f 98 	97 	95
f 100 	99 	97
f 102 	101 	99
f 104 	103 	101
f 106 	105 	103
f 108 	107 	105
f 110 	109 	107
f 112 	111 	109
f 114 	113 	111
f 116 	115 	113
f 118 	117 	115
f 120 	119 	117
f 122 	121 	119
f 124 	123 	121
f 126 	125 	123
f 128 	127 	125
f 130 	129 	127
f 132 	131 	129
f 134 	133 	131
f 136 	135 	133
f 138 	137 	135
f 140 	139 	137
f 142 	141 	139
f 144 	143 	141
f 146 	145 	143
f 148 	147 	145
f 150 	149 	147
f 152 	151 	149
f 154 	153 	151
f 156 	155 	153
f 158 	157 	155
f 160 	159 	157
f 162 	161 	159
f 164 	163 	161
f 166 	165 	163
f 168 	167 	165
f 170 	169 	167
f 172 	171 	169
f 174 	173 	171
f 176 	175 	173
f 178 	177 	175
f 180 	179 	177
f 182 	181 	179
f 184 	183 	185
f 187 	186 	183
f 189 	188 	186
f 191 	190 	188
f 193 	192 	190
f 195 	194 	192
f 197 	196 	194
f 199 	198 	196
f 201 	200 	198
f 203 	202 	200
f 205 	204 	202
f 207 	206 	204
f 209 	208 	206
f 211 	210 	208
f 213 	212 	210
f 215 	214 	212
f 217 	216 	214
f 219 	218 	216
f 221 	220 	218
f 223 	222 	220
f 225 	224 	222
f 227 	226 	224
f 229 	228 	226
f 230 	35 	228
f 33 	36 	35
f 38 	40 	36
f 42 	44 	40
f 46 	48 	44
f 50 	52 	48
f 54 	56 	52
f 58 	60 	56
f 62 	64 	60
f 66 	68 	64
f 70 	72 	68
f 74 	76 	72
f 78 	80 	76
f 86 	84 	231
f 87 	89 	84
f 91 	93 	89
f 95 	97 	93
f 99 	101 	97
f 103 	105 	101
f 107 	109 	105
f 111 	113 	109
f 115 	117 	113
f 119 	121 	117
f 123 	125 	121
f 127 	129 	125
f 131 	133 	129
f 135 	137 	133
f 139 	141 	137
f 143 	145 	141
f 147 	149 	145
f 151 	153 	149
f 155 	157 	153
f 159 	161 	157
f 163 	165 	161
f 167 	169 	165
f 171 	173 	169
f 175 	177 	173
f 179 	181 	177
f 185 	183 	232
f 186 	188 	183
f 190 	192 	188
f 194 	196 	192
f 198 	200 	196
f 202 	204 	200
f 206 	208 	204
f 210 	212 	208
f 214 	216 	212
f 218 	220 	216
f 222 	224 	220
f 226 	228 	224
f 35 	36 	228
f 40 	44 	36
f 48 	52 	44
f 56 	60 	52
f 64 	68 	60
f 72 	76 	68
f 80 	82 	76
f 231 	84 	233
f 89 	93 	84
f 97 	101 	93
f 105 	109 	101
f 113 	117 	109
f 121 	125 	117
f 129 	133 	125
f 137 	141 	133
f 145 	149 	141
f 153 	157 	149
f 161 	165 	157
f 169 	173 	165
f 177 	181 	173
f 232 	183 	234
f 188 	192 	183
f 196 	200 	192
f 204 	208 	200
f 212 	216 	208
f 220 	224 	216
f 228 	36 	224
f 44 	52 	36
f 60 	68 	52
f 76 	82 	68
f 233 	84 	235
f 93 	101 	84
f 109 	117 	101
f 125 	133 	117
f 141 	149 	133
f 157 	165 	149
f 173 	181 	165
f 234 	183 	236
f 192 	200 	183
f 208 	216 	200
f 224 	36 	216
f 68 	82 	52
f 235 	84 	237
f 101 	117 	84
f 165 	181 	149
f 236 	183 	238
f 200 	216 	183
f 82 	239 	52
f 237 	84 	240
f 181 	241 	149
f 183 	216 	238
f 239 	242 	52
f 240 	84 	243
f 241 	244 	149
f 238 	216 	245
f 242 	246 	52
f 243 	84 	247
f 244 	248 	149
f 245 	216 	249
f 246 	250 	52
f 84 	117 	247
f 248 	251 	149
f 249 	216 	252
f 250 	253 	52
f 247 	117 	254
f 251 	255 	149
f 252 	216 	256
f 253 	257 	52
f 254 	117 	258
f 255 	259 	149
f 256 	216 	260
f 257 	261 	52
f 258 	117 	262
f 259 	263 	149
f 260 	216 	264
f 261 	265 	52
f 262 	117 	266
f 263 	267 	149
f 264 	216 	268
f 265 	269 	52
f 266 	117 	270
f 267 	271 	149
f 268 	216 	272
f 269 	273 	52
f 270 	117 	274
f 271 	275 	149
f 272 	216 	276
f 273 	277 	52
f 274 	117 	278
f 275 	279 	149
f 276 	216 	280
f 277 	281 	52
f 278 	117 	282
f 279 	283 	149
f 280 	216 	284
f 282 	117 	285
f 283 	286 	149
f 284 	216 	287
f 285 	117 	288
f 286 	289 	149
f 287 	216 	290
f 288 	117 	291
f 289 	292 	149
f 290 	216 	293
f 291 	117 	294
f 293 	216 	295
f 294 	117 	296
f 295 	216 	297
f 296 	117 	298
f 297 	216 	299
f 298 	117 	300
f 299 	216 	301
f 300 	117 	302
f 301 	216 	303
f 302 	117 	304
f 216 	36 	303
f 117 	133 	304
f 303 	36 	305
f 304 	133 	306
f 305 	36 	307
f 306 	133 	308
f 307 	36 	309
f 308 	133 	310
f 309 	36 	311
f 310 	133 	312
f 311 	36 	313
f 312 	133 	314
f 313 	36 	315
f 314 	133 	316
f 315 	36 	317
f 316 	133 	318
f 317 	36 	319
f 318 	133 	320
f 319 	36 	321
f 320 	133 	322
f 321 	36 	323
f 322 	133 	324
f 323 	36 	325
f 324 	133 	326
f 325 	36 	327
f 326 	133 	328
f 327 	36 	329
f 328 	133 	330
f 329 	36 	331
f 133 	149 	330
f 331 	36 	332
f 330 	149 	333
f 332 	36 	334
f 333 	149 	335
f 36 	52 	334
f 335 	149 	336
f 334 	52 	337
f 336 	149 	338
f 337 	52 	339
f 338 	149 	340
f 339 	52 	341
f 340 	149 	342
f 341 	52 	343
f 342 	149 	344
f 343 	52 	345
f 344 	149 	346
f 345 	52 	347
f 346 	149 	348
f 347 	52 	349
f 348 	149 	350
f 349 	52 	351
f 350 	149 	352
f 351 	52 	353
f 352 	149 	354
f 353 	52 	355
f 354 	149 	356
f 355 	52 	357
f 356 	149 	358
f 357 	52 	359
f 358 	149 	360
f 359 	52 	361
f 360 	149 	362
f 361 	52 	363
f 362 	149 	364
f 363 	52 	365
f 364 	149 	366
f 365 	52 	292
f 366 	149 	367
f 292 	52 	149
f 367 	149 	368
f 52 	281 	149
f 368 	149 	281
f 370 	369 	371
f 372 	371 	373
f 374 	373 	375
f 376 	375 	377
f 378 	377 	379
f 380 	379 	381
f 382 	381 	383
f 384 	383 	385
f 386 	385 	387
f 388 	387 	389
f 390 	389 	391
f 392 	391 	393
f 394 	393 	395
f 396 	395 	397
f 398 	397 	399
f 400 	399 	401
f 402 	401 	403
f 404 	403 	405
f 406 	405 	407
f 408 	407 	409
f 410 	409 	411
f 412 	411 	413
f 414 	413 	415
f 416 	415 	417
f 418 	417 	419
f 421 	420 	422
f 423 	422 	424
f 425 	424 	426
f 427 	426 	428
f 429 	428 	430
f 431 	430 	432
f 433 	432 	434
f 435 	434 	436
f 437 	436 	438
f 439 	438 	440
f 441 	440 	442
f 443 	442 	444
f 445 	444 	446
f 447 	446 	448
f 449 	448 	450
f 451 	450 	452
f 453 	452 	454
f 455 	454 	456
f 457 	456 	458
f 459 	458 	460
f 461 	460 	462
f 463 	462 	464
f 465 	464 	466
f 467 	466 	468
f 469 	468 	470
f 471 	470 	472
f 473 	472 	474
f 475 	474 	476
f 477 	476 	478
f 479 	478 	480
f 481 	480 	482
f 483 	482 	484
f 485 	484 	486
f 487 	486 	488
f 489 	488 	490
f 491 	490 	492
f 493 	492 	494
f 495 	494 	496
f 497 	496 	498
f 499 	498 	500
f 501 	500 	502
f 503 	502 	504
f 505 	504 	506
f 507 	506 	508
f 509 	508 	510
f 511 	510 	512
f 513 	512 	514
f 515 	514 	516
f 517 	516 	518
f 520 	519 	521
f 522 	521 	523
f 524 	523 	525
f 526 	525 	527
f 528 	527 	529
f 530 	529 	531
f 532 	531 	533
f 534 	533 	535
f 536 	535 	537
f 538 	537 	539
f 540 	539 	541
f 542 	541 	543
f 544 	543 	545
f 546 	545 	547
f 548 	547 	549
f 550 	549 	551
f 552 	551 	553
f 554 	553 	555
f 556 	555 	557
f 558 	557 	559
f 560 	559 	561
f 562 	561 	563
f 564 	563 	565
f 566 	565 	369
f 371 	369 	373
f 375 	373 	377
f 379 	377 	381
f 383 	381 	385
f 387 	385 	389
f 391 	389 	393
f 395 	393 	397
f 399 	397 	401
f 403 	401 	405
f 407 	405 	409
f 411 	409 	413
f 415 	413 	417
f 420 	567 	422
f 424 	422 	426
f 428 	426 	430
f 432 	430 	434
f 436 	434 	438
f 440 	438 	442
f 444 	442 	446
f 448 	446 	450
f 452 	450 	454
f 456 	454 	458
f 460 	458 	462
f 464 	462 	466
f 468 	466 	470
f 472 	470 	474
f 476 	474 	478
f 480 	478 	482
f 484 	482 	486
f 488 	486 	490
f 492 	490 	494
f 496 	494 	498
f 500 	498 	502
f 504 	502 	506
f 508 	506 	510
f 512 	510 	514
f 516 	514 	518
f 519 	568 	521
f 523 	521 	525
f 527 	525 	529
f 531 	529 	533
f 535 	533 	537
f 539 	537 	541
f 543 	541 	545
f 547 	545 	549
f 551 	549 	553
f 555 	553 	557
f 559 	557 	561
f 563 	561 	565
f 369 	565 	373
f 377 	373 	381
f 385 	381 	389
f 393 	389 	397
f 401 	397 	405
f 409 	405 	413
f 417 	413 	419
f 567 	569 	422
f 426 	422 	430
f 434 	430 	438
f 442 	438 	446
f 450 	446 	454
f 458 	454 	462
f 466 	462 	470
f 474 	470 	478
f 482 	478 	486
f 490 	486 	494
f 498 	494 	502
f 506 	502 	510
f 514 	510 	518
f 568 	570 	521
f 525 	521 	529
f 533 	529 	537
f 541 	537 	545
f 549 	545 	553
f 557 	553 	561
f 565 	561 	373
f 381 	373 	389
f 397 	389 	405
f 413 	405 	419
f 569 	571 	422
f 430 	422 	438
f 446 	438 	454
f 462 	454 	470
f 478 	470 	486
f 494 	486 	502
f 510 	502 	518
f 570 	572 	521
f 529 	521 	537
f 545 	537 	553
f 561 	553 	373
f 405 	389 	419
f 571 	573 	422
f 438 	422 	454
f 502 	486 	518
f 572 	574 	521
f 537 	521 	553
f 419 	389 	575
f 573 	576 	422
f 518 	486 	577
f 521 	574 	553
f 575 	389 	578
f 576 	579 	422
f 577 	486 	580
f 574 	581 	553
f 578 	389 	582
f 579 	583 	422
f 580 	486 	584
f 581 	585 	553
f 582 	389 	586
f 422 	583 	454
f 584 	486 	587
f 585 	588 	553
f 586 	389 	589
f 583 	590 	454
f 587 	486 	591
f 588 	592 	553
f 589 	389 	593
f 590 	594 	454
f 591 	486 	595
f 592 	596 	553
f 593 	389 	597
f 594 	598 	454
f 595 	486 	599
f 596 	600 	553
f 597 	389 	601
f 598 	602 	454
f 599 	486 	603
f 600 	604 	553
f 601 	389 	605
f 602 	606 	454
f 603 	486 	607
f 604 	608 	553
f 605 	389 	609
f 606 	610 	454
f 607 	486 	611
f 608 	612 	553
f 609 	389 	613
f 610 	614 	454
f 611 	486 	615
f 612 	616 	553
f 613 	389 	617
f 614 	618 	454
f 615 	486 	619
f 616 	620 	553
f 618 	621 	454
f 619 	486 	622
f 620 	623 	553
f 621 	624 	454
f 622 	486 	625
f 623 	626 	553
f 624 	627 	454
f 625 	486 	628
f 626 	629 	553
f 627 	630 	454
f 629 	631 	553
f 630 	632 	454
f 631 	633 	553
f 632 	634 	454
f 633 	635 	553
f 634 	636 	454
f 635 	637 	553
f 636 	638 	454
f 637 	639 	553
f 638 	640 	454
f 553 	639 	373
f 454 	640 	470
f 639 	641 	373
f 640 	642 	470
f 641 	643 	373
f 642 	644 	470
f 643 	645 	373
f 644 	646 	470
f 645 	647 	373
f 646 	648 	470
f 647 	649 	373
f 648 	650 	470
f 649 	651 	373
f 650 	652 	470
f 651 	653 	373
f 652 	654 	470
f 653 	655 	373
f 654 	656 	470
f 655 	657 	373
f 656 	658 	470
f 657 	659 	373
f 658 	660 	470
f 659 	661 	373
f 660 	662 	470
f 661 	663 	373
f 662 	664 	470
f 663 	665 	373
f 664 	666 	470
f 665 	667 	373
f 470 	666 	486
f 667 	668 	373
f 666 	669 	486
f 668 	670 	373
f 669 	671 	486
f 373 	670 	389
f 671 	672 	486
f 670 	673 	389
f 672 	674 	486
f 673 	675 	389
f 674 	676 	486
f 675 	677 	389
f 676 	678 	486
f 677 	679 	389
f 678 	680 	486
f 679 	681 	389
f 680 	682 	486
f 681 	683 	389
f 682 	684 	486
f 683 	685 	389
f 684 	686 	486
f 685 	687 	389
f 686 	688 	486
f 687 	689 	389
f 688 	690 	486
f 689 	691 	389
f 690 	692 	486
f 691 	693 	389
f 692 	694 	486
f 693 	695 	389
f 694 	696 	486
f 695 	697 	389
f 696 	698 	486
f 697 	699 	389
f 698 	700 	486
f 699 	701 	389
f 700 	702 	486
f 701 	628 	389
f 702 	703 	486
f 628 	486 	389
f 703 	704 	486
f 389 	486 	617
f 704 	617 	486
f 37 	33 	371
f 372 	37 	371
f 36 	37 	372
f 373 	36 	372
f 39 	36 	373
f 374 	39 	373
f 38 	39 	374
f 375 	38 	374
f 41 	38 	375
f 376 	41 	375
f 40 	41 	376
f 377 	40 	376
f 43 	40 	377
f 378 	43 	377
f 42 	43 	378
f 379 	42 	378
f 45 	42 	379
f 380 	45 	379
f 44 	45 	380
f 381 	44 	380
f 47 	44 	381
f 382 	47 	381
f 46 	47 	382
f 383 	46 	382
f 49 	46 	383
f 384 	49 	383
f 48 	49 	384
f 385 	48 	384
f 51 	48 	385
f 386 	51 	385
f 50 	51 	386
f 387 	50 	386
f 53 	50 	387
f 388 	53 	387
f 52 	53 	388
f 389 	52 	388
f 55 	52 	389
f 390 	55 	389
f 54 	55 	390
f 391 	54 	390
f 57 	54 	391
f 392 	57 	391
f 56 	57 	392
f 393 	56 	392
f 59 	56 	393
f 394 	59 	393
f 58 	59 	394
f 395 	58 	394
f 61 	58 	395
f 396 	61 	395
f 60 	61 	396
f 397 	60 	396
f 63 	60 	397
f 398 	63 	397
f 62 	63 	398
f 399 	62 	398
f 65 	62 	399
f 400 	65 	399
f 64 	65 	400
f 401 	64 	400
f 67 	64 	401
f 402 	67 	401
f 66 	67 	402
f 403 	66 	402
f 69 	66 	403
f 404 	69 	403
f 68 	69 	404
f 405 	68 	404
f 71 	68 	405
f 406 	71 	405
f 70 	71 	406
f 407 	70 	406
f 73 	70 	407
f 408 	73 	407
f 72 	73 	408
f 409 	72 	408
f 75 	72 	409
f 410 	75 	409
f 74 	75 	410
f 411 	74 	410
f 77 	74 	411
f 412 	77 	411
f 76 	77 	412
f 413 	76 	412
f 79 	76 	413
f 414 	79 	413
f 78 	79 	414
f 415 	78 	414
f 81 	78 	415
f 416 	81 	415
f 80 	81 	416
f 417 	80 	416
f 83 	80 	417
f 418 	83 	417
f 82 	83 	418
f 419 	82 	418
f 239 	82 	419
f 575 	239 	419
f 242 	239 	575
f 578 	242 	575
f 246 	242 	578
f 582 	246 	578
f 250 	246 	582
f 586 	250 	582
f 253 	250 	586
f 589 	253 	586
f 257 	253 	589
f 593 	257 	589
f 261 	257 	593
f 597 	261 	593
f 265 	261 	597
f 601 	265 	597
f 269 	265 	601
f 605 	269 	601
f 273 	269 	605
f 609 	273 	605
f 277 	273 	609
f 613 	277 	609
f 281 	277 	613
f 617 	281 	613
f 368 	281 	617
f 704 	368 	617
f 367 	368 	704
f 703 	367 	704
f 366 	367 	703
f 702 	366 	703
f 364 	366 	702
f 700 	364 	702
f 362 	364 	700
f 698 	362 	700
f 360 	362 	698
f 696 	360 	698
f 358 	360 	696
f 694 	358 	696
f 356 	358 	694
f 692 	356 	694
f 354 	356 	692
f 690 	354 	692
f 352 	354 	690
f 688 	352 	690
f 350 	352 	688
f 686 	350 	688
f 348 	350 	686
f 684 	348 	686
f 346 	348 	684
f 682 	346 	684
f 344 	346 	682
f 680 	344 	682
f 342 	344 	680
f 678 	342 	680
f 340 	342 	678
f 676 	340 	678
f 338 	340 	676
f 674 	338 	676
f 336 	338 	674
f 672 	336 	674
f 335 	336 	672
f 671 	335 	672
f 333 	335 	671
f 669 	333 	671
f 330 	333 	669
f 666 	330 	669
f 328 	330 	666
f 664 	328 	666
f 326 	328 	664
f 662 	326 	664
f 324 	326 	662
f 660 	324 	662
f 322 	324 	660
f 658 	322 	660
f 320 	322 	658
f 656 	320 	658
f 318 	320 	656
f 654 	318 	656
f 316 	318 	654
f 652 	316 	654
f 314 	316 	652
f 650 	314 	652
f 312 	314 	650
f 648 	312 	650
f 310 	312 	648
f 646 	310 	648
f 308 	310 	646
f 644 	308 	646
f 306 	308 	644
f 642 	306 	644
f 304 	306 	642
f 640 	304 	642
f 302 	304 	640
f 638 	302 	640
f 300 	302 	638
f 636 	300 	638
f 298 	300 	636
f 634 	298 	636
f 296 	298 	634
f 632 	296 	634
f 294 	296 	632
f 630 	294 	632
f 291 	294 	630
f 627 	291 	630
f 288 	291 	627
f 624 	288 	627
f 285 	288 	624
f 621 	285 	624
f 282 	285 	621
f 618 	282 	621
f 278 	282 	618
f 614 	278 	618
f 274 	278 	614
f 610 	274 	614
f 270 	274 	610
f 606 	270 	610
f 266 	270 	606
f 602 	266 	606
f 262 	266 	602
f 598 	262 	602
f 258 	262 	598
f 594 	258 	598
f 254 	258 	594
f 590 	254 	594
f 247 	254 	590
f 583 	247 	590
f 243 	247 	583
f 579 	243 	583
f 240 	243 	579
f 576 	240 	579
f 237 	240 	576
f 573 	237 	576
f 235 	237 	573
f 571 	235 	573
f 233 	235 	571
f 569 	233 	571
f 231 	233 	569
f 567 	231 	569
f 86 	231 	567
f 420 	86 	567
f 85 	86 	420
f 421 	85 	420
f 84 	85 	421
f 422 	84 	421
f 88 	84 	422
f 423 	88 	422
f 87 	88 	423
f 424 	87 	423
f 90 	87 	424
f 425 	90 	424
f 89 	90 	425
f 426 	89 	425
f 92 	89 	426
f 427 	92 	426
f 91 	92 	427
f 428 	91 	427
f 94 	91 	428
f 429 	94 	428
f 93 	94 	429
f 430 	93 	429
f 96 	93 	430
f 431 	96 	430
f 95 	96 	431
f 432 	95 	431
f 98 	95 	432
f 433 	98 	432
f 97 	98 	433
f 434 	97 	433
f 100 	97 	434
f 435 	100 	434
f 99 	100 	435
f 436 	99 	435
f 102 	99 	436
f 437 	102 	436
f 101 	102 	437
f 438 	101 	437
f 104 	101 	438
f 439 	104 	438
f 103 	104 	439
f 440 	103 	439
f 106 	103 	440
f 441 	106 	440
f 105 	106 	441
f 442 	105 	441
f 108 	105 	442
f 443 	108 	442
f 107 	108 	443
f 444 	107 	443
f 110 	107 	444
f 445 	110 	444
f 109 	110 	445
f 446 	109 	445
f 112 	109 	446
f 447 	112 	446
f 111 	112 	447
f 448 	111 	447
f 114 	111 	448
f 449 	114 	448
f 113 	114 	449
f 450 	113 	449
f 116 	113 	450
f 451 	116 	450
f 115 	116 	451
f 452 	115 	451
f 118 	115 	452
f 453 	118 	452
f 117 	118 	453
f 454 	117 	453
f 120 	117 	454
f 455 	120 	454
f 119 	120 	455
f 456 	119 	455
f 122 	119 	456
f 457 	122 	456
f 121 	122 	457
f 458 	121 	457
f 124 	121 	458
f 459 	124 	458
f 123 	124 	459
f 460 	123 	459
f 126 	123 	460
f 461 	126 	460
f 125 	126 	461
f 462 	125 	461
f 128 	125 	462
f 463 	128 	462
f 127 	128 	463
f 464 	127 	463
f 130 	127 	464
f 465 	130 	464
f 129 	130 	465
f 466 	129 	465
f 132 	129 	466
f 467 	132 	466
f 131 	132 	467
f 468 	131 	467
f 134 	131 	468
f 469 	134 	468
f 133 	134 	469
f 470 	133 	469
f 136 	133 	470
f 471 	136 	470
f 135 	136 	471
f 472 	135 	471
f 138 	135 	472
f 473 	138 	472
f 137 	138 	473
f 474 	137 	473
f 140 	137 	474
f 475 	140 	474
f 139 	140 	475
f 476 	139 	475
f 142 	139 	476
f 477 	142 	476
f 141 	142 	477
f 478 	141 	477
f 144 	141 	478
f 479 	144 	478
f 143 	144 	479
f 480 	143 	479
f 146 	143 	480
f 481 	146 	480
f 145 	146 	481
f 482 	145 	481
f 148 	145 	482
f 483 	148 	482
f 147 	148 	483
f 484 	147 	483
f 150 	147 	484
f 485 	150 	484
f 149 	150 	485
f 486 	149 	485
f 152 	149 	486
f 487 	152 	486
f 151 	152 	487
f 488 	151 	487
f 154 	151 	488
f 489 	154 	488
f 153 	154 	489
f 490 	153 	489
f 156 	153 	490
f 491 	156 	490
f 155 	156 	491
f 492 	155 	491
f 158 	155 	492
f 493 	158 	492
f 157 	158 	493
f 494 	157 	493
f 160 	157 	494
f 495 	160 	494
f 159 	160 	495
f 496 	159 	495
f 162 	159 	496
f 497 	162 	496
f 161 	162 	497
f 498 	161 	497
f 164 	161 	498
f 499 	164 	498
f 163 	164 	499
f 500 	163 	499
f 166 	163 	500
f 501 	166 	500
f 165 	166 	501
f 502 	165 	501
f 168 	165 	502
f 503 	168 	502
f 167 	168 	503
f 504 	167 	503
f 170 	167 	504
f 505 	170 	504
f 169 	170 	505
f 506 	169 	505
f 172 	169 	506
f 507 	172 	506
f 171 	172 	507
f 508 	171 	507
f 174 	171 	508
f 509 	174 	508
f 173 	174 	509
f 510 	173 	509
f 176 	173 	510
f 511 	176 	510
f 175 	176 	511
f 512 	175 	511
f 178 	175 	512
f 513 	178 	512
f 177 	178 	513
f 514 	177 	513
f 180 	177 	514
f 515 	180 	514
f 179 	180 	515
f 516 	179 	515
f 182 	179 	516
f 517 	182 	516
f 181 	182 	517
f 518 	181 	517
f 241 	181 	518
f 577 	241 	518
f 244 	241 	577
f 580 	244 	577
f 248 	244 	580
f 584 	248 	580
f 251 	248 	584
f 587 	251 	584
f 255 	251 	587
f 591 	255 	587
f 259 	255 	591
f 595 	259 	591
f 263 	259 	595
f 599 	263 	595
f 267 	263 	599
f 603 	267 	599
f 271 	267 	603
f 607 	271 	603
f 275 	271 	607
f 611 	275 	607
f 279 	275 	611
f 615 	279 	611
f 283 	279 	615
f 619 	283 	615
f 286 	283 	619
f 622 	286 	619
f 289 	286 	622
f 625 	289 	622
f 292 	289 	625
f 628 	292 	625
f 365 	292 	628
f 701 	365 	628
f 363 	365 	701
f 699 	363 	701
f 361 	363 	699
f 697 	361 	699
f 359 	361 	697
f 695 	359 	697
f 357 	359 	695
f 693 	357 	695
f 355 	357 	693
f 691 	355 	693
f 353 	355 	691
f 689 	353 	691
f 351 	353 	689
f 687 	351 	689
f 349 	351 	687
f 685 	349 	687
f 347 	349 	685
f 683 	347 	685
f 345 	347 	683
f 681 	345 	683
f 343 	345 	681
f 679 	343 	681
f 341 	343 	679
f 677 	341 	679
f 339 	341 	677
f 675 	339 	677
f 337 	339 	675
f 673 	337 	675
f 334 	337 	673
f 670 	334 	673
f 332 	334 	670
f 668 	332 	670
f 331 	332 	668
f 667 	331 	668
f 329 	331 	667
f 665 	329 	667
f 327 	329 	665
f 663 	327 	665
f 325 	327 	663
f 661 	325 	663
f 323 	325 	661
f 659 	323 	661
f 321 	323 	659
f 657 	321 	659
f 319 	321 	657
f 655 	319 	657
f 317 	319 	655
f 653 	317 	655
f 315 	317 	653
f 651 	315 	653
f 313 	315 	651
f 649 	313 	651
f 311 	313 	649
f 647 	311 	649
f 309 	311 	647
f 645 	309 	647
f 307 	309 	645
f 643 	307 	645
f 305 	307 	643
f 641 	305 	643
f 303 	305 	641
f 639 	303 	641
f 301 	303 	639
f 637 	301 	639
f 299 	301 	637
f 635 	299 	637
f 297 	299 	635
f 633 	297 	635
f 295 	297 	633
f 631 	295 	633
f 293 	295 	631
f 629 	293 	631
f 290 	293 	629
f 626 	290 	629
f 287 	290 	626
f 623 	287 	626
f 284 	287 	623
f 620 	284 	623
f 280 	284 	620
f 616 	280 	620
f 276 	280 	616
f 612 	276 	616
f 272 	276 	612
f 608 	272 	612
f 268 	272 	608
f 604 	268 	608
f 264 	268 	604
f 600 	264 	604
f 260 	264 	600
f 596 	260 	600
f 256 	260 	596
f 592 	256 	596
f 252 	256 	592
f 588 	252 	592
f 249 	252 	588
f 585 	249 	588
f 245 	249 	585
f 581 	245 	585
f 238 	245 	581
f 574 	238 	581
f 236 	238 	574
f 572 	236 	574
f 234 	236 	572
f 570 	234 	572
f 232 	234 	570
f 568 	232 	570
f 185 	232 	568
f 519 	185 	568
f 184 	185 	519
f 520 	184 	519
f 183 	184 	520
f 521 	183 	520
f 187 	183 	521
f 522 	187 	521
f 186 	187 	522
f 523 	186 	522
f 189 	186 	523
f 524 	189 	523
f 188 	189 	524
f 525 	188 	524
f 191 	188 	525
f 526 	191 	525
f 190 	191 	526
f 527 	190 	526
f 193 	190 	527
f 528 	193 	527
f 192 	193 	528
f 529 	192 	528
f 195 	192 	529
f 530 	195 	529
f 194 	195 	530
f 531 	194 	530
f 197 	194 	531
f 532 	197 	531
f 196 	197 	532
f 533 	196 	532
f 199 	196 	533
f 534 	199 	533
f 198 	199 	534
f 535 	198 	534
f 201 	198 	535
f 536 	201 	535
f 200 	201 	536
f 537 	200 	536
f 203 	200 	537
f 538 	203 	537
f 202 	203 	538
f 539 	202 	538
f 205 	202 	539
f 540 	205 	539
f 204 	205 	540
f 541 	204 	540
f 207 	204 	541
f 542 	207 	541
f 206 	207 	542
f 543 	206 	542
f 209 	206 	543
f 544 	209 	543
f 208 	209 	544
f 545 	208 	544
f 211 	208 	545
f 546 	211 	545
f 210 	211 	546
f 547 	210 	546
f 213 	210 	547
f 548 	213 	547
f 212 	213 	548
f 549 	212 	548
f 215 	212 	549
f 550 	215 	549
f 214 	215 	550
f 551 	214 	550
f 217 	214 	551
f 552 	217 	551
f 216 	217 	552
f 553 	216 	552
f 219 	216 	553
f 554 	219 	553
f 218 	219 	554
f 555 	218 	554
f 221 	218 	555
f 556 	221 	555
f 220 	221 	556
f 557 	220 	556
f 223 	220 	557
f 558 	223 	557
f 222 	223 	558
f 559 	222 	558
f 225 	222 	559
f 560 	225 	559
f 224 	225 	560
f 561 	224 	560
f 227 	224 	561
f 562 	227 	561
f 226 	227 	562
f 563 	226 	562
f 229 	226 	563
f 564 	229 	563
f 228 	229 	564
f 565 	228 	564
f 230 	228 	565
f 566 	230 	565
f 35 	230 	566
f 369 	35 	566
f 34 	35 	369
f 370 	34 	369
f 33 	34 	370
f 371 	33 	370
f 706 	705 	707
f 709 	708 	705
f 711 	710 	708
f 713 	712 	710
f 715 	714 	712
f 717 	716 	714
f 719 	718 	716
f 721 	720 	718
f 723 	722 	720
f 725 	724 	722
f 727 	726 	724
f 729 	728 	726
f 731 	730 	728
f 733 	732 	730
f 735 	734 	732
f 737 	736 	734
f 739 	738 	736
f 741 	740 	738
f 743 	742 	740
f 745 	744 	746
f 748 	747 	744
f 750 	749 	747
f 752 	751 	749
f 754 	753 	751
f 756 	755 	753
f 758 	757 	755
f 760 	759 	757
f 762 	761 	759
f 764 	763 	761
f 766 	765 	763
f 768 	767 	765
f 770 	769 	767
f 772 	771 	769
f 774 	773 	771
f 776 	775 	773
f 778 	777 	775
f 780 	779 	777
f 782 	781 	779
f 784 	783 	781
f 786 	785 	783
f 788 	787 	785
f 790 	789 	787
f 792 	791 	789
f 794 	793 	791
f 796 	795 	793
f 798 	797 	795
f 800 	799 	797
f 802 	801 	799
f 804 	803 	801
f 806 	805 	803
f 808 	807 	805
f 810 	809 	807
f 812 	811 	809
f 814 	813 	811
f 816 	815 	813
f 818 	817 	815
f 820 	819 	817
f 822 	821 	819
f 824 	823 	821
f 826 	825 	823
f 828 	827 	825
f 830 	829 	827
f 832 	831 	829
f 834 	833 	831
f 836 	835 	833
f 838 	837 	835
f 839 	707 	837
f 705 	708 	707
f 710 	712 	708
f 714 	716 	712
f 718 	720 	716
f 722 	724 	720
f 726 	728 	724
f 730 	732 	728
f 734 	736 	732
f 738 	740 	736
f 742 	840 	740
f 746 	744 	841
f 747 	749 	744
f 751 	753 	749
f 755 	757 	753
f 759 	761 	757
f 763 	765 	761
f 767 	769 	765
f 771 	773 	769
f 775 	777 	773
f 779 	781 	777
f 783 	785 	781
f 787 	789 	785
f 791 	793 	789
f 795 	797 	793
f 799 	801 	797
f 803 	805 	801
f 807 	809 	805
f 811 	813 	809
f 815 	817 	813
f 819 	821 	817
f 823 	825 	821
f 827 	829 	825
f 831 	833 	829
f 835 	837 	833
f 707 	708 	837
f 712 	716 	708
f 720 	724 	716
f 728 	732 	724
f 736 	740 	732
f 840 	842 	740
f 841 	744 	843
f 749 	753 	744
f 757 	761 	753
f 765 	769 	761
f 773 	777 	769
f 781 	785 	777
f 789 	793 	785
f 797 	801 	793
f 805 	809 	801
f 813 	817 	809
f 821 	825 	817
f 829 	833 	825
f 837 	708 	833
f 716 	724 	708
f 732 	740 	724
f 842 	844 	740
f 843 	744 	845
f 753 	761 	744
f 769 	777 	761
f 785 	793 	777
f 801 	809 	793
f 817 	825 	809
f 833 	708 	825
f 724 	740 	708
f 844 	846 	740
f 845 	744 	847
f 761 	777 	744
f 740 	846 	708
f 847 	744 	848
f 846 	849 	708
f 848 	744 	850
f 849 	851 	708
f 850 	744 	852
f 851 	853 	708
f 852 	744 	854
f 853 	855 	708
f 744 	777 	854
f 855 	856 	708
f 854 	777 	857
f 856 	858 	708
f 857 	777 	859
f 858 	860 	708
f 859 	777 	861
f 860 	862 	708
f 861 	777 	863
f 862 	864 	708
f 863 	777 	865
f 864 	866 	708
f 865 	777 	867
f 866 	868 	708
f 867 	777 	869
f 868 	870 	708
f 869 	777 	871
f 870 	872 	708
f 871 	777 	873
f 872 	874 	708
f 873 	777 	875
f 874 	876 	708
f 875 	777 	877
f 876 	878 	708
f 877 	777 	879
f 878 	880 	708
f 879 	777 	881
f 880 	882 	708
f 881 	777 	883
f 882 	884 	708
f 883 	777 	885
f 884 	886 	708
f 885 	777 	887
f 708 	886 	825
f 777 	793 	887
f 886 	888 	825
f 887 	793 	889
f 888 	890 	825
f 889 	793 	891
f 890 	892 	825
f 891 	793 	893
f 892 	894 	825
f 893 	793 	895
f 894 	896 	825
f 895 	793 	897
f 825 	896 	809
f 897 	793 	898
f 896 	899 	809
f 898 	793 	900
f 899 	901 	809
f 900 	793 	902
f 901 	903 	809
f 902 	793 	904
f 903 	905 	809
f 904 	793 	906
f 905 	907 	809
f 906 	793 	908
f 907 	909 	809
f 793 	809 	908
f 909 	910 	809
f 908 	809 	911
f 910 	912 	809
f 911 	809 	913
f 912 	914 	809
f 913 	809 	915
f 914 	916 	809
f 915 	809 	917
f 916 	918 	809
f 917 	809 	919
f 918 	920 	809
f 919 	809 	920
f 922 	921 	923
f 924 	923 	925
f 926 	925 	927
f 928 	927 	929
f 930 	929 	931
f 932 	931 	933
f 934 	933 	935
f 936 	935 	937
f 938 	937 	939
f 940 	939 	941
f 942 	941 	943
f 944 	943 	945
f 946 	945 	947
f 948 	947 	949
f 950 	949 	951
f 952 	951 	953
f 954 	953 	955
f 956 	955 	957
f 958 	957 	959
f 961 	960 	962
f 963 	962 	964
f 965 	964 	966
f 967 	966 	968
f 969 	968 	970
f 971 	970 	972
f 973 	972 	974
f 975 	974 	976
f 977 	976 	978
f 979 	978 	980
f 981 	980 	982
f 983 	982 	984
f 985 	984 	986
f 987 	986 	988
f 989 	988 	990
f 991 	990 	992
f 993 	992 	994
f 995 	994 	996
f 997 	996 	998
f 999 	998 	1000
f 1001 	1000 	1002
f 1003 	1002 	1004
f 1005 	1004 	1006
f 1007 	1006 	1008
f 1009 	1008 	1010
f 1011 	1010 	1012
f 1013 	1012 	1014
f 1015 	1014 	1016
f 1017 	1016 	1018
f 1019 	1018 	1020
f 1021 	1020 	1022
f 1023 	1022 	1024
f 1025 	1024 	1026
f 1027 	1026 	1028
f 1029 	1028 	1030
f 1031 	1030 	1032
f 1033 	1032 	1034
f 1035 	1034 	1036
f 1037 	1036 	1038
f 1039 	1038 	1040
f 1041 	1040 	1042
f 1043 	1042 	1044
f 1045 	1044 	1046
f 1047 	1046 	1048
f 1049 	1048 	1050
f 1051 	1050 	1052
f 1053 	1052 	1054
f 1055 	1054 	921
f 923 	921 	925
f 927 	925 	929
f 931 	929 	933
f 935 	933 	937
f 939 	937 	941
f 943 	941 	945
f 947 	945 	949
f 951 	949 	953
f 955 	953 	957
f 959 	957 	1056
f 960 	1057 	962
f 964 	962 	966
f 968 	966 	970
f 972 	970 	974
f 976 	974 	978
f 980 	978 	982
f 984 	982 	986
f 988 	986 	990
f 992 	990 	994
f 996 	994 	998
f 1000 	998 	1002
f 1004 	1002 	1006
f 1008 	1006 	1010
f 1012 	1010 	1014
f 1016 	1014 	1018
f 1020 	1018 	1022
f 1024 	1022 	1026
f 1028 	1026 	1030
f 1032 	1030 	1034
f 1036 	1034 	1038
f 1040 	1038 	1042
f 1044 	1042 	1046
f 1048 	1046 	1050
f 1052 	1050 	1054
f 921 	1054 	925
f 929 	925 	933
f 937 	933 	941
f 945 	941 	949
f 953 	949 	957
f 1056 	957 	1058
f 1057 	1059 	962
f 966 	962 	970
f 974 	970 	978
f 982 	978 	986
f 990 	986 	994
f 998 	994 	1002
f 1006 	1002 	1010
f 1014 	1010 	1018
f 1022 	1018 	1026
f 1030 	1026 	1034
f 1038 	1034 	1042
f 1046 	1042 	1050
f 1054 	1050 	925
f 933 	925 	941
f 949 	941 	957
f 1058 	957 	1060
f 1059 	1061 	962
f 970 	962 	978
f 986 	978 	994
f 1002 	994 	1010
f 1018 	1010 	1026
f 1034 	1026 	1042
f 1050 	1042 	925
f 941 	925 	957
f 1060 	957 	1062
f 1061 	1063 	962
f 978 	962 	994
f 957 	925 	1062
f 1063 	1064 	962
f 1062 	925 	1065
f 1064 	1066 	962
f 1065 	925 	1067
f 1066 	1068 	962
f 1067 	925 	1069
f 1068 	1070 	962
f 1069 	925 	1071
f 962 	1070 	994
f 1071 	925 	1072
f 1070 	1073 	994
f 1072 	925 	1074
f 1073 	1075 	994
f 1074 	925 	1076
f 1075 	1077 	994
f 1076 	925 	1078
f 1077 	1079 	994
f 1078 	925 	1080
f 1079 	1081 	994
f 1080 	925 	1082
f 1081 	1083 	994
f 1082 	925 	1084
f 1083 	1085 	994
f 1084 	925 	1086
f 1085 	1087 	994
f 1086 	925 	1088
f 1087 	1089 	994
f 1088 	925 	1090
f 1089 	1091 	994
f 1090 	925 	1092
f 1091 	1093 	994
f 1092 	925 	1094
f 1093 	1095 	994
f 1094 	925 	1096
f 1095 	1097 	994
f 1096 	925 	1098
f 1097 	1099 	994
f 1098 	925 	1100
f 1099 	1101 	994
f 1100 	925 	1102
f 1101 	1103 	994
f 925 	1042 	1102
f 994 	1103 	1010
f 1102 	1042 	1104
f 1103 	1105 	1010
f 1104 	1042 	1106
f 1105 	1107 	1010
f 1106 	1042 	1108
f 1107 	1109 	1010
f 1108 	1042 	1110
f 1109 	1111 	1010
f 1110 	1042 	1112
f 1111 	1113 	1010
f 1042 	1026 	1112
f 1113 	1114 	1010
f 1112 	1026 	1115
f 1114 	1116 	1010
f 1115 	1026 	1117
f 1116 	1118 	1010
f 1117 	1026 	1119
f 1118 	1120 	1010
f 1119 	1026 	1121
f 1120 	1122 	1010
f 1121 	1026 	1123
f 1122 	1124 	1010
f 1123 	1026 	1125
f 1010 	1124 	1026
f 1125 	1026 	1126
f 1124 	1127 	1026
f 1126 	1026 	1128
f 1127 	1129 	1026
f 1128 	1026 	1130
f 1129 	1131 	1026
f 1130 	1026 	1132
f 1131 	1133 	1026
f 1132 	1026 	1134
f 1133 	1135 	1026
f 1134 	1026 	1136
f 1135 	1136 	1026
f 709 	705 	923
f 924 	709 	923
f 708 	709 	924
f 925 	708 	924
f 711 	708 	925
f 926 	711 	925
f 710 	711 	926
f 927 	710 	926
f 713 	710 	927
f 928 	713 	927
f 712 	713 	928
f 929 	712 	928
f 715 	712 	929
f 930 	715 	929
f 714 	715 	930
f 931 	714 	930
f 717 	714 	931
f 932 	717 	931
f 716 	717 	932
f 933 	716 	932
f 719 	716 	933
f 934 	719 	933
f 718 	719 	934
f 935 	718 	934
f 721 	718 	935
f 936 	721 	935
f 720 	721 	936
f 937 	720 	936
f 723 	720 	937
f 938 	723 	937
f 722 	723 	938
f 939 	722 	938
f 725 	722 	939
f 940 	725 	939
f 724 	725 	940
f 941 	724 	940
f 727 	724 	941
f 942 	727 	941
f 726 	727 	942
f 943 	726 	942
f 729 	726 	943
f 944 	729 	943
f 728 	729 	944
f 945 	728 	944
f 731 	728 	945
f 946 	731 	945
f 730 	731 	946
f 947 	730 	946
f 733 	730 	947
f 948 	733 	947
f 732 	733 	948
f 949 	732 	948
f 735 	732 	949
f 950 	735 	949
f 734 	735 	950
f 951 	734 	950
f 737 	734 	951
f 952 	737 	951
f 736 	737 	952
f 953 	736 	952
f 739 	736 	953
f 954 	739 	953
f 738 	739 	954
f 955 	738 	954
f 741 	738 	955
f 956 	741 	955
f 740 	741 	956
f 957 	740 	956
f 743 	740 	957
f 958 	743 	957
f 742 	743 	958
f 959 	742 	958
f 840 	742 	959
f 1056 	840 	959
f 842 	840 	1056
f 1058 	842 	1056
f 844 	842 	1058
f 1060 	844 	1058
f 846 	844 	1060
f 1062 	846 	1060
f 849 	846 	1062
f 1065 	849 	1062
f 851 	849 	1065
f 1067 	851 	1065
f 853 	851 	1067
f 1069 	853 	1067
f 855 	853 	1069
f 1071 	855 	1069
f 856 	855 	1071
f 1072 	856 	1071
f 858 	856 	1072
f 1074 	858 	1072
f 860 	858 	1074
f 1076 	860 	1074
f 862 	860 	1076
f 1078 	862 	1076
f 864 	862 	1078
f 1080 	864 	1078
f 866 	864 	1080
f 1082 	866 	1080
f 868 	866 	1082
f 1084 	868 	1082
f 870 	868 	1084
f 1086 	870 	1084
f 872 	870 	1086
f 1088 	872 	1086
f 874 	872 	1088
f 1090 	874 	1088
f 876 	874 	1090
f 1092 	876 	1090
f 878 	876 	1092
f 1094 	878 	1092
f 880 	878 	1094
f 1096 	880 	1094
f 882 	880 	1096
f 1098 	882 	1096
f 884 	882 	1098
f 1100 	884 	1098
f 886 	884 	1100
f 1102 	886 	1100
f 888 	886 	1102
f 1104 	888 	1102
f 890 	888 	1104
f 1106 	890 	1104
f 892 	890 	1106
f 1108 	892 	1106
f 894 	892 	1108
f 1110 	894 	1108
f 896 	894 	1110
f 1112 	896 	1110
f 899 	896 	1112
f 1115 	899 	1112
f 901 	899 	1115
f 1117 	901 	1115
f 903 	901 	1117
f 1119 	903 	1117
f 905 	903 	1119
f 1121 	905 	1119
f 907 	905 	1121
f 1123 	907 	1121
f 909 	907 	1123
f 1125 	909 	1123
f 910 	909 	1125
f 1126 	910 	1125
f 912 	910 	1126
f 1128 	912 	1126
f 914 	912 	1128
f 1130 	914 	1128
f 916 	914 	1130
f 1132 	916 	1130
f 918 	916 	1132
f 1134 	918 	1132
f 920 	918 	1134
f 1136 	920 	1134
f 919 	920 	1136
f 1135 	919 	1136
f 917 	919 	1135
f 1133 	917 	1135
f 915 	917 	1133
f 1131 	915 	1133
f 913 	915 	1131
f 1129 	913 	1131
f 911 	913 	1129
f 1127 	911 	1129
f 908 	911 	1127
f 1124 	908 	1127
f 906 	908 	1124
f 1122 	906 	1124
f 904 	906 	1122
f 1120 	904 	1122
f 902 	904 	1120
f 1118 	902 	1120
f 900 	902 	1118
f 1116 	900 	1118
f 898 	900 	1116
f 1114 	898 	1116
f 897 	898 	1114
f 1113 	897 	1114
f 895 	897 	1113
f 1111 	895 	1113
f 893 	895 	1111
f 1109 	893 	1111
f 891 	893 	1109
f 1107 	891 	1109
f 889 	891 	1107
f 1105 	889 	1107
f 887 	889 	1105
f 1103 	887 	1105
f 885 	887 	1103
f 1101 	885 	1103
f 883 	885 	1101
f 1099 	883 	1101
f 881 	883 	1099
f 1097 	881 	1099
f 879 	881 	1097
f 1095 	879 	1097
f 877 	879 	1095
f 1093 	877 	1095
f 875 	877 	1093
f 1091 	875 	1093
f 873 	875 	1091
f 1089 	873 	1091
f 871 	873 	1089
f 1087 	871 	1089
f 869 	871 	1087
f 1085 	869 	1087
f 867 	869 	1085
f 1083 	867 	1085
f 865 	867 	1083
f 1081 	865 	1083
f 863 	865 	1081
f 1079 	863 	1081
f 861 	863 	1079
f 1077 	861 	1079
f 859 	861 	1077
f 1075 	859 	1077
f 857 	859 	1075
f 1073 	857 	1075
f 854 	857 	1073
f 1070 	854 	1073
f 852 	854 	1070
f 1068 	852 	1070
f 850 	852 	1068
f 1066 	850 	1068
f 848 	850 	1066
f 1064 	848 	1066
f 847 	848 	1064
f 1063 	847 	1064
f 845 	847 	1063
f 1061 	845 	1063
f 843 	845 	1061
f 1059 	843 	1061
f 841 	843 	1059
f 1057 	841 	1059
f 746 	841 	1057
f 960 	746 	1057
f 745 	746 	960
f 961 	745 	960
f 744 	745 	961
f 962 	744 	961
f 748 	744 	962
f 963 	748 	962
f 747 	748 	963
f 964 	747 	963
f 750 	747 	964
f 965 	750 	964
f 749 	750 	965
f 966 	749 	965
f 752 	749 	966
f 967 	752 	966
f 751 	752 	967
f 968 	751 	967
f 754 	751 	968
f 969 	754 	968
f 753 	754 	969
f 970 	753 	969
f 756 	753 	970
f 971 	756 	970
f 755 	756 	971
f 972 	755 	971
f 758 	755 	972
f 973 	758 	972
f 757 	758 	973
f 974 	757 	973
f 760 	757 	974
f 975 	760 	974
f 759 	760 	975
f 976 	759 	975
f 762 	759 	976
f 977 	762 	976
f 761 	762 	977
f 978 	761 	977
f 764 	761 	978
f 979 	764 	978
f 763 	764 	979
f 980 	763 	979
f 766 	763 	980
f 981 	766 	980
f 765 	766 	981
f 982 	765 	981
f 768 	765 	982
f 983 	768 	982
f 767 	768 	983
f 984 	767 	983
f 770 	767 	984
f 985 	770 	984
f 769 	770 	985
f 986 	769 	985
f 772 	769 	986
f 987 	772 	986
f 771 	772 	987
f 988 	771 	987
f 774 	771 	988
f 989 	774 	988
f 773 	774 	989
f 990 	773 	989
f 776 	773 	990
f 991 	776 	990
f 775 	776 	991
f 992 	775 	991
f 778 	775 	992
f 993 	778 	992
f 777 	778 	993
f 994 	777 	993
f 780 	777 	994
f 995 	780 	994
f 779 	780 	995
f 996 	779 	995
f 782 	779 	996
f 997 	782 	996
f 781 	782 	997
f 998 	781 	997
f 784 	781 	998
f 999 	784 	998
f 783 	784 	999
f 1000 	783 	999
f 786 	783 	1000
f 1001 	786 	1000
f 785 	786 	1001
f 1002 	785 	1001
f 788 	785 	1002
f 1003 	788 	1002
f 787 	788 	1003
f 1004 	787 	1003
f 790 	787 	1004
f 1005 	790 	1004
f 789 	790 	1005
f 1006 	789 	1005
f 792 	789 	1006
f 1007 	792 	1006
f 791 	792 	1007
f 1008 	791 	1007
f 794 	791 	1008
f 1009 	794 	1008
f 793 	794 	1009
f 1010 	793 	1009
f 796 	793 	1010
f 1011 	796 	1010
f 795 	796 	1011
f 1012 	795 	1011
f 798 	795 	1012
f 1013 	798 	1012
f 797 	798 	1013
f 1014 	797 	1013
f 800 	797 	1014
f 1015 	800 	1014
f 799 	800 	1015
f 1016 	799 	1015
f 802 	799 	1016
f 1017 	802 	1016
f 801 	802 	1017
f 1018 	801 	1017
f 804 	801 	1018
f 1019 	804 	1018
f 803 	804 	1019
f 1020 	803 	1019
f 806 	803 	1020
f 1021 	806 	1020
f 805 	806 	1021
f 1022 	805 	1021
f 808 	805 	1022
f 1023 	808 	1022
f 807 	808 	1023
f 1024 	807 	1023
f 810 	807 	1024
f 1025 	810 	1024
f 809 	810 	1025
f 1026 	809 	1025
f 812 	809 	1026
f 1027 	812 	1026
f 811 	812 	1027
f 1028 	811 	1027
f 814 	811 	1028
f 1029 	814 	1028
f 813 	814 	1029
f 1030 	813 	1029
f 816 	813 	1030
f 1031 	816 	1030
f 815 	816 	1031
f 1032 	815 	1031
f 818 	815 	1032
f 1033 	818 	1032
f 817 	818 	1033
f 1034 	817 	1033
f 820 	817 	1034
f 1035 	820 	1034
f 819 	820 	1035
f 1036 	819 	1035
f 822 	819 	1036
f 1037 	822 	1036
f 821 	822 	1037
f 1038 	821 	1037
f 824 	821 	1038
f 1039 	824 	1038
f 823 	824 	1039
f 1040 	823 	1039
f 826 	823 	1040
f 1041 	826 	1040
f 825 	826 	1041
f 1042 	825 	1041
f 828 	825 	1042
f 1043 	828 	1042
f 827 	828 	1043
f 1044 	827 	1043
f 830 	827 	1044
f 1045 	830 	1044
f 829 	830 	1045
f 1046 	829 	1045
f 832 	829 	1046
f 1047 	832 	1046
f 831 	832 	1047
f 1048 	831 	1047
f 834 	831 	1048
f 1049 	834 	1048
f 833 	834 	1049
f 1050 	833 	1049
f 836 	833 	1050
f 1051 	836 	1050
f 835 	836 	1051
f 1052 	835 	1051
f 838 	835 	1052
f 1053 	838 	1052
f 837 	838 	1053
f 1054 	837 	1053
f 839 	837 	1054
f 1055 	839 	1054
f 707 	839 	1055
f 921 	707 	1055
f 706 	707 	921
f 922 	706 	921
f 705 	706 	922
f 923 	705 	922
f 1138 	1137 	1139
f 1141 	1140 	1142
f 1144 	1143 	1145
f 1147 	1146 	1148
f 1150 	1149 	1146
f 1152 	1151 	1149
f 1154 	1153 	1151
f 1156 	1155 	1153
f 1158 	1157 	1155
f 1160 	1159 	1157
f 1162 	1161 	1159
f 1164 	1163 	1161
f 1166 	1165 	1163
f 1168 	1167 	1165
f 1170 	1169 	1167
f 1172 	1171 	1169
f 1174 	1173 	1171
f 1176 	1175 	1173
f 1178 	1177 	1175
f 1180 	1179 	1177
f 1182 	1181 	1179
f 1184 	1183 	1181
f 1186 	1185 	1183
f 1188 	1187 	1185
f 1190 	1189 	1187
f 1192 	1191 	1189
f 1194 	1193 	1191
f 1196 	1195 	1197
f 1199 	1198 	1195
f 1201 	1200 	1202
f 1203 	1139 	1204
f 1137 	1205 	1139
f 1140 	1206 	1142
f 1148 	1146 	1207
f 1149 	1151 	1146
f 1153 	1155 	1151
f 1157 	1159 	1155
f 1161 	1163 	1159
f 1165 	1167 	1163
f 1169 	1171 	1167
f 1173 	1175 	1171
f 1177 	1179 	1175
f 1181 	1183 	1179
f 1185 	1187 	1183
f 1189 	1191 	1187
f 1193 	1208 	1191
f 1198 	1209 	1195
f 1204 	1139 	1210
f 1205 	1211 	1139
f 1207 	1146 	1212
f 1151 	1155 	1146
f 1159 	1163 	1155
f 1167 	1171 	1163
f 1175 	1179 	1171
f 1183 	1187 	1179
f 1191 	1208 	1187
f 1209 	1213 	1195
f 1210 	1139 	1214
f 1211 	1215 	1139
f 1212 	1146 	1216
f 1155 	1163 	1146
f 1171 	1179 	1163
f 1187 	1208 	1179
f 1213 	1217 	1195
f 1214 	1139 	1218
f 1215 	1219 	1139
f 1216 	1146 	1143
f 1163 	1179 	1146
f 1195 	1217 	1197
f 1218 	1139 	1220
f 1219 	1221 	1139
f 1143 	1146 	1145
f 1217 	1202 	1197
f 1220 	1139 	1222
f 1221 	1223 	1139
f 1145 	1146 	1224
f 1202 	1200 	1197
f 1222 	1139 	1225
f 1223 	1226 	1139
f 1224 	1146 	1227
f 1200 	1228 	1197
f 1225 	1139 	1229
f 1226 	1230 	1139
f 1227 	1146 	1231
f 1228 	1232 	1197
f 1229 	1139 	1233
f 1230 	1234 	1139
f 1231 	1146 	1235
f 1232 	1236 	1197
f 1233 	1139 	1237
f 1234 	1238 	1139
f 1146 	1179 	1235
f 1236 	1239 	1197
f 1237 	1139 	1240
f 1238 	1241 	1139
f 1235 	1179 	1242
f 1239 	1243 	1197
f 1240 	1139 	1244
f 1241 	1245 	1139
f 1242 	1179 	1246
f 1243 	1247 	1197
f 1244 	1139 	1248
f 1245 	1249 	1139
f 1246 	1179 	1250
f 1247 	1251 	1197
f 1248 	1139 	1252
f 1249 	1253 	1139
f 1250 	1179 	1254
f 1251 	1255 	1197
f 1252 	1139 	1256
f 1253 	1257 	1139
f 1254 	1179 	1258
f 1255 	1259 	1197
f 1139 	1257 	1256
f 1258 	1179 	1260
f 1259 	1261 	1197
f 1256 	1257 	1262
f 1260 	1179 	1263
f 1197 	1261 	1208
f 1262 	1257 	1264
f 1263 	1179 	1265
f 1261 	1266 	1208
f 1264 	1257 	1267
f 1265 	1179 	1268
f 1266 	1269 	1208
f 1267 	1257 	1270
f 1268 	1179 	1271
f 1269 	1272 	1208
f 1270 	1257 	1273
f 1271 	1179 	1274
f 1272 	1275 	1208
f 1273 	1257 	1276
f 1274 	1179 	1277
f 1275 	1278 	1208
f 1276 	1257 	1279
f 1277 	1179 	1280
f 1278 	1281 	1208
f 1279 	1257 	1282
f 1280 	1179 	1283
f 1281 	1284 	1208
f 1282 	1257 	1285
f 1283 	1179 	1286
f 1284 	1287 	1208
f 1285 	1257 	1287
f 1286 	1179 	1288
f 1208 	1287 	1179
f 1257 	1289 	1287
f 1288 	1179 	1290
f 1289 	1291 	1287
f 1290 	1179 	1292
f 1291 	1293 	1287
f 1292 	1179 	1294
f 1293 	1295 	1287
f 1294 	1179 	1296
f 1295 	1297 	1287
f 1296 	1179 	1298
f 1297 	1299 	1287
f 1298 	1179 	1300
f 1299 	1301 	1287
f 1300 	1179 	1302
f 1301 	1303 	1287
f 1302 	1179 	1304
f 1303 	1305 	1287
f 1304 	1179 	1306
f 1305 	1307 	1287
f 1306 	1179 	1308
f 1307 	1309 	1287
f 1308 	1179 	1310
f 1309 	1311 	1287
f 1310 	1179 	1312
f 1311 	1313 	1287
f 1312 	1179 	1314
f 1313 	1142 	1287
f 1314 	1179 	1315
f 1142 	1206 	1287
f 1179 	1287 	1315
f 1206 	1316 	1287
f 1315 	1287 	1317
f 1316 	1318 	1287
f 1317 	1287 	1319
f 1318 	1320 	1287
f 1319 	1287 	1321
f 1320 	1322 	1287
f 1321 	1287 	1323
f 1322 	1324 	1287
f 1323 	1287 	1325
f 1324 	1326 	1287
f 1325 	1287 	1327
f 1326 	1327 	1287
f 1329 	1328 	1330
f 1332 	1331 	1333
f 1335 	1334 	1336
f 1338 	1337 	1339
f 1340 	1339 	1341
f 1342 	1341 	1343
f 1344 	1343 	1345
f 1346 	1345 	1347
f 1348 	1347 	1349
f 1350 	1349 	1351
f 1352 	1351 	1353
f 1354 	1353 	1355
f 1356 	1355 	1357
f 1358 	1357 	1359
f 1360 	1359 	1361
f 1362 	1361 	1363
f 1364 	1363 	1365
f 1366 	1365 	1367
f 1368 	1367 	1369
f 1370 	1369 	1371
f 1372 	1371 	1373
f 1374 	1373 	1375
f 1376 	1375 	1377
f 1378 	1377 	1379
f 1380 	1379 	1381
f 1382 	1381 	1383
f 1384 	1383 	1385
f 1387 	1386 	1388
f 1389 	1388 	1390
f 1392 	1391 	1393
f 1395 	1394 	1328
f 1330 	1328 	1396
f 1333 	1331 	1397
f 1337 	1398 	1339
f 1341 	1339 	1343
f 1345 	1343 	1347
f 1349 	1347 	1351
f 1353 	1351 	1355
f 1357 	1355 	1359
f 1361 	1359 	1363
f 1365 	1363 	1367
f 1369 	1367 	1371
f 1373 	1371 	1375
f 1377 	1375 	1379
f 1381 	1379 	1383
f 1385 	1383 	1399
f 1390 	1388 	1400
f 1394 	1401 	1328
f 1396 	1328 	1402
f 1398 	1403 	1339
f 1343 	1339 	1347
f 1351 	1347 	1355
f 1359 	1355 	1363
f 1367 	1363 	1371
f 1375 	1371 	1379
f 1383 	1379 	1399
f 1400 	1388 	1404
f 1401 	1405 	1328
f 1402 	1328 	1406
f 1403 	1407 	1339
f 1347 	1339 	1355
f 1363 	1355 	1371
f 1379 	1371 	1399
f 1404 	1388 	1408
f 1405 	1409 	1328
f 1406 	1328 	1410
f 1407 	1336 	1339
f 1355 	1339 	1371
f 1388 	1386 	1408
f 1409 	1411 	1328
f 1410 	1328 	1412
f 1336 	1334 	1339
f 1408 	1386 	1391
f 1411 	1413 	1328
f 1412 	1328 	1414
f 1334 	1415 	1339
f 1391 	1386 	1393
f 1413 	1416 	1328
f 1414 	1328 	1417
f 1415 	1418 	1339
f 1393 	1386 	1419
f 1416 	1420 	1328
f 1417 	1328 	1421
f 1418 	1422 	1339
f 1419 	1386 	1423
f 1420 	1424 	1328
f 1421 	1328 	1425
f 1422 	1426 	1339
f 1423 	1386 	1427
f 1424 	1428 	1328
f 1425 	1328 	1429
f 1339 	1426 	1371
f 1427 	1386 	1430
f 1428 	1431 	1328
f 1429 	1328 	1432
f 1426 	1433 	1371
f 1430 	1386 	1434
f 1431 	1435 	1328
f 1432 	1328 	1436
f 1433 	1437 	1371
f 1434 	1386 	1438
f 1435 	1439 	1328
f 1436 	1328 	1440
f 1437 	1441 	1371
f 1438 	1386 	1442
f 1439 	1443 	1328
f 1440 	1328 	1444
f 1441 	1445 	1371
f 1442 	1386 	1446
f 1443 	1447 	1328
f 1444 	1328 	1448
f 1445 	1449 	1371
f 1446 	1386 	1450
f 1328 	1447 	1448
f 1449 	1451 	1371
f 1450 	1386 	1452
f 1447 	1453 	1448
f 1451 	1454 	1371
f 1386 	1399 	1452
f 1453 	1455 	1448
f 1454 	1456 	1371
f 1452 	1399 	1457
f 1455 	1458 	1448
f 1456 	1459 	1371
f 1457 	1399 	1460
f 1458 	1461 	1448
f 1459 	1462 	1371
f 1460 	1399 	1463
f 1461 	1464 	1448
f 1462 	1465 	1371
f 1463 	1399 	1466
f 1464 	1467 	1448
f 1465 	1468 	1371
f 1466 	1399 	1469
f 1467 	1470 	1448
f 1468 	1471 	1371
f 1469 	1399 	1472
f 1470 	1473 	1448
f 1471 	1474 	1371
f 1472 	1399 	1475
f 1473 	1476 	1448
f 1474 	1477 	1371
f 1475 	1399 	1478
f 1476 	1478 	1448
f 1477 	1479 	1371
f 1399 	1371 	1478
f 1448 	1478 	1480
f 1479 	1481 	1371
f 1480 	1478 	1482
f 1481 	1483 	1371
f 1482 	1478 	1484
f 1483 	1485 	1371
f 1484 	1478 	1486
f 1485 	1487 	1371
f 1486 	1478 	1488
f 1487 	1489 	1371
f 1488 	1478 	1490
f 1489 	1491 	1371
f 1490 	1478 	1492
f 1491 	1493 	1371
f 1492 	1478 	1494
f 1493 	1495 	1371
f 1494 	1478 	1496
f 1495 	1497 	1371
f 1496 	1478 	1498
f 1497 	1499 	1371
f 1498 	1478 	1500
f 1499 	1501 	1371
f 1500 	1478 	1502
f 1501 	1503 	1371
f 1502 	1478 	1504
f 1503 	1505 	1371
f 1504 	1478 	1331
f 1505 	1506 	1371
f 1331 	1478 	1397
f 1371 	1506 	1478
f 1397 	1478 	1507
f 1506 	1508 	1478
f 1507 	1478 	1509
f 1508 	1510 	1478
f 1509 	1478 	1511
f 1510 	1512 	1478
f 1511 	1478 	1513
f 1512 	1514 	1478
f 1513 	1478 	1515
f 1514 	1516 	1478
f 1515 	1478 	1517
f 1516 	1518 	1478
f 1517 	1478 	1518
f 1205 	1137 	1330
f 1396 	1205 	1330
f 1211 	1205 	1396
f 1402 	1211 	1396
f 1215 	1211 	1402
f 1406 	1215 	1402
f 1219 	1215 	1406
f 1410 	1219 	1406
f 1221 	1219 	1410
f 1412 	1221 	1410
f 1223 	1221 	1412
f 1414 	1223 	1412
f 1226 	1223 	1414
f 1417 	1226 	1414
f 1230 	1226 	1417
f 1421 	1230 	1417
f 1234 	1230 	1421
f 1425 	1234 	1421
f 1238 	1234 	1425
f 1429 	1238 	1425
f 1241 	1238 	1429
f 1432 	1241 	1429
f 1245 	1241 	1432
f 1436 	1245 	1432
f 1249 	1245 	1436
f 1440 	1249 	1436
f 1253 	1249 	1440
f 1444 	1253 	1440
f 1257 	1253 	1444
f 1448 	1257 	1444
f 1289 	1257 	1448
f 1480 	1289 	1448
f 1291 	1289 	1480
f 1482 	1291 	1480
f 1293 	1291 	1482
f 1484 	1293 	1482
f 1295 	1293 	1484
f 1486 	1295 	1484
f 1297 	1295 	1486
f 1488 	1297 	1486
f 1299 	1297 	1488
f 1490 	1299 	1488
f 1301 	1299 	1490
f 1492 	1301 	1490
f 1303 	1301 	1492
f 1494 	1303 	1492
f 1305 	1303 	1494
f 1496 	1305 	1494
f 1307 	1305 	1496
f 1498 	1307 	1496
f 1309 	1307 	1498
f 1500 	1309 	1498
f 1311 	1309 	1500
f 1502 	1311 	1500
f 1313 	1311 	1502
f 1504 	1313 	1502
f 1142 	1313 	1504
f 1331 	1142 	1504
f 1141 	1142 	1331
f 1332 	1141 	1331
f 1140 	1141 	1332
f 1333 	1140 	1332
f 1206 	1140 	1333
f 1397 	1206 	1333
f 1316 	1206 	1397
f 1507 	1316 	1397
f 1318 	1316 	1507
f 1509 	1318 	1507
f 1320 	1318 	1509
f 1511 	1320 	1509
f 1322 	1320 	1511
f 1513 	1322 	1511
f 1324 	1322 	1513
f 1515 	1324 	1513
f 1326 	1324 	1515
f 1517 	1326 	1515
f 1327 	1326 	1517
f 1518 	1327 	1517
f 1325 	1327 	1518
f 1516 	1325 	1518
f 1323 	1325 	1516
f 1514 	1323 	1516
f 1321 	1323 	1514
f 1512 	1321 	1514
f 1319 	1321 	1512
f 1510 	1319 	1512
f 1317 	1319 	1510
f 1508 	1317 	1510
f 1315 	1317 	1508
f 1506 	1315 	1508
f 1314 	1315 	1506
f 1505 	1314 	1506
f 1312 	1314 	1505
f 1503 	1312 	1505
f 1310 	1312 	1503
f 1501 	1310 	1503
f 1308 	1310 	1501
f 1499 	1308 	1501
f 1306 	1308 	1499
f 1497 	1306 	1499
f 1304 	1306 	1497
f 1495 	1304 	1497
f 1302 	1304 	1495
f 1493 	1302 	1495
f 1300 	1302 	1493
f 1491 	1300 	1493
f 1298 	1300 	1491
f 1489 	1298 	1491
f 1296 	1298 	1489
f 1487 	1296 	1489
f 1294 	1296 	1487
f 1485 	1294 	1487
f 1292 	1294 	1485
f 1483 	1292 	1485
f 1290 	1292 	1483
f 1481 	1290 	1483
f 1288 	1290 	1481
f 1479 	1288 	1481
f 1286 	1288 	1479
f 1477 	1286 	1479
f 1283 	1286 	1477
f 1474 	1283 	1477
f 1280 	1283 	1474
f 1471 	1280 	1474
f 1277 	1280 	1471
f 1468 	1277 	1471
f 1274 	1277 	1468
f 1465 	1274 	1468
f 1271 	1274 	1465
f 1462 	1271 	1465
f 1268 	1271 	1462
f 1459 	1268 	1462
f 1265 	1268 	1459
f 1456 	1265 	1459
f 1263 	1265 	1456
f 1454 	1263 	1456
f 1260 	1263 	1454
f 1451 	1260 	1454
f 1258 	1260 	1451
f 1449 	1258 	1451
f 1254 	1258 	1449
f 1445 	1254 	1449
f 1250 	1254 	1445
f 1441 	1250 	1445
f 1246 	1250 	1441
f 1437 	1246 	1441
f 1242 	1246 	1437
f 1433 	1242 	1437
f 1235 	1242 	1433
f 1426 	1235 	1433
f 1231 	1235 	1426
f 1422 	1231 	1426
f 1227 	1231 	1422
f 1418 	1227 	1422
f 1224 	1227 	1418
f 1415 	1224 	1418
f 1145 	1224 	1415
f 1334 	1145 	1415
f 1144 	1145 	1334
f 1335 	1144 	1334
f 1143 	1144 	1335
f 1336 	1143 	1335
f 1216 	1143 	1336
f 1407 	1216 	1336
f 1212 	1216 	1407
f 1403 	1212 	1407
f 1207 	1212 	1403
f 1398 	1207 	1403
f 1148 	1207 	1398
f 1337 	1148 	1398
f 1147 	1148 	1337
f 1338 	1147 	1337
f 1146 	1147 	1338
f 1339 	1146 	1338
f 1150 	1146 	1339
f 1340 	1150 	1339
f 1149 	1150 	1340
f 1341 	1149 	1340
f 1152 	1149 	1341
f 1342 	1152 	1341
f 1151 	1152 	1342
f 1343 	1151 	1342
f 1154 	1151 	1343
f 1344 	1154 	1343
f 1153 	1154 	1344
f 1345 	1153 	1344
f 1156 	1153 	1345
f 1346 	1156 	1345
f 1155 	1156 	1346
f 1347 	1155 	1346
f 1158 	1155 	1347
f 1348 	1158 	1347
f 1157 	1158 	1348
f 1349 	1157 	1348
f 1160 	1157 	1349
f 1350 	1160 	1349
f 1159 	1160 	1350
f 1351 	1159 	1350
f 1162 	1159 	1351
f 1352 	1162 	1351
f 1161 	1162 	1352
f 1353 	1161 	1352
f 1164 	1161 	1353
f 1354 	1164 	1353
f 1163 	1164 	1354
f 1355 	1163 	1354
f 1166 	1163 	1355
f 1356 	1166 	1355
f 1165 	1166 	1356
f 1357 	1165 	1356
f 1168 	1165 	1357
f 1358 	1168 	1357
f 1167 	1168 	1358
f 1359 	1167 	1358
f 1170 	1167 	1359
f 1360 	1170 	1359
f 1169 	1170 	1360
f 1361 	1169 	1360
f 1172 	1169 	1361
f 1362 	1172 	1361
f 1171 	1172 	1362
f 1363 	1171 	1362
f 1174 	1171 	1363
f 1364 	1174 	1363
f 1173 	1174 	1364
f 1365 	1173 	1364
f 1176 	1173 	1365
f 1366 	1176 	1365
f 1175 	1176 	1366
f 1367 	1175 	1366
f 1178 	1175 	1367
f 1368 	1178 	1367
f 1177 	1178 	1368
f 1369 	1177 	1368
f 1180 	1177 	1369
f 1370 	1180 	1369
f 1179 	1180 	1370
f 1371 	1179 	1370
f 1182 	1179 	1371
f 1372 	1182 	1371
f 1181 	1182 	1372
f 1373 	1181 	1372
f 1184 	1181 	1373
f 1374 	1184 	1373
f 1183 	1184 	1374
f 1375 	1183 	1374
f 1186 	1183 	1375
f 1376 	1186 	1375
f 1185 	1186 	1376
f 1377 	1185 	1376
f 1188 	1185 	1377
f 1378 	1188 	1377
f 1187 	1188 	1378
f 1379 	1187 	1378
f 1190 	1187 	1379
f 1380 	1190 	1379
f 1189 	1190 	1380
f 1381 	1189 	1380
f 1192 	1189 	1381
f 1382 	1192 	1381
f 1191 	1192 	1382
f 1383 	1191 	1382
f 1194 	1191 	1383
f 1384 	1194 	1383
f 1193 	1194 	1384
f 1385 	1193 	1384
f 1208 	1193 	1385
f 1399 	1208 	1385
f 1197 	1208 	1399
f 1386 	1197 	1399
f 1196 	1197 	1386
f 1387 	1196 	1386
f 1195 	1196 	1387
f 1388 	1195 	1387
f 1199 	1195 	1388
f 1389 	1199 	1388
f 1198 	1199 	1389
f 1390 	1198 	1389
f 1209 	1198 	1390
f 1400 	1209 	1390
f 1213 	1209 	1400
f 1404 	1213 	1400
f 1217 	1213 	1404
f 1408 	1217 	1404
f 1202 	1217 	1408
f 1391 	1202 	1408
f 1201 	1202 	1391
f 1392 	1201 	1391
f 1200 	1201 	1392
f 1393 	1200 	1392
f 1228 	1200 	1393
f 1419 	1228 	1393
f 1232 	1228 	1419
f 1423 	1232 	1419
f 1236 	1232 	1423
f 1427 	1236 	1423
f 1239 	1236 	1427
f 1430 	1239 	1427
f 1243 	1239 	1430
f 1434 	1243 	1430
f 1247 	1243 	1434
f 1438 	1247 	1434
f 1251 	1247 	1438
f 1442 	1251 	1438
f 1255 	1251 	1442
f 1446 	1255 	1442
f 1259 	1255 	1446
f 1450 	1259 	1446
f 1261 	1259 	1450
f 1452 	1261 	1450
f 1266 	1261 	1452
f 1457 	1266 	1452
f 1269 	1266 	1457
f 1460 	1269 	1457
f 1272 	1269 	1460
f 1463 	1272 	1460
f 1275 	1272 	1463
f 1466 	1275 	1463
f 1278 	1275 	1466
f 1469 	1278 	1466
f 1281 	1278 	1469
f 1472 	1281 	1469
f 1284 	1281 	1472
f 1475 	1284 	1472
f 1287 	1284 	1475
f 1478 	1287 	1475
f 1285 	1287 	1478
f 1476 	1285 	1478
f 1282 	1285 	1476
f 1473 	1282 	1476
f 1279 	1282 	1473
f 1470 	1279 	1473
f 1276 	1279 	1470
f 1467 	1276 	1470
f 1273 	1276 	1467
f 1464 	1273 	1467
f 1270 	1273 	1464
f 1461 	1270 	1464
f 1267 	1270 	1461
f 1458 	1267 	1461
f 1264 	1267 	1458
f 1455 	1264 	1458
f 1262 	1264 	1455
f 1453 	1262 	1455
f 1256 	1262 	1453
f 1447 	1256 	1453
f 1252 	1256 	1447
f 1443 	1252 	1447
f 1248 	1252 	1443
f 1439 	1248 	1443
f 1244 	1248 	1439
f 1435 	1244 	1439
f 1240 	1244 	1435
f 1431 	1240 	1435
f 1237 	1240 	1431
f 1428 	1237 	1431
f 1233 	1237 	1428
f 1424 	1233 	1428
f 1229 	1233 	1424
f 1420 	1229 	1424
f 1225 	1229 	1420
f 1416 	1225 	1420
f 1222 	1225 	1416
f 1413 	1222 	1416
f 1220 	1222 	1413
f 1411 	1220 	1413
f 1218 	1220 	1411
f 1409 	1218 	1411
f 1214 	1218 	1409
f 1405 	1214 	1409
f 1210 	1214 	1405
f 1401 	1210 	1405
f 1204 	1210 	1401
f 1394 	1204 	1401
f 1203 	1204 	1394
f 1395 	1203 	1394
f 1139 	1203 	1395
f 1328 	1139 	1395
f 1138 	1139 	1328
f 1329 	1138 	1328
f 1137 	1138 	1329
f 1330 	1137 	1329
f 1520 	1519 	1521
f 1523 	1522 	1519
f 1525 	1524 	1522
f 1527 	1526 	1524
f 1529 	1528 	1526
f 1531 	1530 	1528
f 1533 	1532 	1530
f 1535 	1534 	1532
f 1537 	1536 	1534
f 1539 	1538 	1536
f 1541 	1540 	1538
f 1543 	1542 	1540
f 1545 	1544 	1542
f 1547 	1546 	1544
f 1549 	1548 	1546
f 1551 	1550 	1552
f 1554 	1553 	1550
f 1556 	1555 	1553
f 1558 	1557 	1555
f 1560 	1559 	1557
f 1562 	1561 	1559
f 1564 	1563 	1561
f 1566 	1565 	1563
f 1568 	1567 	1565
f 1570 	1569 	1567
f 1572 	1571 	1569
f 1574 	1573 	1571
f 1576 	1575 	1573
f 1578 	1577 	1575
f 1580 	1579 	1577
f 1582 	1581 	1579
f 1584 	1583 	1581
f 1586 	1585 	1583
f 1588 	1587 	1585
f 1590 	1589 	1587
f 1592 	1591 	1589
f 1594 	1593 	1591
f 1596 	1595 	1593
f 1598 	1597 	1595
f 1600 	1599 	1597
f 1600 	1597 	1601
f 1603 	1602 	1597
f 1605 	1604 	1602
f 1607 	1606 	1604
f 1609 	1608 	1606
f 1611 	1610 	1608
f 1613 	1612 	1610
f 1615 	1614 	1612
f 1617 	1616 	1614
f 1619 	1618 	1616
f 1621 	1620 	1618
f 1623 	1622 	1620
f 1625 	1624 	1622
f 1626 	1521 	1624
f 1519 	1522 	1521
f 1524 	1526 	1522
f 1528 	1530 	1526
f 1532 	1534 	1530
f 1536 	1538 	1534
f 1540 	1542 	1538
f 1544 	1546 	1542
f 1548 	1627 	1546
f 1550 	1553 	1552
f 1555 	1557 	1553
f 1559 	1561 	1557
f 1563 	1565 	1561
f 1567 	1569 	1565
f 1571 	1573 	1569
f 1575 	1577 	1573
f 1579 	1581 	1577
f 1583 	1585 	1581
f 1587 	1589 	1585
f 1591 	1593 	1589
f 1595 	1597 	1593
f 1599 	1628 	1597
f 1597 	1602 	1601
f 1604 	1606 	1602
f 1608 	1610 	1606
f 1612 	1614 	1610
f 1616 	1618 	1614
f 1620 	1622 	1618
f 1624 	1521 	1622
f 1522 	1526 	1521
f 1530 	1534 	1526
f 1538 	1542 	1534
f 1546 	1627 	1542
f 1557 	1561 	1553
f 1565 	1569 	1561
f 1573 	1577 	1569
f 1581 	1585 	1577
f 1589 	1593 	1585
f 1597 	1628 	1593
f 1606 	1610 	1602
f 1614 	1618 	1610
f 1622 	1521 	1618
f 1526 	1534 	1521
f 1542 	1627 	1534
f 1561 	1569 	1553
f 1577 	1585 	1569
f 1593 	1628 	1585
f 1610 	1618 	1602
f 1521 	1534 	1618
f 1627 	1629 	1534
f 1628 	1630 	1585
f 1629 	1631 	1534
f 1630 	1632 	1585
f 1631 	1633 	1534
f 1632 	1634 	1585
f 1633 	1635 	1534
f 1634 	1636 	1585
f 1635 	1637 	1534
f 1636 	1638 	1585
f 1637 	1639 	1534
f 1638 	1640 	1585
f 1639 	1641 	1534
f 1640 	1642 	1585
f 1641 	1643 	1534
f 1642 	1644 	1585
f 1643 	1645 	1534
f 1585 	1644 	1569
f 1645 	1646 	1534
f 1644 	1647 	1569
f 1646 	1648 	1534
f 1647 	1649 	1569
f 1648 	1650 	1534
f 1649 	1651 	1569
f 1650 	1652 	1534
f 1651 	1653 	1569
f 1652 	1654 	1534
f 1653 	1655 	1569
f 1654 	1656 	1534
f 1655 	1657 	1569
f 1656 	1658 	1534
f 1657 	1659 	1569
f 1658 	1660 	1534
f 1569 	1659 	1553
f 1660 	1661 	1534
f 1659 	1662 	1553
f 1534 	1661 	1618
f 1662 	1663 	1553
f 1661 	1664 	1618
f 1663 	1665 	1553
f 1664 	1666 	1618
f 1665 	1667 	1553
f 1666 	1668 	1618
f 1667 	1669 	1553
f 1668 	1670 	1618
f 1669 	1671 	1553
f 1670 	1672 	1618
f 1671 	1673 	1553
f 1672 	1674 	1618
f 1673 	1675 	1553
f 1674 	1676 	1618
f 1675 	1677 	1553
f 1676 	1678 	1618
f 1677 	1679 	1553
f 1678 	1680 	1618
f 1679 	1681 	1553
f 1680 	1682 	1618
f 1681 	1683 	1553
f 1682 	1684 	1618
f 1683 	1685 	1553
f 1684 	1686 	1618
f 1685 	1687 	1553
f 1686 	1688 	1618
f 1687 	1689 	1553
f 1688 	1690 	1618
f 1689 	1691 	1553
f 1618 	1690 	1602
f 1691 	1692 	1553
f 1690 	1693 	1602
f 1692 	1694 	1553
f 1693 	1695 	1602
f 1694 	1601 	1553
f 1695 	1696 	1602
f 1553 	1601 	1552
f 1696 	1697 	1602
f 1601 	1602 	1552
f 1697 	1698 	1602
f 1552 	1602 	1699
f 1698 	1700 	1602
f 1699 	1602 	1701
f 1700 	1702 	1602
f 1701 	1602 	1703
f 1702 	1704 	1602
f 1703 	1602 	1705
f 1704 	1706 	1602
f 1705 	1602 	1707
f 1706 	1707 	1602
f 1709 	1708 	1710
f 1711 	1710 	1712
f 1713 	1712 	1714
f 1715 	1714 	1716
f 1717 	1716 	1718
f 1719 	1718 	1720
f 1721 	1720 	1722
f 1723 	1722 	1724
f 1725 	1724 	1726
f 1727 	1726 	1728
f 1729 	1728 	1730
f 1731 	1730 	1732
f 1733 	1732 	1734
f 1735 	1734 	1736
f 1737 	1736 	1738
f 1740 	1739 	1741
f 1742 	1741 	1743
f 1744 	1743 	1745
f 1746 	1745 	1747
f 1748 	1747 	1749
f 1750 	1749 	1751
f 1752 	1751 	1753
f 1754 	1753 	1755
f 1756 	1755 	1757
f 1758 	1757 	1759
f 1760 	1759 	1761
f 1762 	1761 	1763
f 1764 	1763 	1765
f 1766 	1765 	1767
f 1768 	1767 	1769
f 1770 	1769 	1771
f 1772 	1771 	1773
f 1774 	1773 	1775
f 1776 	1775 	1777
f 1778 	1777 	1779
f 1780 	1779 	1781
f 1782 	1781 	1783
f 1784 	1783 	1785
f 1786 	1785 	1787
f 1788 	1787 	1789
f 1788 	1790 	1787
f 1791 	1787 	1792
f 1793 	1792 	1794
f 1795 	1794 	1796
f 1797 	1796 	1798
f 1799 	1798 	1800
f 1801 	1800 	1802
f 1803 	1802 	1804
f 1805 	1804 	1806
f 1807 	1806 	1808
f 1809 	1808 	1810
f 1811 	1810 	1812
f 1813 	1812 	1814
f 1815 	1814 	1708
f 1710 	1708 	1712
f 1714 	1712 	1716
f 1718 	1716 	1720
f 1722 	1720 	1724
f 1726 	1724 	1728
f 1730 	1728 	1732
f 1734 	1732 	1736
f 1738 	1736 	1816
f 1741 	1739 	1743
f 1745 	1743 	1747
f 1749 	1747 	1751
f 1753 	1751 	1755
f 1757 	1755 	1759
f 1761 	1759 	1763
f 1765 	1763 	1767
f 1769 	1767 	1771
f 1773 	1771 	1775
f 1777 	1775 	1779
f 1781 	1779 	1783
f 1785 	1783 	1787
f 1789 	1787 	1817
f 1787 	1790 	1792
f 1794 	1792 	1796
f 1798 	1796 	1800
f 1802 	1800 	1804
f 1806 	1804 	1808
f 1810 	1808 	1812
f 1814 	1812 	1708
f 1712 	1708 	1716
f 1720 	1716 	1724
f 1728 	1724 	1732
f 1736 	1732 	1816
f 1747 	1743 	1751
f 1755 	1751 	1759
f 1763 	1759 	1767
f 1771 	1767 	1775
f 1779 	1775 	1783
f 1787 	1783 	1817
f 1796 	1792 	1800
f 1804 	1800 	1808
f 1812 	1808 	1708
f 1716 	1708 	1724
f 1732 	1724 	1816
f 1751 	1743 	1759
f 1767 	1759 	1775
f 1783 	1775 	1817
f 1800 	1792 	1808
f 1708 	1808 	1724
f 1816 	1724 	1818
f 1817 	1775 	1819
f 1818 	1724 	1820
f 1819 	1775 	1821
f 1820 	1724 	1822
f 1821 	1775 	1823
f 1822 	1724 	1824
f 1823 	1775 	1825
f 1824 	1724 	1826
f 1825 	1775 	1827
f 1826 	1724 	1828
f 1827 	1775 	1829
f 1828 	1724 	1830
f 1829 	1775 	1831
f 1830 	1724 	1832
f 1831 	1775 	1833
f 1832 	1724 	1834
f 1775 	1759 	1833
f 1834 	1724 	1835
f 1833 	1759 	1836
f 1835 	1724 	1837
f 1836 	1759 	1838
f 1837 	1724 	1839
f 1838 	1759 	1840
f 1839 	1724 	1841
f 1840 	1759 	1842
f 1841 	1724 	1843
f 1842 	1759 	1844
f 1843 	1724 	1845
f 1844 	1759 	1846
f 1845 	1724 	1847
f 1846 	1759 	1848
f 1847 	1724 	1849
f 1759 	1743 	1848
f 1849 	1724 	1850
f 1848 	1743 	1851
f 1724 	1808 	1850
f 1851 	1743 	1852
f 1850 	1808 	1853
f 1852 	1743 	1854
f 1853 	1808 	1855
f 1854 	1743 	1856
f 1855 	1808 	1857
f 1856 	1743 	1858
f 1857 	1808 	1859
f 1858 	1743 	1860
f 1859 	1808 	1861
f 1860 	1743 	1862
f 1861 	1808 	1863
f 1862 	1743 	1864
f 1863 	1808 	1865
f 1864 	1743 	1866
f 1865 	1808 	1867
f 1866 	1743 	1868
f 1867 	1808 	1869
f 1868 	1743 	1870
f 1869 	1808 	1871
f 1870 	1743 	1872
f 1871 	1808 	1873
f 1872 	1743 	1874
f 1873 	1808 	1875
f 1874 	1743 	1876
f 1875 	1808 	1877
f 1876 	1743 	1878
f 1877 	1808 	1879
f 1878 	1743 	1880
f 1808 	1792 	1879
f 1880 	1743 	1881
f 1879 	1792 	1882
f 1881 	1743 	1883
f 1882 	1792 	1884
f 1883 	1743 	1790
f 1884 	1792 	1885
f 1743 	1739 	1790
f 1885 	1792 	1886
f 1790 	1739 	1792
f 1886 	1792 	1887
f 1739 	1888 	1792
f 1887 	1792 	1889
f 1888 	1890 	1792
f 1889 	1792 	1891
f 1890 	1892 	1792
f 1891 	1792 	1893
f 1892 	1894 	1792
f 1893 	1792 	1895
f 1894 	1896 	1792
f 1895 	1792 	1896
f 1519 	1520 	1709
f 1710 	1519 	1709
f 1523 	1519 	1710
f 1711 	1523 	1710
f 1522 	1523 	1711
f 1712 	1522 	1711
f 1525 	1522 	1712
f 1713 	1525 	1712
f 1524 	1525 	1713
f 1714 	1524 	1713
f 1527 	1524 	1714
f 1715 	1527 	1714
f 1526 	1527 	1715
f 1716 	1526 	1715
f 1529 	1526 	1716
f 1717 	1529 	1716
f 1528 	1529 	1717
f 1718 	1528 	1717
f 1531 	1528 	1718
f 1719 	1531 	1718
f 1530 	1531 	1719
f 1720 	1530 	1719
f 1533 	1530 	1720
f 1721 	1533 	1720
f 1532 	1533 	1721
f 1722 	1532 	1721
f 1535 	1532 	1722
f 1723 	1535 	1722
f 1534 	1535 	1723
f 1724 	1534 	1723
f 1537 	1534 	1724
f 1725 	1537 	1724
f 1536 	1537 	1725
f 1726 	1536 	1725
f 1539 	1536 	1726
f 1727 	1539 	1726
f 1538 	1539 	1727
f 1728 	1538 	1727
f 1541 	1538 	1728
f 1729 	1541 	1728
f 1540 	1541 	1729
f 1730 	1540 	1729
f 1543 	1540 	1730
f 1731 	1543 	1730
f 1542 	1543 	1731
f 1732 	1542 	1731
f 1545 	1542 	1732
f 1733 	1545 	1732
f 1544 	1545 	1733
f 1734 	1544 	1733
f 1547 	1544 	1734
f 1735 	1547 	1734
f 1546 	1547 	1735
f 1736 	1546 	1735
f 1549 	1546 	1736
f 1737 	1549 	1736
f 1548 	1549 	1737
f 1738 	1548 	1737
f 1627 	1548 	1738
f 1816 	1627 	1738
f 1629 	1627 	1816
f 1818 	1629 	1816
f 1631 	1629 	1818
f 1820 	1631 	1818
f 1633 	1631 	1820
f 1822 	1633 	1820
f 1635 	1633 	1822
f 1824 	1635 	1822
f 1637 	1635 	1824
f 1826 	1637 	1824
f 1639 	1637 	1826
f 1828 	1639 	1826
f 1641 	1639 	1828
f 1830 	1641 	1828
f 1643 	1641 	1830
f 1832 	1643 	1830
f 1645 	1643 	1832
f 1834 	1645 	1832
f 1646 	1645 	1834
f 1835 	1646 	1834
f 1648 	1646 	1835
f 1837 	1648 	1835
f 1650 	1648 	1837
f 1839 	1650 	1837
f 1652 	1650 	1839
f 1841 	1652 	1839
f 1654 	1652 	1841
f 1843 	1654 	1841
f 1656 	1654 	1843
f 1845 	1656 	1843
f 1658 	1656 	1845
f 1847 	1658 	1845
f 1660 	1658 	1847
f 1849 	1660 	1847
f 1661 	1660 	1849
f 1850 	1661 	1849
f 1664 	1661 	1850
f 1853 	1664 	1850
f 1666 	1664 	1853
f 1855 	1666 	1853
f 1668 	1666 	1855
f 1857 	1668 	1855
f 1670 	1668 	1857
f 1859 	1670 	1857
f 1672 	1670 	1859
f 1861 	1672 	1859
f 1674 	1672 	1861
f 1863 	1674 	1861
f 1676 	1674 	1863
f 1865 	1676 	1863
f 1678 	1676 	1865
f 1867 	1678 	1865
f 1680 	1678 	1867
f 1869 	1680 	1867
f 1682 	1680 	1869
f 1871 	1682 	1869
f 1684 	1682 	1871
f 1873 	1684 	1871
f 1686 	1684 	1873
f 1875 	1686 	1873
f 1688 	1686 	1875
f 1877 	1688 	1875
f 1690 	1688 	1877
f 1879 	1690 	1877
f 1693 	1690 	1879
f 1882 	1693 	1879
f 1695 	1693 	1882
f 1884 	1695 	1882
f 1696 	1695 	1884
f 1885 	1696 	1884
f 1697 	1696 	1885
f 1886 	1697 	1885
f 1698 	1697 	1886
f 1887 	1698 	1886
f 1700 	1698 	1887
f 1889 	1700 	1887
f 1702 	1700 	1889
f 1891 	1702 	1889
f 1704 	1702 	1891
f 1893 	1704 	1891
f 1706 	1704 	1893
f 1895 	1706 	1893
f 1707 	1706 	1895
f 1896 	1707 	1895
f 1705 	1707 	1896
f 1894 	1705 	1896
f 1703 	1705 	1894
f 1892 	1703 	1894
f 1701 	1703 	1892
f 1890 	1701 	1892
f 1699 	1701 	1890
f 1888 	1699 	1890
f 1552 	1699 	1888
f 1739 	1552 	1888
f 1551 	1552 	1739
f 1740 	1551 	1739
f 1550 	1551 	1740
f 1741 	1550 	1740
f 1554 	1550 	1741
f 1742 	1554 	1741
f 1553 	1554 	1742
f 1743 	1553 	1742
f 1556 	1553 	1743
f 1744 	1556 	1743
f 1555 	1556 	1744
f 1745 	1555 	1744
f 1558 	1555 	1745
f 1746 	1558 	1745
f 1557 	1558 	1746
f 1747 	1557 	1746
f 1560 	1557 	1747
f 1748 	1560 	1747
f 1559 	1560 	1748
f 1749 	1559 	1748
f 1562 	1559 	1749
f 1750 	1562 	1749
f 1561 	1562 	1750
f 1751 	1561 	1750
f 1564 	1561 	1751
f 1752 	1564 	1751
f 1563 	1564 	1752
f 1753 	1563 	1752
f 1566 	1563 	1753
f 1754 	1566 	1753
f 1565 	1566 	1754
f 1755 	1565 	1754
f 1568 	1565 	1755
f 1756 	1568 	1755
f 1567 	1568 	1756
f 1757 	1567 	1756
f 1570 	1567 	1757
f 1758 	1570 	1757
f 1569 	1570 	1758
f 1759 	1569 	1758
f 1572 	1569 	1759
f 1760 	1572 	1759
f 1571 	1572 	1760
f 1761 	1571 	1760
f 1574 	1571 	1761
f 1762 	1574 	1761
f 1573 	1574 	1762
f 1763 	1573 	1762
f 1576 	1573 	1763
f 1764 	1576 	1763
f 1575 	1576 	1764
f 1765 	1575 	1764
f 1578 	1575 	1765
f 1766 	1578 	1765
f 1577 	1578 	1766
f 1767 	1577 	1766
f 1580 	1577 	1767
f 1768 	1580 	1767
f 1579 	1580 	1768
f 1769 	1579 	1768
f 1582 	1579 	1769
f 1770 	1582 	1769
f 1581 	1582 	1770
f 1771 	1581 	1770
f 1584 	1581 	1771
f 1772 	1584 	1771
f 1583 	1584 	1772
f 1773 	1583 	1772
f 1586 	1583 	1773
f 1774 	1586 	1773
f 1585 	1586 	1774
f 1775 	1585 	1774
f 1588 	1585 	1775
f 1776 	1588 	1775
f 1587 	1588 	1776
f 1777 	1587 	1776
f 1590 	1587 	1777
f 1778 	1590 	1777
f 1589 	1590 	1778
f 1779 	1589 	1778
f 1592 	1589 	1779
f 1780 	1592 	1779
f 1591 	1592 	1780
f 1781 	1591 	1780
f 1594 	1591 	1781
f 1782 	1594 	1781
f 1593 	1594 	1782
f 1783 	1593 	1782
f 1596 	1593 	1783
f 1784 	1596 	1783
f 1595 	1596 	1784
f 1785 	1595 	1784
f 1598 	1595 	1785
f 1786 	1598 	1785
f 1597 	1598 	1786
f 1787 	1597 	1786
f 1603 	1597 	1787
f 1791 	1603 	1787
f 1602 	1603 	1791
f 1792 	1602 	1791
f 1605 	1602 	1792
f 1793 	1605 	1792
f 1604 	1605 	1793
f 1794 	1604 	1793
f 1607 	1604 	1794
f 1795 	1607 	1794
f 1606 	1607 	1795
f 1796 	1606 	1795
f 1609 	1606 	1796
f 1797 	1609 	1796
f 1608 	1609 	1797
f 1798 	1608 	1797
f 1611 	1608 	1798
f 1799 	1611 	1798
f 1610 	1611 	1799
f 1800 	1610 	1799
f 1613 	1610 	1800
f 1801 	1613 	1800
f 1612 	1613 	1801
f 1802 	1612 	1801
f 1615 	1612 	1802
f 1803 	1615 	1802
f 1614 	1615 	1803
f 1804 	1614 	1803
f 1617 	1614 	1804
f 1805 	1617 	1804
f 1616 	1617 	1805
f 1806 	1616 	1805
f 1619 	1616 	1806
f 1807 	1619 	1806
f 1618 	1619 	1807
f 1808 	1618 	1807
f 1621 	1618 	1808
f 1809 	1621 	1808
f 1620 	1621 	1809
f 1810 	1620 	1809
f 1623 	1620 	1810
f 1811 	1623 	1810
f 1622 	1623 	1811
f 1812 	1622 	1811
f 1625 	1622 	1812
f 1813 	1625 	1812
f 1624 	1625 	1813
f 1814 	1624 	1813
f 1626 	1624 	1814
f 1815 	1626 	1814
f 1521 	1626 	1815
f 1708 	1521 	1815
f 1520 	1521 	1708
f 1709 	1520 	1708
f 1653 	1651 	1840
f 1842 	1653 	1840
f 1655 	1653 	1842
f 1844 	1655 	1842
f 1657 	1655 	1844
f 1846 	1657 	1844
f 1659 	1657 	1846
f 1848 	1659 	1846
f 1662 	1659 	1848
f 1851 	1662 	1848
f 1663 	1662 	1851
f 1852 	1663 	1851
f 1665 	1663 	1852
f 1854 	1665 	1852
f 1667 	1665 	1854
f 1856 	1667 	1854
f 1669 	1667 	1856
f 1858 	1669 	1856
f 1671 	1669 	1858
f 1860 	1671 	1858
f 1673 	1671 	1860
f 1862 	1673 	1860
f 1675 	1673 	1862
f 1864 	1675 	1862
f 1677 	1675 	1864
f 1866 	1677 	1864
f 1679 	1677 	1866
f 1868 	1679 	1866
f 1681 	1679 	1868
f 1870 	1681 	1868
f 1683 	1681 	1870
f 1872 	1683 	1870
f 1685 	1683 	1872
f 1874 	1685 	1872
f 1687 	1685 	1874
f 1876 	1687 	1874
f 1689 	1687 	1876
f 1878 	1689 	1876
f 1691 	1689 	1878
f 1880 	1691 	1878
f 1692 	1691 	1880
f 1881 	1692 	1880
f 1694 	1692 	1881
f 1883 	1694 	1881
f 1601 	1694 	1883
f 1790 	1601 	1883
f 1600 	1601 	1790
f 1788 	1600 	1790
f 1599 	1600 	1788
f 1789 	1599 	1788
f 1628 	1599 	1789
f 1817 	1628 	1789
f 1630 	1628 	1817
f 1819 	1630 	1817
f 1632 	1630 	1819
f 1821 	1632 	1819
f 1634 	1632 	1821
f 1823 	1634 	1821
f 1636 	1634 	1823
f 1825 	1636 	1823
f 1638 	1636 	1825
f 1827 	1638 	1825
f 1640 	1638 	1827
f 1829 	1640 	1827
f 1642 	1640 	1829
f 1831 	1642 	1829
f 1644 	1642 	1831
f 1833 	1644 	1831
f 1647 	1644 	1833
f 1836 	1647 	1833
f 1649 	1647 	1836
f 1838 	1649 	1836
f 1651 	1649 	1838
f 1840 	1651 	1838
f 1898 	1897 	1899
f 1901 	1900 	1897
f 1903 	1902 	1900
f 1905 	1904 	1902
f 1907 	1906 	1904
f 1909 	1908 	1906
f 1911 	1910 	1908
f 1913 	1912 	1910
f 1915 	1914 	1912
f 1917 	1916 	1914
f 1919 	1918 	1916
f 1921 	1920 	1918
f 1923 	1922 	1920
f 1925 	1924 	1922
f 1927 	1926 	1924
f 1929 	1928 	1930
f 1932 	1931 	1928
f 1934 	1933 	1931
f 1936 	1935 	1933
f 1938 	1937 	1935
f 1940 	1939 	1937
f 1942 	1941 	1939
f 1944 	1943 	1941
f 1946 	1945 	1943
f 1948 	1947 	1945
f 1950 	1949 	1947
f 1952 	1951 	1949
f 1954 	1953 	1951
f 1956 	1955 	1953
f 1958 	1957 	1955
f 1960 	1959 	1957
f 1962 	1961 	1959
f 1964 	1963 	1961
f 1966 	1965 	1963
f 1968 	1967 	1965
f 1970 	1969 	1967
f 1972 	1971 	1969
f 1974 	1973 	1971
f 1976 	1975 	1973
f 1978 	1977 	1975
f 1978 	1975 	1979
f 1981 	1980 	1975
f 1983 	1982 	1980
f 1985 	1984 	1982
f 1987 	1986 	1984
f 1989 	1988 	1986
f 1991 	1990 	1988
f 1993 	1992 	1990
f 1995 	1994 	1992
f 1997 	1996 	1994
f 1999 	1998 	1996
f 2001 	2000 	1998
f 2003 	2002 	2000
f 2004 	1899 	2002
f 1897 	1900 	1899
f 1902 	1904 	1900
f 1906 	1908 	1904
f 1910 	1912 	1908
f 1914 	1916 	1912
f 1918 	1920 	1916
f 1922 	1924 	1920
f 1926 	2005 	1924
f 1928 	1931 	1930
f 1933 	1935 	1931
f 1937 	1939 	1935
f 1941 	1943 	1939
f 1945 	1947 	1943
f 1949 	1951 	1947
f 1953 	1955 	1951
f 1957 	1959 	1955
f 1961 	1963 	1959
f 1965 	1967 	1963
f 1969 	1971 	1967
f 1973 	1975 	1971
f 1977 	2006 	1975
f 1975 	1980 	1979
f 1982 	1984 	1980
f 1986 	1988 	1984
f 1990 	1992 	1988
f 1994 	1996 	1992
f 1998 	2000 	1996
f 2002 	1899 	2000
f 1900 	1904 	1899
f 1908 	1912 	1904
f 1916 	1920 	1912
f 1924 	2005 	1920
f 1935 	1939 	1931
f 1943 	1947 	1939
f 1951 	1955 	1947
f 1959 	1963 	1955
f 1967 	1971 	1963
f 1975 	2006 	1971
f 1984 	1988 	1980
f 1992 	1996 	1988
f 2000 	1899 	1996
f 1904 	1912 	1899
f 1920 	2005 	1912
f 1939 	1947 	1931
f 1955 	1963 	1947
f 1971 	2006 	1963
f 1988 	1996 	1980
f 1899 	1912 	1996
f 2005 	2007 	1912
f 2006 	2008 	1963
f 2007 	2009 	1912
f 2008 	2010 	1963
f 2009 	2011 	1912
f 2010 	2012 	1963
f 2011 	2013 	1912
f 2012 	2014 	1963
f 2013 	2015 	1912
f 2014 	2016 	1963
f 2015 	2017 	1912
f 2016 	2018 	1963
f 2017 	2019 	1912
f 2018 	2020 	1963
f 2019 	2021 	1912
f 2020 	2022 	1963
f 2021 	2023 	1912
f 1963 	2022 	1947
f 2023 	2024 	1912
f 2022 	2025 	1947
f 2024 	2026 	1912
f 2025 	2027 	1947
f 2026 	2028 	1912
f 2027 	2029 	1947
f 2028 	2030 	1912
f 2029 	2031 	1947
f 2030 	2032 	1912
f 2031 	2033 	1947
f 2032 	2034 	1912
f 2033 	2035 	1947
f 2034 	2036 	1912
f 2035 	2037 	1947
f 2036 	2038 	1912
f 1947 	2037 	1931
f 2038 	2039 	1912
f 2037 	2040 	1931
f 1912 	2039 	1996
f 2040 	2041 	1931
f 2039 	2042 	1996
f 2041 	2043 	1931
f 2042 	2044 	1996
f 2043 	2045 	1931
f 2044 	2046 	1996
f 2045 	2047 	1931
f 2046 	2048 	1996
f 2047 	2049 	1931
f 2048 	2050 	1996
f 2049 	2051 	1931
f 2050 	2052 	1996
f 2051 	2053 	1931
f 2052 	2054 	1996
f 2053 	2055 	1931
f 2054 	2056 	1996
f 2055 	2057 	1931
f 2056 	2058 	1996
f 2057 	2059 	1931
f 2058 	2060 	1996
f 2059 	2061 	1931
f 2060 	2062 	1996
f 2061 	2063 	1931
f 2062 	2064 	1996
f 2063 	2065 	1931
f 2064 	2066 	1996
f 2065 	2067 	1931
f 2066 	2068 	1996
f 2067 	2069 	1931
f 1996 	2068 	1980
f 2069 	2070 	1931
f 2068 	2071 	1980
f 2070 	2072 	1931
f 2071 	2073 	1980
f 2072 	1979 	1931
f 2073 	2074 	1980
f 1931 	1979 	1930
f 2074 	2075 	1980
f 1979 	1980 	1930
f 2075 	2076 	1980
f 1930 	1980 	2077
f 2076 	2078 	1980
f 2077 	1980 	2079
f 2078 	2080 	1980
f 2079 	1980 	2081
f 2080 	2082 	1980
f 2081 	1980 	2083
f 2082 	2084 	1980
f 2083 	1980 	2085
f 2084 	2085 	1980
f 2087 	2086 	2088
f 2089 	2088 	2090
f 2091 	2090 	2092
f 2093 	2092 	2094
f 2095 	2094 	2096
f 2097 	2096 	2098
f 2099 	2098 	2100
f 2101 	2100 	2102
f 2103 	2102 	2104
f 2105 	2104 	2106
f 2107 	2106 	2108
f 2109 	2108 	2110
f 2111 	2110 	2112
f 2113 	2112 	2114
f 2115 	2114 	2116
f 2118 	2117 	2119
f 2120 	2119 	2121
f 2122 	2121 	2123
f 2124 	2123 	2125
f 2126 	2125 	2127
f 2128 	2127 	2129
f 2130 	2129 	2131
f 2132 	2131 	2133
f 2134 	2133 	2135
f 2136 	2135 	2137
f 2138 	2137 	2139
f 2140 	2139 	2141
f 2142 	2141 	2143
f 2144 	2143 	2145
f 2146 	2145 	2147
f 2148 	2147 	2149
f 2150 	2149 	2151
f 2152 	2151 	2153
f 2154 	2153 	2155
f 2156 	2155 	2157
f 2158 	2157 	2159
f 2160 	2159 	2161
f 2162 	2161 	2163
f 2164 	2163 	2165
f 2166 	2165 	2167
f 2166 	2168 	2165
f 2169 	2165 	2170
f 2171 	2170 	2172
f 2173 	2172 	2174
f 2175 	2174 	2176
f 2177 	2176 	2178
f 2179 	2178 	2180
f 2181 	2180 	2182
f 2183 	2182 	2184
f 2185 	2184 	2186
f 2187 	2186 	2188
f 2189 	2188 	2190
f 2191 	2190 	2192
f 2193 	2192 	2086
f 2088 	2086 	2090
f 2092 	2090 	2094
f 2096 	2094 	2098
f 2100 	2098 	2102
f 2104 	2102 	2106
f 2108 	2106 	2110
f 2112 	2110 	2114
f 2116 	2114 	2194
f 2119 	2117 	2121
f 2123 	2121 	2125
f 2127 	2125 	2129
f 2131 	2129 	2133
f 2135 	2133 	2137
f 2139 	2137 	2141
f 2143 	2141 	2145
f 2147 	2145 	2149
f 2151 	2149 	2153
f 2155 	2153 	2157
f 2159 	2157 	2161
f 2163 	2161 	2165
f 2167 	2165 	2195
f 2165 	2168 	2170
f 2172 	2170 	2174
f 2176 	2174 	2178
f 2180 	2178 	2182
f 2184 	2182 	2186
f 2188 	2186 	2190
f 2192 	2190 	2086
f 2090 	2086 	2094
f 2098 	2094 	2102
f 2106 	2102 	2110
f 2114 	2110 	2194
f 2125 	2121 	2129
f 2133 	2129 	2137
f 2141 	2137 	2145
f 2149 	2145 	2153
f 2157 	2153 	2161
f 2165 	2161 	2195
f 2174 	2170 	2178
f 2182 	2178 	2186
f 2190 	2186 	2086
f 2094 	2086 	2102
f 2110 	2102 	2194
f 2129 	2121 	2137
f 2145 	2137 	2153
f 2161 	2153 	2195
f 2178 	2170 	2186
f 2086 	2186 	2102
f 2194 	2102 	2196
f 2195 	2153 	2197
f 2196 	2102 	2198
f 2197 	2153 	2199
f 2198 	2102 	2200
f 2199 	2153 	2201
f 2200 	2102 	2202
f 2201 	2153 	2203
f 2202 	2102 	2204
f 2203 	2153 	2205
f 2204 	2102 	2206
f 2205 	2153 	2207
f 2206 	2102 	2208
f 2207 	2153 	2209
f 2208 	2102 	2210
f 2209 	2153 	2211
f 2210 	2102 	2212
f 2153 	2137 	2211
f 2212 	2102 	2213
f 2211 	2137 	2214
f 2213 	2102 	2215
f 2214 	2137 	2216
f 2215 	2102 	2217
f 2216 	2137 	2218
f 2217 	2102 	2219
f 2218 	2137 	2220
f 2219 	2102 	2221
f 2220 	2137 	2222
f 2221 	2102 	2223
f 2222 	2137 	2224
f 2223 	2102 	2225
f 2224 	2137 	2226
f 2225 	2102 	2227
f 2137 	2121 	2226
f 2227 	2102 	2228
f 2226 	2121 	2229
f 2102 	2186 	2228
f 2229 	2121 	2230
f 2228 	2186 	2231
f 2230 	2121 	2232
f 2231 	2186 	2233
f 2232 	2121 	2234
f 2233 	2186 	2235
f 2234 	2121 	2236
f 2235 	2186 	2237
f 2236 	2121 	2238
f 2237 	2186 	2239
f 2238 	2121 	2240
f 2239 	2186 	2241
f 2240 	2121 	2242
f 2241 	2186 	2243
f 2242 	2121 	2244
f 2243 	2186 	2245
f 2244 	2121 	2246
f 2245 	2186 	2247
f 2246 	2121 	2248
f 2247 	2186 	2249
f 2248 	2121 	2250
f 2249 	2186 	2251
f 2250 	2121 	2252
f 2251 	2186 	2253
f 2252 	2121 	2254
f 2253 	2186 	2255
f 2254 	2121 	2256
f 2255 	2186 	2257
f 2256 	2121 	2258
f 2186 	2170 	2257
f 2258 	2121 	2259
f 2257 	2170 	2260
f 2259 	2121 	2261
f 2260 	2170 	2262
f 2261 	2121 	2168
f 2262 	2170 	2263
f 2121 	2117 	2168
f 2263 	2170 	2264
f 2168 	2117 	2170
f 2264 	2170 	2265
f 2117 	2266 	2170
f 2265 	2170 	2267
f 2266 	2268 	2170
f 2267 	2170 	2269
f 2268 	2270 	2170
f 2269 	2170 	2271
f 2270 	2272 	2170
f 2271 	2170 	2273
f 2272 	2274 	2170
f 2273 	2170 	2274
f 1897 	1898 	2087
f 2088 	1897 	2087
f 1901 	1897 	2088
f 2089 	1901 	2088
f 1900 	1901 	2089
f 2090 	1900 	2089
f 1903 	1900 	2090
f 2091 	1903 	2090
f 1902 	1903 	2091
f 2092 	1902 	2091
f 1905 	1902 	2092
f 2093 	1905 	2092
f 1904 	1905 	2093
f 2094 	1904 	2093
f 1907 	1904 	2094
f 2095 	1907 	2094
f 1906 	1907 	2095
f 2096 	1906 	2095
f 1909 	1906 	2096
f 2097 	1909 	2096
f 1908 	1909 	2097
f 2098 	1908 	2097
f 1911 	1908 	2098
f 2099 	1911 	2098
f 1910 	1911 	2099
f 2100 	1910 	2099
f 1913 	1910 	2100
f 2101 	1913 	2100
f 1912 	1913 	2101
f 2102 	1912 	2101
f 1915 	1912 	2102
f 2103 	1915 	2102
f 1914 	1915 	2103
f 2104 	1914 	2103
f 1917 	1914 	2104
f 2105 	1917 	2104
f 1916 	1917 	2105
f 2106 	1916 	2105
f 1919 	1916 	2106
f 2107 	1919 	2106
f 1918 	1919 	2107
f 2108 	1918 	2107
f 1921 	1918 	2108
f 2109 	1921 	2108
f 1920 	1921 	2109
f 2110 	1920 	2109
f 1923 	1920 	2110
f 2111 	1923 	2110
f 1922 	1923 	2111
f 2112 	1922 	2111
f 1925 	1922 	2112
f 2113 	1925 	2112
f 1924 	1925 	2113
f 2114 	1924 	2113
f 1927 	1924 	2114
f 2115 	1927 	2114
f 1926 	1927 	2115
f 2116 	1926 	2115
f 2005 	1926 	2116
f 2194 	2005 	2116
f 2007 	2005 	2194
f 2196 	2007 	2194
f 2009 	2007 	2196
f 2198 	2009 	2196
f 2011 	2009 	2198
f 2200 	2011 	2198
f 2013 	2011 	2200
f 2202 	2013 	2200
f 2015 	2013 	2202
f 2204 	2015 	2202
f 2017 	2015 	2204
f 2206 	2017 	2204
f 2019 	2017 	2206
f 2208 	2019 	2206
f 2021 	2019 	2208
f 2210 	2021 	2208
f 2023 	2021 	2210
f 2212 	2023 	2210
f 2024 	2023 	2212
f 2213 	2024 	2212
f 2026 	2024 	2213
f 2215 	2026 	2213
f 2028 	2026 	2215
f 2217 	2028 	2215
f 2030 	2028 	2217
f 2219 	2030 	2217
f 2032 	2030 	2219
f 2221 	2032 	2219
f 2034 	2032 	2221
f 2223 	2034 	2221
f 2036 	2034 	2223
f 2225 	2036 	2223
f 2038 	2036 	2225
f 2227 	2038 	2225
f 2039 	2038 	2227
f 2228 	2039 	2227
f 2042 	2039 	2228
f 2231 	2042 	2228
f 2044 	2042 	2231
f 2233 	2044 	2231
f 2046 	2044 	2233
f 2235 	2046 	2233
f 2048 	2046 	2235
f 2237 	2048 	2235
f 2050 	2048 	2237
f 2239 	2050 	2237
f 2052 	2050 	2239
f 2241 	2052 	2239
f 2054 	2052 	2241
f 2243 	2054 	2241
f 2056 	2054 	2243
f 2245 	2056 	2243
f 2058 	2056 	2245
f 2247 	2058 	2245
f 2060 	2058 	2247
f 2249 	2060 	2247
f 2062 	2060 	2249
f 2251 	2062 	2249
f 2064 	2062 	2251
f 2253 	2064 	2251
f 2066 	2064 	2253
f 2255 	2066 	2253
f 2068 	2066 	2255
f 2257 	2068 	2255
f 2071 	2068 	2257
f 2260 	2071 	2257
f 2073 	2071 	2260
f 2262 	2073 	2260
f 2074 	2073 	2262
f 2263 	2074 	2262
f 2075 	2074 	2263
f 2264 	2075 	2263
f 2076 	2075 	2264
f 2265 	2076 	2264
f 2078 	2076 	2265
f 2267 	2078 	2265
f 2080 	2078 	2267
f 2269 	2080 	2267
f 2082 	2080 	2269
f 2271 	2082 	2269
f 2084 	2082 	2271
f 2273 	2084 	2271
f 2085 	2084 	2273
f 2274 	2085 	2273
f 2083 	2085 	2274
f 2272 	2083 	2274
f 2081 	2083 	2272
f 2270 	2081 	2272
f 2079 	2081 	2270
f 2268 	2079 	2270
f 2077 	2079 	2268
f 2266 	2077 	2268
f 1930 	2077 	2266
f 2117 	1930 	2266
f 1929 	1930 	2117
f 2118 	1929 	2117
f 1928 	1929 	2118
f 2119 	1928 	2118
f 1932 	1928 	2119
f 2120 	1932 	2119
f 1931 	1932 	2120
f 2121 	1931 	2120
f 1934 	1931 	2121
f 2122 	1934 	2121
f 1933 	1934 	2122
f 2123 	1933 	2122
f 1936 	1933 	2123
f 2124 	1936 	2123
f 1935 	1936 	2124
f 2125 	1935 	2124
f 1938 	1935 	2125
f 2126 	1938 	2125
f 1937 	1938 	2126
f 2127 	1937 	2126
f 1940 	1937 	2127
f 2128 	1940 	2127
f 1939 	1940 	2128
f 2129 	1939 	2128
f 1942 	1939 	2129
f 2130 	1942 	2129
f 1941 	1942 	2130
f 2131 	1941 	2130
f 1944 	1941 	2131
f 2132 	1944 	2131
f 1943 	1944 	2132
f 2133 	1943 	2132
f 1946 	1943 	2133
f 2134 	1946 	2133
f 1945 	1946 	2134
f 2135 	1945 	2134
f 1948 	1945 	2135
f 2136 	1948 	2135
f 1947 	1948 	2136
f 2137 	1947 	2136
f 1950 	1947 	2137
f 2138 	1950 	2137
f 1949 	1950 	2138
f 2139 	1949 	2138
f 1952 	1949 	2139
f 2140 	1952 	2139
f 1951 	1952 	2140
f 2141 	1951 	2140
f 1954 	1951 	2141
f 2142 	1954 	2141
f 1953 	1954 	2142
f 2143 	1953 	2142
f 1956 	1953 	2143
f 2144 	1956 	2143
f 1955 	1956 	2144
f 2145 	1955 	2144
f 1958 	1955 	2145
f 2146 	1958 	2145
f 1957 	1958 	2146
f 2147 	1957 	2146
f 1960 	1957 	2147
f 2148 	1960 	2147
f 1959 	1960 	2148
f 2149 	1959 	2148
f 1962 	1959 	2149
f 2150 	1962 	2149
f 1961 	1962 	2150
f 2151 	1961 	2150
f 1964 	1961 	2151
f 2152 	1964 	2151
f 1963 	1964 	2152
f 2153 	1963 	2152
f 1966 	1963 	2153
f 2154 	1966 	2153
f 1965 	1966 	2154
f 2155 	1965 	2154
f 1968 	1965 	2155
f 2156 	1968 	2155
f 1967 	1968 	2156
f 2157 	1967 	2156
f 1970 	1967 	2157
f 2158 	1970 	2157
f 1969 	1970 	2158
f 2159 	1969 	2158
f 1972 	1969 	2159
f 2160 	1972 	2159
f 1971 	1972 	2160
f 2161 	1971 	2160
f 1974 	1971 	2161
f 2162 	1974 	2161
f 1973 	1974 	2162
f 2163 	1973 	2162
f 1976 	1973 	2163
f 2164 	1976 	2163
f 1975 	1976 	2164
f 2165 	1975 	2164
f 1981 	1975 	2165
f 2169 	1981 	2165
f 1980 	1981 	2169
f 2170 	1980 	2169
f 1983 	1980 	2170
f 2171 	1983 	2170
f 1982 	1983 	2171
f 2172 	1982 	2171
f 1985 	1982 	2172
f 2173 	1985 	2172
f 1984 	1985 	2173
f 2174 	1984 	2173
f 1987 	1984 	2174
f 2175 	1987 	2174
f 1986 	1987 	2175
f 2176 	1986 	2175
f 1989 	1986 	2176
f 2177 	1989 	2176
f 1988 	1989 	2177
f 2178 	1988 	2177
f 1991 	1988 	2178
f 2179 	1991 	2178
f 1990 	1991 	2179
f 2180 	1990 	2179
f 1993 	1990 	2180
f 2181 	1993 	2180
f 1992 	1993 	2181
f 2182 	1992 	2181
f 1995 	1992 	2182
f 2183 	1995 	2182
f 1994 	1995 	2183
f 2184 	1994 	2183
f 1997 	1994 	2184
f 2185 	1997 	2184
f 1996 	1997 	2185
f 2186 	1996 	2185
f 1999 	1996 	2186
f 2187 	1999 	2186
f 1998 	1999 	2187
f 2188 	1998 	2187
f 2001 	1998 	2188
f 2189 	2001 	2188
f 2000 	2001 	2189
f 2190 	2000 	2189
f 2003 	2000 	2190
f 2191 	2003 	2190
f 2002 	2003 	2191
f 2192 	2002 	2191
f 2004 	2002 	2192
f 2193 	2004 	2192
f 1899 	2004 	2193
f 2086 	1899 	2193
f 1898 	1899 	2086
f 2087 	1898 	2086
f 2031 	2029 	2218
f 2220 	2031 	2218
f 2033 	2031 	2220
f 2222 	2033 	2220
f 2035 	2033 	2222
f 2224 	2035 	2222
f 2037 	2035 	2224
f 2226 	2037 	2224
f 2040 	2037 	2226
f 2229 	2040 	2226
f 2041 	2040 	2229
f 2230 	2041 	2229
f 2043 	2041 	2230
f 2232 	2043 	2230
f 2045 	2043 	2232
f 2234 	2045 	2232
f 2047 	2045 	2234
f 2236 	2047 	2234
f 2049 	2047 	2236
f 2238 	2049 	2236
f 2051 	2049 	2238
f 2240 	2051 	2238
f 2053 	2051 	2240
f 2242 	2053 	2240
f 2055 	2053 	2242
f 2244 	2055 	2242
f 2057 	2055 	2244
f 2246 	2057 	2244
f 2059 	2057 	2246
f 2248 	2059 	2246
f 2061 	2059 	2248
f 2250 	2061 	2248
f 2063 	2061 	2250
f 2252 	2063 	2250
f 2065 	2063 	2252
f 2254 	2065 	2252
f 2067 	2065 	2254
f 2256 	2067 	2254
f 2069 	2067 	2256
f 2258 	2069 	2256
f 2070 	2069 	2258
f 2259 	2070 	2258
f 2072 	2070 	2259
f 2261 	2072 	2259
f 1979 	2072 	2261
f 2168 	1979 	2261
f 1978 	1979 	2168
f 2166 	1978 	2168
f 1977 	1978 	2166
f 2167 	1977 	2166
f 2006 	1977 	2167
f 2195 	2006 	2167
f 2008 	2006 	2195
f 2197 	2008 	2195
f 2010 	2008 	2197
f 2199 	2010 	2197
f 2012 	2010 	2199
f 2201 	2012 	2199
f 2014 	2012 	2201
f 2203 	2014 	2201
f 2016 	2014 	2203
f 2205 	2016 	2203
f 2018 	2016 	2205
f 2207 	2018 	2205
f 2020 	2018 	2207
f 2209 	2020 	2207
f 2022 	2020 	2209
f 2211 	2022 	2209
f 2025 	2022 	2211
f 2214 	2025 	2211
f 2027 	2025 	2214
f 2216 	2027 	2214
f 2029 	2027 	2216
f 2218 	2029 	2216
f 2276 	2275 	2277
f 2279 	2278 	2275
f 2281 	2280 	2278
f 2283 	2282 	2280
f 2285 	2284 	2282
f 2287 	2286 	2284
f 2289 	2288 	2286
f 2291 	2290 	2288
f 2293 	2292 	2290
f 2295 	2294 	2292
f 2297 	2296 	2294
f 2299 	2298 	2296
f 2301 	2300 	2298
f 2303 	2302 	2300
f 2305 	2304 	2302
f 2307 	2306 	2308
f 2310 	2309 	2306
f 2312 	2311 	2309
f 2314 	2313 	2311
f 2316 	2315 	2313
f 2318 	2317 	2315
f 2320 	2319 	2317
f 2322 	2321 	2319
f 2324 	2323 	2321
f 2326 	2325 	2323
f 2328 	2327 	2325
f 2330 	2329 	2327
f 2332 	2331 	2329
f 2334 	2333 	2331
f 2336 	2335 	2333
f 2338 	2337 	2335
f 2340 	2339 	2337
f 2342 	2341 	2339
f 2344 	2343 	2341
f 2346 	2345 	2343
f 2348 	2347 	2345
f 2350 	2349 	2347
f 2352 	2351 	2349
f 2354 	2353 	2351
f 2356 	2355 	2353
f 2356 	2353 	2357
f 2359 	2358 	2353
f 2361 	2360 	2358
f 2363 	2362 	2360
f 2365 	2364 	2362
f 2367 	2366 	2364
f 2369 	2368 	2366
f 2371 	2370 	2368
f 2373 	2372 	2370
f 2375 	2374 	2372
f 2377 	2376 	2374
f 2379 	2378 	2376
f 2381 	2380 	2378
f 2382 	2277 	2380
f 2275 	2278 	2277
f 2280 	2282 	2278
f 2284 	2286 	2282
f 2288 	2290 	2286
f 2292 	2294 	2290
f 2296 	2298 	2294
f 2300 	2302 	2298
f 2304 	2383 	2302
f 2306 	2309 	2308
f 2311 	2313 	2309
f 2315 	2317 	2313
f 2319 	2321 	2317
f 2323 	2325 	2321
f 2327 	2329 	2325
f 2331 	2333 	2329
f 2335 	2337 	2333
f 2339 	2341 	2337
f 2343 	2345 	2341
f 2347 	2349 	2345
f 2351 	2353 	2349
f 2355 	2384 	2353
f 2353 	2358 	2357
f 2360 	2362 	2358
f 2364 	2366 	2362
f 2368 	2370 	2366
f 2372 	2374 	2370
f 2376 	2378 	2374
f 2380 	2277 	2378
f 2278 	2282 	2277
f 2286 	2290 	2282
f 2294 	2298 	2290
f 2302 	2383 	2298
f 2313 	2317 	2309
f 2321 	2325 	2317
f 2329 	2333 	2325
f 2337 	2341 	2333
f 2345 	2349 	2341
f 2353 	2384 	2349
f 2362 	2366 	2358
f 2370 	2374 	2366
f 2378 	2277 	2374
f 2282 	2290 	2277
f 2298 	2383 	2290
f 2317 	2325 	2309
f 2333 	2341 	2325
f 2349 	2384 	2341
f 2366 	2374 	2358
f 2277 	2290 	2374
f 2383 	2385 	2290
f 2384 	2386 	2341
f 2385 	2387 	2290
f 2386 	2388 	2341
f 2387 	2389 	2290
f 2388 	2390 	2341
f 2389 	2391 	2290
f 2390 	2392 	2341
f 2391 	2393 	2290
f 2392 	2394 	2341
f 2393 	2395 	2290
f 2394 	2396 	2341
f 2395 	2397 	2290
f 2396 	2398 	2341
f 2397 	2399 	2290
f 2398 	2400 	2341
f 2399 	2401 	2290
f 2341 	2400 	2325
f 2401 	2402 	2290
f 2400 	2403 	2325
f 2402 	2404 	2290
f 2403 	2405 	2325
f 2404 	2406 	2290
f 2405 	2407 	2325
f 2406 	2408 	2290
f 2407 	2409 	2325
f 2408 	2410 	2290
f 2409 	2411 	2325
f 2410 	2412 	2290
f 2411 	2413 	2325
f 2412 	2414 	2290
f 2413 	2415 	2325
f 2414 	2416 	2290
f 2325 	2415 	2309
f 2416 	2417 	2290
f 2415 	2418 	2309
f 2290 	2417 	2374
f 2418 	2419 	2309
f 2417 	2420 	2374
f 2419 	2421 	2309
f 2420 	2422 	2374
f 2421 	2423 	2309
f 2422 	2424 	2374
f 2423 	2425 	2309
f 2424 	2426 	2374
f 2425 	2427 	2309
f 2426 	2428 	2374
f 2427 	2429 	2309
f 2428 	2430 	2374
f 2429 	2431 	2309
f 2430 	2432 	2374
f 2431 	2433 	2309
f 2432 	2434 	2374
f 2433 	2435 	2309
f 2434 	2436 	2374
f 2435 	2437 	2309
f 2436 	2438 	2374
f 2437 	2439 	2309
f 2438 	2440 	2374
f 2439 	2441 	2309
f 2440 	2442 	2374
f 2441 	2443 	2309
f 2442 	2444 	2374
f 2443 	2445 	2309
f 2444 	2446 	2374
f 2445 	2447 	2309
f 2374 	2446 	2358
f 2447 	2448 	2309
f 2446 	2449 	2358
f 2448 	2450 	2309
f 2449 	2451 	2358
f 2450 	2357 	2309
f 2451 	2452 	2358
f 2309 	2357 	2308
f 2452 	2453 	2358
f 2357 	2358 	2308
f 2453 	2454 	2358
f 2308 	2358 	2455
f 2454 	2456 	2358
f 2455 	2358 	2457
f 2456 	2458 	2358
f 2457 	2358 	2459
f 2458 	2460 	2358
f 2459 	2358 	2461
f 2460 	2462 	2358
f 2461 	2358 	2463
f 2462 	2463 	2358
f 2465 	2464 	2466
f 2467 	2466 	2468
f 2469 	2468 	2470
f 2471 	2470 	2472
f 2473 	2472 	2474
f 2475 	2474 	2476
f 2477 	2476 	2478
f 2479 	2478 	2480
f 2481 	2480 	2482
f 2483 	2482 	2484
f 2485 	2484 	2486
f 2487 	2486 	2488
f 2489 	2488 	2490
f 2491 	2490 	2492
f 2493 	2492 	2494
f 2496 	2495 	2497
f 2498 	2497 	2499
f 2500 	2499 	2501
f 2502 	2501 	2503
f 2504 	2503 	2505
f 2506 	2505 	2507
f 2508 	2507 	2509
f 2510 	2509 	2511
f 2512 	2511 	2513
f 2514 	2513 	2515
f 2516 	2515 	2517
f 2518 	2517 	2519
f 2520 	2519 	2521
f 2522 	2521 	2523
f 2524 	2523 	2525
f 2526 	2525 	2527
f 2528 	2527 	2529
f 2530 	2529 	2531
f 2532 	2531 	2533
f 2534 	2533 	2535
f 2536 	2535 	2537
f 2538 	2537 	2539
f 2540 	2539 	2541
f 2542 	2541 	2543
f 2544 	2543 	2545
f 2544 	2546 	2543
f 2547 	2543 	2548
f 2549 	2548 	2550
f 2551 	2550 	2552
f 2553 	2552 	2554
f 2555 	2554 	2556
f 2557 	2556 	2558
f 2559 	2558 	2560
f 2561 	2560 	2562
f 2563 	2562 	2564
f 2565 	2564 	2566
f 2567 	2566 	2568
f 2569 	2568 	2570
f 2571 	2570 	2464
f 2466 	2464 	2468
f 2470 	2468 	2472
f 2474 	2472 	2476
f 2478 	2476 	2480
f 2482 	2480 	2484
f 2486 	2484 	2488
f 2490 	2488 	2492
f 2494 	2492 	2572
f 2497 	2495 	2499
f 2501 	2499 	2503
f 2505 	2503 	2507
f 2509 	2507 	2511
f 2513 	2511 	2515
f 2517 	2515 	2519
f 2521 	2519 	2523
f 2525 	2523 	2527
f 2529 	2527 	2531
f 2533 	2531 	2535
f 2537 	2535 	2539
f 2541 	2539 	2543
f 2545 	2543 	2573
f 2543 	2546 	2548
f 2550 	2548 	2552
f 2554 	2552 	2556
f 2558 	2556 	2560
f 2562 	2560 	2564
f 2566 	2564 	2568
f 2570 	2568 	2464
f 2468 	2464 	2472
f 2476 	2472 	2480
f 2484 	2480 	2488
f 2492 	2488 	2572
f 2503 	2499 	2507
f 2511 	2507 	2515
f 2519 	2515 	2523
f 2527 	2523 	2531
f 2535 	2531 	2539
f 2543 	2539 	2573
f 2552 	2548 	2556
f 2560 	2556 	2564
f 2568 	2564 	2464
f 2472 	2464 	2480
f 2488 	2480 	2572
f 2507 	2499 	2515
f 2523 	2515 	2531
f 2539 	2531 	2573
f 2556 	2548 	2564
f 2464 	2564 	2480
f 2572 	2480 	2574
f 2573 	2531 	2575
f 2574 	2480 	2576
f 2575 	2531 	2577
f 2576 	2480 	2578
f 2577 	2531 	2579
f 2578 	2480 	2580
f 2579 	2531 	2581
f 2580 	2480 	2582
f 2581 	2531 	2583
f 2582 	2480 	2584
f 2583 	2531 	2585
f 2584 	2480 	2586
f 2585 	2531 	2587
f 2586 	2480 	2588
f 2587 	2531 	2589
f 2588 	2480 	2590
f 2531 	2515 	2589
f 2590 	2480 	2591
f 2589 	2515 	2592
f 2591 	2480 	2593
f 2592 	2515 	2594
f 2593 	2480 	2595
f 2594 	2515 	2596
f 2595 	2480 	2597
f 2596 	2515 	2598
f 2597 	2480 	2599
f 2598 	2515 	2600
f 2599 	2480 	2601
f 2600 	2515 	2602
f 2601 	2480 	2603
f 2602 	2515 	2604
f 2603 	2480 	2605
f 2515 	2499 	2604
f 2605 	2480 	2606
f 2604 	2499 	2607
f 2480 	2564 	2606
f 2607 	2499 	2608
f 2606 	2564 	2609
f 2608 	2499 	2610
f 2609 	2564 	2611
f 2610 	2499 	2612
f 2611 	2564 	2613
f 2612 	2499 	2614
f 2613 	2564 	2615
f 2614 	2499 	2616
f 2615 	2564 	2617
f 2616 	2499 	2618
f 2617 	2564 	2619
f 2618 	2499 	2620
f 2619 	2564 	2621
f 2620 	2499 	2622
f 2621 	2564 	2623
f 2622 	2499 	2624
f 2623 	2564 	2625
f 2624 	2499 	2626
f 2625 	2564 	2627
f 2626 	2499 	2628
f 2627 	2564 	2629
f 2628 	2499 	2630
f 2629 	2564 	2631
f 2630 	2499 	2632
f 2631 	2564 	2633
f 2632 	2499 	2634
f 2633 	2564 	2635
f 2634 	2499 	2636
f 2564 	2548 	2635
f 2636 	2499 	2637
f 2635 	2548 	2638
f 2637 	2499 	2639
f 2638 	2548 	2640
f 2639 	2499 	2546
f 2640 	2548 	2641
f 2499 	2495 	2546
f 2641 	2548 	2642
f 2546 	2495 	2548
f 2642 	2548 	2643
f 2495 	2644 	2548
f 2643 	2548 	2645
f 2644 	2646 	2548
f 2645 	2548 	2647
f 2646 	2648 	2548
f 2647 	2548 	2649
f 2648 	2650 	2548
f 2649 	2548 	2651
f 2650 	2652 	2548
f 2651 	2548 	2652
f 2275 	2276 	2465
f 2466 	2275 	2465
f 2279 	2275 	2466
f 2467 	2279 	2466
f 2278 	2279 	2467
f 2468 	2278 	2467
f 2281 	2278 	2468
f 2469 	2281 	2468
f 2280 	2281 	2469
f 2470 	2280 	2469
f 2283 	2280 	2470
f 2471 	2283 	2470
f 2282 	2283 	2471
f 2472 	2282 	2471
f 2285 	2282 	2472
f 2473 	2285 	2472
f 2284 	2285 	2473
f 2474 	2284 	2473
f 2287 	2284 	2474
f 2475 	2287 	2474
f 2286 	2287 	2475
f 2476 	2286 	2475
f 2289 	2286 	2476
f 2477 	2289 	2476
f 2288 	2289 	2477
f 2478 	2288 	2477
f 2291 	2288 	2478
f 2479 	2291 	2478
f 2290 	2291 	2479
f 2480 	2290 	2479
f 2293 	2290 	2480
f 2481 	2293 	2480
f 2292 	2293 	2481
f 2482 	2292 	2481
f 2295 	2292 	2482
f 2483 	2295 	2482
f 2294 	2295 	2483
f 2484 	2294 	2483
f 2297 	2294 	2484
f 2485 	2297 	2484
f 2296 	2297 	2485
f 2486 	2296 	2485
f 2299 	2296 	2486
f 2487 	2299 	2486
f 2298 	2299 	2487
f 2488 	2298 	2487
f 2301 	2298 	2488
f 2489 	2301 	2488
f 2300 	2301 	2489
f 2490 	2300 	2489
f 2303 	2300 	2490
f 2491 	2303 	2490
f 2302 	2303 	2491
f 2492 	2302 	2491
f 2305 	2302 	2492
f 2493 	2305 	2492
f 2304 	2305 	2493
f 2494 	2304 	2493
f 2383 	2304 	2494
f 2572 	2383 	2494
f 2385 	2383 	2572
f 2574 	2385 	2572
f 2387 	2385 	2574
f 2576 	2387 	2574
f 2389 	2387 	2576
f 2578 	2389 	2576
f 2391 	2389 	2578
f 2580 	2391 	2578
f 2393 	2391 	2580
f 2582 	2393 	2580
f 2395 	2393 	2582
f 2584 	2395 	2582
f 2397 	2395 	2584
f 2586 	2397 	2584
f 2399 	2397 	2586
f 2588 	2399 	2586
f 2401 	2399 	2588
f 2590 	2401 	2588
f 2402 	2401 	2590
f 2591 	2402 	2590
f 2404 	2402 	2591
f 2593 	2404 	2591
f 2406 	2404 	2593
f 2595 	2406 	2593
f 2408 	2406 	2595
f 2597 	2408 	2595
f 2410 	2408 	2597
f 2599 	2410 	2597
f 2412 	2410 	2599
f 2601 	2412 	2599
f 2414 	2412 	2601
f 2603 	2414 	2601
f 2416 	2414 	2603
f 2605 	2416 	2603
f 2417 	2416 	2605
f 2606 	2417 	2605
f 2420 	2417 	2606
f 2609 	2420 	2606
f 2422 	2420 	2609
f 2611 	2422 	2609
f 2424 	2422 	2611
f 2613 	2424 	2611
f 2426 	2424 	2613
f 2615 	2426 	2613
f 2428 	2426 	2615
f 2617 	2428 	2615
f 2430 	2428 	2617
f 2619 	2430 	2617
f 2432 	2430 	2619
f 2621 	2432 	2619
f 2434 	2432 	2621
f 2623 	2434 	2621
f 2436 	2434 	2623
f 2625 	2436 	2623
f 2438 	2436 	2625
f 2627 	2438 	2625
f 2440 	2438 	2627
f 2629 	2440 	2627
f 2442 	2440 	2629
f 2631 	2442 	2629
f 2444 	2442 	2631
f 2633 	2444 	2631
f 2446 	2444 	2633
f 2635 	2446 	2633
f 2449 	2446 	2635
f 2638 	2449 	2635
f 2451 	2449 	2638
f 2640 	2451 	2638
f 2452 	2451 	2640
f 2641 	2452 	2640
f 2453 	2452 	2641
f 2642 	2453 	2641
f 2454 	2453 	2642
f 2643 	2454 	2642
f 2456 	2454 	2643
f 2645 	2456 	2643
f 2458 	2456 	2645
f 2647 	2458 	2645
f 2460 	2458 	2647
f 2649 	2460 	2647
f 2462 	2460 	2649
f 2651 	2462 	2649
f 2463 	2462 	2651
f 2652 	2463 	2651
f 2461 	2463 	2652
f 2650 	2461 	2652
f 2459 	2461 	2650
f 2648 	2459 	2650
f 2457 	2459 	2648
f 2646 	2457 	2648
f 2455 	2457 	2646
f 2644 	2455 	2646
f 2308 	2455 	2644
f 2495 	2308 	2644
f 2307 	2308 	2495
f 2496 	2307 	2495
f 2306 	2307 	2496
f 2497 	2306 	2496
f 2310 	2306 	2497
f 2498 	2310 	2497
f 2309 	2310 	2498
f 2499 	2309 	2498
f 2312 	2309 	2499
f 2500 	2312 	2499
f 2311 	2312 	2500
f 2501 	2311 	2500
f 2314 	2311 	2501
f 2502 	2314 	2501
f 2313 	2314 	2502
f 2503 	2313 	2502
f 2316 	2313 	2503
f 2504 	2316 	2503
f 2315 	2316 	2504
f 2505 	2315 	2504
f 2318 	2315 	2505
f 2506 	2318 	2505
f 2317 	2318 	2506
f 2507 	2317 	2506
f 2320 	2317 	2507
f 2508 	2320 	2507
f 2319 	2320 	2508
f 2509 	2319 	2508
f 2322 	2319 	2509
f 2510 	2322 	2509
f 2321 	2322 	2510
f 2511 	2321 	2510
f 2324 	2321 	2511
f 2512 	2324 	2511
f 2323 	2324 	2512
f 2513 	2323 	2512
f 2326 	2323 	2513
f 2514 	2326 	2513
f 2325 	2326 	2514
f 2515 	2325 	2514
f 2328 	2325 	2515
f 2516 	2328 	2515
f 2327 	2328 	2516
f 2517 	2327 	2516
f 2330 	2327 	2517
f 2518 	2330 	2517
f 2329 	2330 	2518
f 2519 	2329 	2518
f 2332 	2329 	2519
f 2520 	2332 	2519
f 2331 	2332 	2520
f 2521 	2331 	2520
f 2334 	2331 	2521
f 2522 	2334 	2521
f 2333 	2334 	2522
f 2523 	2333 	2522
f 2336 	2333 	2523
f 2524 	2336 	2523
f 2335 	2336 	2524
f 2525 	2335 	2524
f 2338 	2335 	2525
f 2526 	2338 	2525
f 2337 	2338 	2526
f 2527 	2337 	2526
f 2340 	2337 	2527
f 2528 	2340 	2527
f 2339 	2340 	2528
f 2529 	2339 	2528
f 2342 	2339 	2529
f 2530 	2342 	2529
f 2341 	2342 	2530
f 2531 	2341 	2530
f 2344 	2341 	2531
f 2532 	2344 	2531
f 2343 	2344 	2532
f 2533 	2343 	2532
f 2346 	2343 	2533
f 2534 	2346 	2533
f 2345 	2346 	2534
f 2535 	2345 	2534
f 2348 	2345 	2535
f 2536 	2348 	2535
f 2347 	2348 	2536
f 2537 	2347 	2536
f 2350 	2347 	2537
f 2538 	2350 	2537
f 2349 	2350 	2538
f 2539 	2349 	2538
f 2352 	2349 	2539
f 2540 	2352 	2539
f 2351 	2352 	2540
f 2541 	2351 	2540
f 2354 	2351 	2541
f 2542 	2354 	2541
f 2353 	2354 	2542
f 2543 	2353 	2542
f 2359 	2353 	2543
f 2547 	2359 	2543
f 2358 	2359 	2547
f 2548 	2358 	2547
f 2361 	2358 	2548
f 2549 	2361 	2548
f 2360 	2361 	2549
f 2550 	2360 	2549
f 2363 	2360 	2550
f 2551 	2363 	2550
f 2362 	2363 	2551
f 2552 	2362 	2551
f 2365 	2362 	2552
f 2553 	2365 	2552
f 2364 	2365 	2553
f 2554 	2364 	2553
f 2367 	2364 	2554
f 2555 	2367 	2554
f 2366 	2367 	2555
f 2556 	2366 	2555
f 2369 	2366 	2556
f 2557 	2369 	2556
f 2368 	2369 	2557
f 2558 	2368 	2557
f 2371 	2368 	2558
f 2559 	2371 	2558
f 2370 	2371 	2559
f 2560 	2370 	2559
f 2373 	2370 	2560
f 2561 	2373 	2560
f 2372 	2373 	2561
f 2562 	2372 	2561
f 2375 	2372 	2562
f 2563 	2375 	2562
f 2374 	2375 	2563
f 2564 	2374 	2563
f 2377 	2374 	2564
f 2565 	2377 	2564
f 2376 	2377 	2565
f 2566 	2376 	2565
f 2379 	2376 	2566
f 2567 	2379 	2566
f 2378 	2379 	2567
f 2568 	2378 	2567
f 2381 	2378 	2568
f 2569 	2381 	2568
f 2380 	2381 	2569
f 2570 	2380 	2569
f 2382 	2380 	2570
f 2571 	2382 	2570
f 2277 	2382 	2571
f 2464 	2277 	2571
f 2276 	2277 	2464
f 2465 	2276 	2464
f 2409 	2407 	2596
f 2598 	2409 	2596
f 2411 	2409 	2598
f 2600 	2411 	2598
f 2413 	2411 	2600
f 2602 	2413 	2600
f 2415 	2413 	2602
f 2604 	2415 	2602
f 2418 	2415 	2604
f 2607 	2418 	2604
f 2419 	2418 	2607
f 2608 	2419 	2607
f 2421 	2419 	2608
f 2610 	2421 	2608
f 2423 	2421 	2610
f 2612 	2423 	2610
f 2425 	2423 	2612
f 2614 	2425 	2612
f 2427 	2425 	2614
f 2616 	2427 	2614
f 2429 	2427 	2616
f 2618 	2429 	2616
f 2431 	2429 	2618
f 2620 	2431 	2618
f 2433 	2431 	2620
f 2622 	2433 	2620
f 2435 	2433 	2622
f 2624 	2435 	2622
f 2437 	2435 	2624
f 2626 	2437 	2624
f 2439 	2437 	2626
f 2628 	2439 	2626
f 2441 	2439 	2628
f 2630 	2441 	2628
f 2443 	2441 	2630
f 2632 	2443 	2630
f 2445 	2443 	2632
f 2634 	2445 	2632
f 2447 	2445 	2634
f 2636 	2447 	2634
f 2448 	2447 	2636
f 2637 	2448 	2636
f 2450 	2448 	2637
f 2639 	2450 	2637
f 2357 	2450 	2639
f 2546 	2357 	2639
f 2356 	2357 	2546
f 2544 	2356 	2546
f 2355 	2356 	2544
f 2545 	2355 	2544
f 2384 	2355 	2545
f 2573 	2384 	2545
f 2386 	2384 	2573
f 2575 	2386 	2573
f 2388 	2386 	2575
f 2577 	2388 	2575
f 2390 	2388 	2577
f 2579 	2390 	2577
f 2392 	2390 	2579
f 2581 	2392 	2579
f 2394 	2392 	2581
f 2583 	2394 	2581
f 2396 	2394 	2583
f 2585 	2396 	2583
f 2398 	2396 	2585
f 2587 	2398 	2585
f 2400 	2398 	2587
f 2589 	2400 	2587
f 2403 	2400 	2589
f 2592 	2403 	2589
f 2405 	2403 	2592
f 2594 	2405 	2592
f 2407 	2405 	2594
f 2596 	2407 	2594
f 2654 	2653 	2655
f 2657 	2656 	2658
f 2660 	2659 	2656
f 2662 	2661 	2659
f 2664 	2663 	2661
f 2666 	2665 	2663
f 2668 	2667 	2665
f 2670 	2669 	2667
f 2672 	2671 	2669
f 2674 	2673 	2671
f 2676 	2675 	2673
f 2678 	2677 	2675
f 2680 	2679 	2677
f 2682 	2681 	2679
f 2684 	2683 	2681
f 2686 	2685 	2683
f 2688 	2687 	2685
f 2690 	2689 	2687
f 2692 	2691 	2689
f 2694 	2693 	2691
f 2696 	2695 	2693
f 2698 	2697 	2695
f 2700 	2699 	2697
f 2702 	2701 	2699
f 2704 	2703 	2701
f 2706 	2705 	2707
f 2709 	2708 	2705
f 2711 	2710 	2712
f 2714 	2713 	2715
f 2717 	2716 	2713
f 2653 	2718 	2655
f 2656 	2659 	2658
f 2661 	2663 	2659
f 2665 	2667 	2663
f 2669 	2671 	2667
f 2673 	2675 	2671
f 2677 	2679 	2675
f 2681 	2683 	2679
f 2685 	2687 	2683
f 2689 	2691 	2687
f 2693 	2695 	2691
f 2697 	2699 	2695
f 2701 	2703 	2699
f 2708 	2719 	2705
f 2715 	2713 	2720
f 2716 	2721 	2713
f 2718 	2722 	2655
f 2659 	2663 	2658
f 2667 	2671 	2663
f 2675 	2679 	2671
f 2683 	2687 	2679
f 2691 	2695 	2687
f 2699 	2703 	2695
f 2719 	2723 	2705
f 2720 	2713 	2724
f 2721 	2725 	2713
f 2722 	2726 	2655
f 2658 	2663 	2727
f 2671 	2679 	2663
f 2687 	2695 	2679
f 2703 	2728 	2695
f 2705 	2723 	2707
f 2724 	2713 	2729
f 2725 	2730 	2713
f 2726 	2731 	2655
f 2727 	2663 	2732
f 2679 	2695 	2663
f 2723 	2733 	2707
f 2729 	2713 	2734
f 2730 	2735 	2713
f 2731 	2736 	2655
f 2733 	2712 	2707
f 2734 	2713 	2737
f 2735 	2738 	2713
f 2736 	2739 	2655
f 2712 	2710 	2707
f 2737 	2713 	2740
f 2738 	2741 	2713
f 2739 	2742 	2655
f 2710 	2743 	2707
f 2740 	2713 	2744
f 2741 	2745 	2713
f 2742 	2746 	2655
f 2743 	2747 	2707
f 2744 	2713 	2748
f 2745 	2749 	2713
f 2746 	2750 	2655
f 2747 	2751 	2707
f 2748 	2713 	2752
f 2749 	2753 	2713
f 2750 	2754 	2655
f 2751 	2755 	2707
f 2752 	2713 	2756
f 2753 	2757 	2713
f 2754 	2758 	2655
f 2755 	2759 	2707
f 2756 	2713 	2760
f 2757 	2761 	2713
f 2758 	2762 	2655
f 2759 	2763 	2707
f 2760 	2713 	2764
f 2761 	2765 	2713
f 2762 	2766 	2655
f 2763 	2767 	2707
f 2764 	2713 	2768
f 2765 	2769 	2713
f 2766 	2770 	2655
f 2767 	2771 	2707
f 2768 	2713 	2772
f 2769 	2773 	2713
f 2770 	2774 	2655
f 2707 	2771 	2728
f 2713 	2773 	2772
f 2655 	2774 	2775
f 2771 	2776 	2728
f 2772 	2773 	2777
f 2775 	2774 	2778
f 2776 	2779 	2728
f 2777 	2773 	2780
f 2778 	2774 	2781
f 2779 	2782 	2728
f 2780 	2773 	2783
f 2781 	2774 	2784
f 2782 	2785 	2728
f 2783 	2773 	2786
f 2784 	2774 	2787
f 2785 	2788 	2728
f 2786 	2773 	2789
f 2774 	2790 	2787
f 2788 	2791 	2728
f 2789 	2773 	2792
f 2787 	2790 	2793
f 2791 	2794 	2728
f 2792 	2773 	2795
f 2793 	2790 	2796
f 2794 	2797 	2728
f 2795 	2773 	2798
f 2796 	2790 	2799
f 2797 	2800 	2728
f 2798 	2773 	2801
f 2799 	2790 	2802
f 2800 	2803 	2728
f 2801 	2773 	2803
f 2802 	2790 	2804
f 2728 	2803 	2695
f 2773 	2805 	2803
f 2804 	2790 	2806
f 2805 	2807 	2803
f 2806 	2790 	2808
f 2807 	2809 	2803
f 2790 	2810 	2808
f 2809 	2811 	2803
f 2810 	2812 	2808
f 2811 	2813 	2803
f 2812 	2814 	2808
f 2813 	2815 	2803
f 2814 	2816 	2808
f 2815 	2817 	2803
f 2808 	2816 	2818
f 2817 	2819 	2803
f 2816 	2820 	2818
f 2819 	2821 	2803
f 2820 	2732 	2818
f 2821 	2822 	2803
f 2732 	2663 	2818
f 2822 	2823 	2803
f 2818 	2663 	2824
f 2823 	2825 	2803
f 2824 	2663 	2826
f 2825 	2827 	2803
f 2826 	2663 	2828
f 2827 	2829 	2803
f 2828 	2663 	2830
f 2829 	2831 	2803
f 2830 	2663 	2832
f 2831 	2833 	2803
f 2832 	2663 	2834
f 2833 	2835 	2803
f 2834 	2663 	2836
f 2835 	2837 	2803
f 2836 	2663 	2838
f 2837 	2839 	2803
f 2838 	2663 	2840
f 2839 	2841 	2803
f 2840 	2663 	2842
f 2803 	2841 	2695
f 2842 	2663 	2843
f 2841 	2844 	2695
f 2663 	2695 	2843
f 2844 	2845 	2695
f 2843 	2695 	2846
f 2845 	2847 	2695
f 2846 	2695 	2848
f 2847 	2849 	2695
f 2848 	2695 	2850
f 2849 	2851 	2695
f 2850 	2695 	2852
f 2851 	2853 	2695
f 2852 	2695 	2854
f 2853 	2855 	2695
f 2854 	2695 	2856
f 2855 	2857 	2695
f 2856 	2695 	2858
f 2857 	2858 	2695
f 2860 	2859 	2861
f 2863 	2862 	2864
f 2865 	2864 	2866
f 2867 	2866 	2868
f 2869 	2868 	2870
f 2871 	2870 	2872
f 2873 	2872 	2874
f 2875 	2874 	2876
f 2877 	2876 	2878
f 2879 	2878 	2880
f 2881 	2880 	2882
f 2883 	2882 	2884
f 2885 	2884 	2886
f 2887 	2886 	2888
f 2889 	2888 	2890
f 2891 	2890 	2892
f 2893 	2892 	2894
f 2895 	2894 	2896
f 2897 	2896 	2898
f 2899 	2898 	2900
f 2901 	2900 	2902
f 2903 	2902 	2904
f 2905 	2904 	2906
f 2907 	2906 	2908
f 2909 	2908 	2910
f 2912 	2911 	2913
f 2914 	2913 	2915
f 2917 	2916 	2918
f 2920 	2919 	2921
f 2922 	2921 	2923
f 2861 	2859 	2924
f 2864 	2862 	2866
f 2868 	2866 	2870
f 2872 	2870 	2874
f 2876 	2874 	2878
f 2880 	2878 	2882
f 2884 	2882 	2886
f 2888 	2886 	2890
f 2892 	2890 	2894
f 2896 	2894 	2898
f 2900 	2898 	2902
f 2904 	2902 	2906
f 2908 	2906 	2910
f 2915 	2913 	2925
f 2919 	2926 	2921
f 2923 	2921 	2927
f 2924 	2859 	2928
f 2866 	2862 	2870
f 2874 	2870 	2878
f 2882 	2878 	2886
f 2890 	2886 	2894
f 2898 	2894 	2902
f 2906 	2902 	2910
f 2925 	2913 	2929
f 2926 	2930 	2921
f 2927 	2921 	2931
f 2928 	2859 	2932
f 2862 	2933 	2870
f 2878 	2870 	2886
f 2894 	2886 	2902
f 2910 	2902 	2934
f 2913 	2911 	2929
f 2930 	2935 	2921
f 2931 	2921 	2936
f 2932 	2859 	2937
f 2933 	2938 	2870
f 2886 	2870 	2902
f 2929 	2911 	2939
f 2935 	2940 	2921
f 2936 	2921 	2941
f 2937 	2859 	2942
f 2939 	2911 	2916
f 2940 	2943 	2921
f 2941 	2921 	2944
f 2942 	2859 	2945
f 2916 	2911 	2918
f 2943 	2946 	2921
f 2944 	2921 	2947
f 2945 	2859 	2948
f 2918 	2911 	2949
f 2946 	2950 	2921
f 2947 	2921 	2951
f 2948 	2859 	2952
f 2949 	2911 	2953
f 2950 	2954 	2921
f 2951 	2921 	2955
f 2952 	2859 	2956
f 2953 	2911 	2957
f 2954 	2958 	2921
f 2955 	2921 	2959
f 2956 	2859 	2960
f 2957 	2911 	2961
f 2958 	2962 	2921
f 2959 	2921 	2963
f 2960 	2859 	2964
f 2961 	2911 	2965
f 2962 	2966 	2921
f 2963 	2921 	2967
f 2964 	2859 	2968
f 2965 	2911 	2969
f 2966 	2970 	2921
f 2967 	2921 	2971
f 2968 	2859 	2972
f 2969 	2911 	2973
f 2970 	2974 	2921
f 2971 	2921 	2975
f 2972 	2859 	2976
f 2973 	2911 	2977
f 2974 	2978 	2921
f 2975 	2921 	2979
f 2976 	2859 	2980
f 2911 	2934 	2977
f 2921 	2978 	2979
f 2859 	2981 	2980
f 2977 	2934 	2982
f 2978 	2983 	2979
f 2981 	2984 	2980
f 2982 	2934 	2985
f 2983 	2986 	2979
f 2984 	2987 	2980
f 2985 	2934 	2988
f 2986 	2989 	2979
f 2987 	2990 	2980
f 2988 	2934 	2991
f 2989 	2992 	2979
f 2990 	2993 	2980
f 2991 	2934 	2994
f 2992 	2995 	2979
f 2980 	2993 	2996
f 2994 	2934 	2997
f 2995 	2998 	2979
f 2993 	2999 	2996
f 2997 	2934 	3000
f 2998 	3001 	2979
f 2999 	3002 	2996
f 3000 	2934 	3003
f 3001 	3004 	2979
f 3002 	3005 	2996
f 3003 	2934 	3006
f 3004 	3007 	2979
f 3005 	3008 	2996
f 3006 	2934 	3009
f 3007 	3009 	2979
f 3008 	3010 	2996
f 2934 	2902 	3009
f 2979 	3009 	3011
f 3010 	3012 	2996
f 3011 	3009 	3013
f 3012 	3014 	2996
f 3013 	3009 	3015
f 2996 	3014 	3016
f 3015 	3009 	3017
f 3016 	3014 	3018
f 3017 	3009 	3019
f 3018 	3014 	3020
f 3019 	3009 	3021
f 3020 	3014 	3022
f 3021 	3009 	3023
f 3014 	3024 	3022
f 3023 	3009 	3025
f 3022 	3024 	3026
f 3025 	3009 	3027
f 3026 	3024 	2938
f 3027 	3009 	3028
f 2938 	3024 	2870
f 3028 	3009 	3029
f 3024 	3030 	2870
f 3029 	3009 	3031
f 3030 	3032 	2870
f 3031 	3009 	3033
f 3032 	3034 	2870
f 3033 	3009 	3035
f 3034 	3036 	2870
f 3035 	3009 	3037
f 3036 	3038 	2870
f 3037 	3009 	3039
f 3038 	3040 	2870
f 3039 	3009 	3041
f 3040 	3042 	2870
f 3041 	3009 	3043
f 3042 	3044 	2870
f 3043 	3009 	3045
f 3044 	3046 	2870
f 3045 	3009 	3047
f 3046 	3048 	2870
f 3009 	2902 	3047
f 3048 	3049 	2870
f 3047 	2902 	3050
f 2870 	3049 	2902
f 3050 	2902 	3051
f 3049 	3052 	2902
f 3051 	2902 	3053
f 3052 	3054 	2902
f 3053 	2902 	3055
f 3054 	3056 	2902
f 3055 	2902 	3057
f 3056 	3058 	2902
f 3057 	2902 	3059
f 3058 	3060 	2902
f 3059 	2902 	3061
f 3060 	3062 	2902
f 3061 	2902 	3063
f 3062 	3064 	2902
f 3063 	2902 	3064
f 2653 	2654 	2860
f 2861 	2653 	2860
f 2718 	2653 	2861
f 2924 	2718 	2861
f 2722 	2718 	2924
f 2928 	2722 	2924
f 2726 	2722 	2928
f 2932 	2726 	2928
f 2731 	2726 	2932
f 2937 	2731 	2932
f 2736 	2731 	2937
f 2942 	2736 	2937
f 2739 	2736 	2942
f 2945 	2739 	2942
f 2742 	2739 	2945
f 2948 	2742 	2945
f 2746 	2742 	2948
f 2952 	2746 	2948
f 2750 	2746 	2952
f 2956 	2750 	2952
f 2754 	2750 	2956
f 2960 	2754 	2956
f 2758 	2754 	2960
f 2964 	2758 	2960
f 2762 	2758 	2964
f 2968 	2762 	2964
f 2766 	2762 	2968
f 2972 	2766 	2968
f 2770 	2766 	2972
f 2976 	2770 	2972
f 2774 	2770 	2976
f 2980 	2774 	2976
f 2790 	2774 	2980
f 2996 	2790 	2980
f 2810 	2790 	2996
f 3016 	2810 	2996
f 2812 	2810 	3016
f 3018 	2812 	3016
f 2814 	2812 	3018
f 3020 	2814 	3018
f 2816 	2814 	3020
f 3022 	2816 	3020
f 2820 	2816 	3022
f 3026 	2820 	3022
f 2732 	2820 	3026
f 2938 	2732 	3026
f 2727 	2732 	2938
f 2933 	2727 	2938
f 2658 	2727 	2933
f 2862 	2658 	2933
f 2657 	2658 	2862
f 2863 	2657 	2862
f 2656 	2657 	2863
f 2864 	2656 	2863
f 2660 	2656 	2864
f 2865 	2660 	2864
f 2659 	2660 	2865
f 2866 	2659 	2865
f 2662 	2659 	2866
f 2867 	2662 	2866
f 2661 	2662 	2867
f 2868 	2661 	2867
f 2664 	2661 	2868
f 2869 	2664 	2868
f 2663 	2664 	2869
f 2870 	2663 	2869
f 2666 	2663 	2870
f 2871 	2666 	2870
f 2665 	2666 	2871
f 2872 	2665 	2871
f 2668 	2665 	2872
f 2873 	2668 	2872
f 2667 	2668 	2873
f 2874 	2667 	2873
f 2670 	2667 	2874
f 2875 	2670 	2874
f 2669 	2670 	2875
f 2876 	2669 	2875
f 2672 	2669 	2876
f 2877 	2672 	2876
f 2671 	2672 	2877
f 2878 	2671 	2877
f 2674 	2671 	2878
f 2879 	2674 	2878
f 2673 	2674 	2879
f 2880 	2673 	2879
f 2676 	2673 	2880
f 2881 	2676 	2880
f 2675 	2676 	2881
f 2882 	2675 	2881
f 2678 	2675 	2882
f 2883 	2678 	2882
f 2677 	2678 	2883
f 2884 	2677 	2883
f 2680 	2677 	2884
f 2885 	2680 	2884
f 2679 	2680 	2885
f 2886 	2679 	2885
f 2682 	2679 	2886
f 2887 	2682 	2886
f 2681 	2682 	2887
f 2888 	2681 	2887
f 2684 	2681 	2888
f 2889 	2684 	2888
f 2683 	2684 	2889
f 2890 	2683 	2889
f 2686 	2683 	2890
f 2891 	2686 	2890
f 2685 	2686 	2891
f 2892 	2685 	2891
f 2688 	2685 	2892
f 2893 	2688 	2892
f 2687 	2688 	2893
f 2894 	2687 	2893
f 2690 	2687 	2894
f 2895 	2690 	2894
f 2689 	2690 	2895
f 2896 	2689 	2895
f 2692 	2689 	2896
f 2897 	2692 	2896
f 2691 	2692 	2897
f 2898 	2691 	2897
f 2694 	2691 	2898
f 2899 	2694 	2898
f 2693 	2694 	2899
f 2900 	2693 	2899
f 2696 	2693 	2900
f 2901 	2696 	2900
f 2695 	2696 	2901
f 2902 	2695 	2901
f 2698 	2695 	2902
f 2903 	2698 	2902
f 2697 	2698 	2903
f 2904 	2697 	2903
f 2700 	2697 	2904
f 2905 	2700 	2904
f 2699 	2700 	2905
f 2906 	2699 	2905
f 2702 	2699 	2906
f 2907 	2702 	2906
f 2701 	2702 	2907
f 2908 	2701 	2907
f 2704 	2701 	2908
f 2909 	2704 	2908
f 2703 	2704 	2909
f 2910 	2703 	2909
f 2728 	2703 	2910
f 2934 	2728 	2910
f 2707 	2728 	2934
f 2911 	2707 	2934
f 2706 	2707 	2911
f 2912 	2706 	2911
f 2705 	2706 	2912
f 2913 	2705 	2912
f 2709 	2705 	2913
f 2914 	2709 	2913
f 2708 	2709 	2914
f 2915 	2708 	2914
f 2719 	2708 	2915
f 2925 	2719 	2915
f 2723 	2719 	2925
f 2929 	2723 	2925
f 2733 	2723 	2929
f 2939 	2733 	2929
f 2712 	2733 	2939
f 2916 	2712 	2939
f 2711 	2712 	2916
f 2917 	2711 	2916
f 2710 	2711 	2917
f 2918 	2710 	2917
f 2743 	2710 	2918
f 2949 	2743 	2918
f 2747 	2743 	2949
f 2953 	2747 	2949
f 2751 	2747 	2953
f 2957 	2751 	2953
f 2755 	2751 	2957
f 2961 	2755 	2957
f 2759 	2755 	2961
f 2965 	2759 	2961
f 2763 	2759 	2965
f 2969 	2763 	2965
f 2767 	2763 	2969
f 2973 	2767 	2969
f 2771 	2767 	2973
f 2977 	2771 	2973
f 2776 	2771 	2977
f 2982 	2776 	2977
f 2779 	2776 	2982
f 2985 	2779 	2982
f 2782 	2779 	2985
f 2988 	2782 	2985
f 2785 	2782 	2988
f 2991 	2785 	2988
f 2788 	2785 	2991
f 2994 	2788 	2991
f 2791 	2788 	2994
f 2997 	2791 	2994
f 2794 	2791 	2997
f 3000 	2794 	2997
f 2797 	2794 	3000
f 3003 	2797 	3000
f 2800 	2797 	3003
f 3006 	2800 	3003
f 2803 	2800 	3006
f 3009 	2803 	3006
f 2801 	2803 	3009
f 3007 	2801 	3009
f 2798 	2801 	3007
f 3004 	2798 	3007
f 2795 	2798 	3004
f 3001 	2795 	3004
f 2792 	2795 	3001
f 2998 	2792 	3001
f 2789 	2792 	2998
f 2995 	2789 	2998
f 2786 	2789 	2995
f 2992 	2786 	2995
f 2783 	2786 	2992
f 2989 	2783 	2992
f 2780 	2783 	2989
f 2986 	2780 	2989
f 2777 	2780 	2986
f 2983 	2777 	2986
f 2772 	2777 	2983
f 2978 	2772 	2983
f 2768 	2772 	2978
f 2974 	2768 	2978
f 2764 	2768 	2974
f 2970 	2764 	2974
f 2760 	2764 	2970
f 2966 	2760 	2970
f 2756 	2760 	2966
f 2962 	2756 	2966
f 2752 	2756 	2962
f 2958 	2752 	2962
f 2748 	2752 	2958
f 2954 	2748 	2958
f 2744 	2748 	2954
f 2950 	2744 	2954
f 2740 	2744 	2950
f 2946 	2740 	2950
f 2737 	2740 	2946
f 2943 	2737 	2946
f 2734 	2737 	2943
f 2940 	2734 	2943
f 2729 	2734 	2940
f 2935 	2729 	2940
f 2724 	2729 	2935
f 2930 	2724 	2935
f 2720 	2724 	2930
f 2926 	2720 	2930
f 2715 	2720 	2926
f 2919 	2715 	2926
f 2714 	2715 	2919
f 2920 	2714 	2919
f 2713 	2714 	2920
f 2921 	2713 	2920
f 2717 	2713 	2921
f 2922 	2717 	2921
f 2716 	2717 	2922
f 2923 	2716 	2922
f 2721 	2716 	2923
f 2927 	2721 	2923
f 2725 	2721 	2927
f 2931 	2725 	2927
f 2730 	2725 	2931
f 2936 	2730 	2931
f 2735 	2730 	2936
f 2941 	2735 	2936
f 2738 	2735 	2941
f 2944 	2738 	2941
f 2741 	2738 	2944
f 2947 	2741 	2944
f 2745 	2741 	2947
f 2951 	2745 	2947
f 2749 	2745 	2951
f 2955 	2749 	2951
f 2753 	2749 	2955
f 2959 	2753 	2955
f 2757 	2753 	2959
f 2963 	2757 	2959
f 2761 	2757 	2963
f 2967 	2761 	2963
f 2765 	2761 	2967
f 2971 	2765 	2967
f 2769 	2765 	2971
f 2975 	2769 	2971
f 2773 	2769 	2975
f 2979 	2773 	2975
f 2805 	2773 	2979
f 3011 	2805 	2979
f 2807 	2805 	3011
f 3013 	2807 	3011
f 2809 	2807 	3013
f 3015 	2809 	3013
f 2811 	2809 	3015
f 3017 	2811 	3015
f 2813 	2811 	3017
f 3019 	2813 	3017
f 2815 	2813 	3019
f 3021 	2815 	3019
f 2817 	2815 	3021
f 3023 	2817 	3021
f 2819 	2817 	3023
f 3025 	2819 	3023
f 2821 	2819 	3025
f 3027 	2821 	3025
f 2822 	2821 	3027
f 3028 	2822 	3027
f 2823 	2822 	3028
f 3029 	2823 	3028
f 2825 	2823 	3029
f 3031 	2825 	3029
f 2827 	2825 	3031
f 3033 	2827 	3031
f 2829 	2827 	3033
f 3035 	2829 	3033
f 2831 	2829 	3035
f 3037 	2831 	3035
f 2833 	2831 	3037
f 3039 	2833 	3037
f 2835 	2833 	3039
f 3041 	2835 	3039
f 2837 	2835 	3041
f 3043 	2837 	3041
f 2839 	2837 	3043
f 3045 	2839 	3043
f 2841 	2839 	3045
f 3047 	2841 	3045
f 2844 	2841 	3047
f 3050 	2844 	3047
f 2845 	2844 	3050
f 3051 	2845 	3050
f 2847 	2845 	3051
f 3053 	2847 	3051
f 2849 	2847 	3053
f 3055 	2849 	3053
f 2851 	2849 	3055
f 3057 	2851 	3055
f 2853 	2851 	3057
f 3059 	2853 	3057
f 2855 	2853 	3059
f 3061 	2855 	3059
f 2857 	2855 	3061
f 3063 	2857 	3061
f 2858 	2857 	3063
f 3064 	2858 	3063
f 2856 	2858 	3064
f 3062 	2856 	3064
f 2854 	2856 	3062
f 3060 	2854 	3062
f 2852 	2854 	3060
f 3058 	2852 	3060
f 2850 	2852 	3058
f 3056 	2850 	3058
f 2848 	2850 	3056
f 3054 	2848 	3056
f 2846 	2848 	3054
f 3052 	2846 	3054
f 2843 	2846 	3052
f 3049 	2843 	3052
f 2842 	2843 	3049
f 3048 	2842 	3049
f 2840 	2842 	3048
f 3046 	2840 	3048
f 2838 	2840 	3046
f 3044 	2838 	3046
f 2836 	2838 	3044
f 3042 	2836 	3044
f 2834 	2836 	3042
f 3040 	2834 	3042
f 2832 	2834 	3040
f 3038 	2832 	3040
f 2830 	2832 	3038
f 3036 	2830 	3038
f 2828 	2830 	3036
f 3034 	2828 	3036
f 2826 	2828 	3034
f 3032 	2826 	3034
f 2824 	2826 	3032
f 3030 	2824 	3032
f 2818 	2824 	3030
f 3024 	2818 	3030
f 2808 	2818 	3024
f 3014 	2808 	3024
f 2806 	2808 	3014
f 3012 	2806 	3014
f 2804 	2806 	3012
f 3010 	2804 	3012
f 2802 	2804 	3010
f 3008 	2802 	3010
f 2799 	2802 	3008
f 3005 	2799 	3008
f 2796 	2799 	3005
f 3002 	2796 	3005
f 2793 	2796 	3002
f 2999 	2793 	3002
f 2787 	2793 	2999
f 2993 	2787 	2999
f 2784 	2787 	2993
f 2990 	2784 	2993
f 2781 	2784 	2990
f 2987 	2781 	2990
f 2778 	2781 	2987
f 2984 	2778 	2987
f 2775 	2778 	2984
f 2981 	2775 	2984
f 2655 	2775 	2981
f 2859 	2655 	2981
f 2654 	2655 	2859
f 2860 	2654 	2859
# 6048 faces

 #end of obj_4

o obj_5
v -23 		31.1584 		5
v -23 		31.1584 		3
v -23 		58.1584 		5
v -23 		58.1584 		3
v -38 		58.1584 		5
v -38 		58.1584 		3
v -38 		31.1584 		5
v -38 		31.1584 		3
# 8 vertices

g group_5_15277357

usemtl color_15277357
s 0

f 3065 	3066 	3067
f 3066 	3068 	3067
f 3069 	3070 	3071
f 3070 	3072 	3071
f 3069 	3071 	3067
f 3071 	3065 	3067
f 3072 	3070 	3066
f 3070 	3068 	3066
f 3071 	3072 	3065
f 3072 	3066 	3065
f 3067 	3068 	3069
f 3068 	3070 	3069
# 12 faces

 #end of obj_5

o obj_6
v -3.3535 		51.5967 		2
v -3.6516 		51.4824 		2
v -3.9836 		51.4138 		2
v -2.8589 		51.9625 		2
v -3.0893 		51.7567 		2
v -2.4978 		52.5107 		2
v -2.6624 		52.214 		2
v -2.2583 		53.2387 		2
v -2.3631 		52.8523 		2
v -2.1386 		54.1459 		2
v -2.1835 		53.6699 		2
v -2.1237 		58 		2
v -2.1237 		54.6667 		2
v -2.7772 		57.5309 		2
v -2.7772 		58 		2
v -5.9215 		55.1276 		2
v -9.4279 		56.93 		2
v -3.5633 		56.93 		2
v -5.9215 		54.6914 		2
v -10.1256 		55.1276 		2
v -10.1374 		57.1642 		2
v -10.1153 		57.1367 		2
v -10.1256 		54.3704 		2
v -10.8763 		58 		2
v -10.2228 		58 		2
v -10.2228 		57.5309 		2
v -10.8599 		53.792 		2
v -10.8763 		54.3128 		2
v -10.7284 		52.8848 		2
v -10.8106 		53.316 		2
v -10.4654 		52.1568 		2
v -10.6133 		52.4984 		2
v -10.0702 		51.6086 		2
v -10.2846 		51.8601 		2
v -9.5383 		51.2428 		2
v -9.8214 		51.4028 		2
v -8.869 		51.0599 		2
v -9.2208 		51.1285 		2
v -8.3351 		51.0407 		2
v -8.4828 		51.037 		2
v -8.0545 		51.07 		2
v -8.1923 		51.0517 		2
v -7.7934 		51.1285 		2
v -7.9215 		51.0956 		2
v -7.552 		51.2156 		2
v -7.6703 		51.1687 		2
v -7.3302 		51.3272 		2
v -7.4387 		51.2684 		2
v -7.1281 		51.4625 		2
v -7.2267 		51.3919 		2
v -6.948 		51.6212 		2
v -7.0343 		51.5391 		2
v -6.787 		51.8004 		2
v -6.8656 		51.7083 		2
v -6.6418 		51.9998 		2
v -6.7125 		51.8976 		2
v -6.5155 		52.2163 		2
v -6.5751 		52.107 		2
v -6.4095 		52.4486 		2
v -6.4603 		52.3301 		2
v -6.3211 		52.6991 		2
v -6.3631 		52.5716 		2
v -6.1452 		52.6191 		2
v -6.185 		52.7234 		2
v -6.2218 		52.8313 		2
v -6.0569 		52.4216 		2
v -6.1026 		52.5185 		2
v -5.9568 		52.2387 		2
v -6.0083 		52.3283 		2
v -5.8449 		52.0713 		2
v -5.9024 		52.1529 		2
v -5.7213 		51.9204 		2
v -5.7846 		51.9938 		2
v -5.5859 		51.786 		2
v -5.6551 		51.8512 		2
v -5.4298 		51.6699 		2
v -5.5101 		51.7254 		2
v -5.2561 		51.5738 		2
v -5.3452 		51.6193 		2
v -5.0648 		51.4979 		2
v -5.1627 		51.5334 		2
v -4.8518 		51.4385 		2
v -4.9615 		51.4652 		2
v -4.6133 		51.4028 		2
v -4.7358 		51.4177 		2
v -4.3494 		51.3909 		2
v -4.4845 		51.3939 		2
v -3.4836 		56.9314 		2
v -9.5132 		56.9314 		2
v -10.0903 		57.1111 		2
v -10.1565 		57.1934 		2
v -10.222 		57.4877 		2
v -3.4092 		56.9355 		2
v -9.5927 		56.9355 		2
v -10.0591 		57.0846 		2
v -10.1727 		57.2245 		2
v -10.2198 		57.4458 		2
v -6.2836 		52.8313 		2
v -2.7782 		57.4902 		2
v -3.3403 		56.9424 		2
v -9.6663 		56.9424 		2
v -10.0245 		57.0599 		2
v -10.186 		57.2574 		2
v -10.2161 		57.4053 		2
v -2.7812 		57.4504 		2
v -3.2767 		56.952 		2
v -9.7341 		56.952 		2
v -9.9865 		57.037 		2
v -10.1232 		54.2471 		2
v -10.211 		57.3663 		2
v -2.7861 		57.4115 		2
v -3.2186 		56.9643 		2
v -9.7959 		56.9643 		2
v -9.945 		57.016 		2
v -10.1963 		57.2922 		2
v -10.2044 		57.3285 		2
v -2.7929 		57.3736 		2
v -3.1658 		56.9794 		2
v -9.8518 		56.9794 		2
v -9.9001 		56.9968 		2
v -2.8018 		57.3365 		2
v -3.1151 		56.9968 		2
v -2.8126 		57.3004 		2
v -3.0687 		57.016 		2
v -6.6722 		55.1276 		2
v -10.1158 		54.1299 		2
v -2.8231 		57.2654 		2
v -3.0267 		57.037 		2
v -10.1035 		54.0185 		2
v -2.8371 		57.2318 		2
v -2.9892 		57.0599 		2
v -5.919 		54.5631 		2
v -10.0864 		53.9131 		2
v -2.8545 		57.1996 		2
v -2.8744 		55.1276 		2
v -5.9117 		54.4417 		2
v -10.0643 		53.8137 		2
v -2.8754 		57.1687 		2
v -2.9561 		57.0846 		2
v -5.8994 		54.3272 		2
v -10.0373 		53.7202 		2
v -2.8997 		57.1392 		2
v -2.9274 		57.1111 		2
v -5.8822 		54.2195 		2
v -10.0047 		53.6349 		2
v -5.8602 		54.1187 		2
v -9.9657 		53.5546 		2
v -5.8332 		54.0247 		2
v -9.9203 		53.4794 		2
v -2.8744 		54.716 		2
v -5.801 		53.9399 		2
v -9.8685 		53.4092 		2
v -2.8766 		54.5905 		2
v -5.7635 		53.861 		2
v -9.8104 		53.3441 		2
v -2.8832 		54.4719 		2
v -5.7206 		53.7881 		2
v -9.7458 		53.284 		2
v -2.8943 		54.3601 		2
v -6.6722 		54.3457 		2
v -9.6774 		53.2316 		2
v -2.9097 		54.2551 		2
v -5.6722 		53.7211 		2
v -9.6016 		53.1843 		2
v -2.9296 		54.1571 		2
v -5.6185 		53.66 		2
v -9.5184 		53.142 		2
v -2.9539 		54.0658 		2
v -5.5594 		53.6049 		2
v -9.4279 		53.1047 		2
v -2.9804 		53.9783 		2
v -5.4944 		53.5553 		2
v -9.33 		53.0725 		2
v -3.0128 		53.8967 		2
v -6.6754 		54.2176 		2
v -9.2247 		53.0453 		2
v -3.051 		53.821 		2
v -5.423 		53.5107 		2
v -9.1146 		53.0201 		2
v -3.0952 		53.7513 		2
v -6.685 		54.0969 		2
v -8.9961 		52.9995 		2
v -3.1452 		53.6875 		2
v -5.3452 		53.4712 		2
v -8.8692 		52.9835 		2
v -3.2012 		53.6296 		2
v -6.7009 		53.9835 		2
v -8.7341 		52.9721 		2
v -3.2628 		53.5773 		2
v -5.261 		53.4367 		2
v -8.5905 		52.9652 		2
v -3.3297 		53.5299 		2
v -6.7233 		53.8775 		2
v -8.4387 		52.963 		2
v -3.4021 		53.4877 		2
v -5.1705 		53.4072 		2
v -8.2917 		52.965 		2
v -3.4799 		53.4504 		2
v -6.752 		53.7787 		2
v -8.1511 		52.9712 		2
v -3.5631 		53.4182 		2
v -5.0736 		53.3827 		2
v -8.0169 		52.9815 		2
v -3.6516 		53.3909 		2
v -6.787 		53.6872 		2
v -7.8891 		52.9959 		2
v -3.7498 		53.3658 		2
v -4.9703 		53.3601 		2
v -7.7677 		53.0144 		2
v -6.8253 		53.6022 		2
v -7.6526 		53.037 		2
v -4.8606 		53.3416 		2
v -7.5466 		53.0615 		2
v -3.8557 		53.3452 		2
v -6.8695 		53.5226 		2
v -7.4465 		53.091 		2
v -3.9696 		53.3292 		2
v -4.7446 		53.3272 		2
v -7.3523 		53.1255 		2
v -4.0913 		53.3178 		2
v -6.9195 		53.4486 		2
v -7.264 		53.1651 		2
v -4.2208 		53.3109 		2
v -4.6222 		53.3169 		2
v -7.1816 		53.2096 		2
v -4.3582 		53.3086 		2
v -6.9755 		53.38 		2
v -4.4934 		53.3107 		2
v -7.105 		53.2593 		2
v -7.0373 		53.3169 		2
v -3.9836 		51.4138 		4
v -3.6516 		51.4824 		4
v -3.3535 		51.5967 		4
v -3.0893 		51.7567 		4
v -2.8589 		51.9625 		4
v -2.6624 		52.214 		4
v -2.4978 		52.5107 		4
v -2.3631 		52.8523 		4
v -2.2583 		53.2387 		4
v -2.1835 		53.6699 		4
v -2.1386 		54.1459 		4
v -2.1237 		54.6667 		4
v -2.1237 		58 		4
v -2.7772 		58 		4
v -2.7772 		57.5309 		4
v -3.5633 		56.93 		4
v -9.4279 		56.93 		4
v -5.9215 		55.1276 		4
v -5.9215 		54.6914 		4
v -10.1153 		57.1367 		4
v -10.1374 		57.1642 		4
v -10.1256 		55.1276 		4
v -10.1256 		54.3704 		4
v -10.2228 		57.5309 		4
v -10.2228 		58 		4
v -10.8763 		58 		4
v -10.8763 		54.3128 		4
v -10.8599 		53.792 		4
v -10.8106 		53.316 		4
v -10.7284 		52.8848 		4
v -10.6133 		52.4984 		4
v -10.4654 		52.1568 		4
v -10.2846 		51.8601 		4
v -10.0702 		51.6086 		4
v -9.8214 		51.4028 		4
v -9.5383 		51.2428 		4
v -9.2208 		51.1285 		4
v -8.869 		51.0599 		4
v -8.4828 		51.037 		4
v -8.3351 		51.0407 		4
v -8.1923 		51.0517 		4
v -8.0545 		51.07 		4
v -7.9215 		51.0956 		4
v -7.7934 		51.1285 		4
v -7.6703 		51.1687 		4
v -7.552 		51.2156 		4
v -7.4387 		51.2684 		4
v -7.3302 		51.3272 		4
v -7.2267 		51.3919 		4
v -7.1281 		51.4625 		4
v -7.0343 		51.5391 		4
v -6.948 		51.6212 		4
v -6.8656 		51.7083 		4
v -6.787 		51.8004 		4
v -6.7125 		51.8976 		4
v -6.6418 		51.9998 		4
v -6.5751 		52.107 		4
v -6.5155 		52.2163 		4
v -6.4603 		52.3301 		4
v -6.4095 		52.4486 		4
v -6.3631 		52.5716 		4
v -6.3211 		52.6991 		4
v -6.2218 		52.8313 		4
v -6.185 		52.7234 		4
v -6.1452 		52.6191 		4
v -6.1026 		52.5185 		4
v -6.0569 		52.4216 		4
v -6.0083 		52.3283 		4
v -5.9568 		52.2387 		4
v -5.9024 		52.1529 		4
v -5.8449 		52.0713 		4
v -5.7846 		51.9938 		4
v -5.7213 		51.9204 		4
v -5.6551 		51.8512 		4
v -5.5859 		51.786 		4
v -5.5101 		51.7254 		4
v -5.4298 		51.6699 		4
v -5.3452 		51.6193 		4
v -5.2561 		51.5738 		4
v -5.1627 		51.5334 		4
v -5.0648 		51.4979 		4
v -4.9615 		51.4652 		4
v -4.8518 		51.4385 		4
v -4.7358 		51.4177 		4
v -4.6133 		51.4028 		4
v -4.4845 		51.3939 		4
v -4.3494 		51.3909 		4
v -3.4836 		56.9314 		4
v -9.5132 		56.9314 		4
v -10.0903 		57.1111 		4
v -10.1565 		57.1934 		4
v -10.222 		57.4877 		4
v -3.4092 		56.9355 		4
v -9.5927 		56.9355 		4
v -10.0591 		57.0846 		4
v -10.1727 		57.2245 		4
v -10.2198 		57.4458 		4
v -6.2836 		52.8313 		4
v -2.7782 		57.4902 		4
v -3.3403 		56.9424 		4
v -9.6663 		56.9424 		4
v -10.0245 		57.0599 		4
v -10.186 		57.2574 		4
v -10.2161 		57.4053 		4
v -2.7812 		57.4504 		4
v -3.2767 		56.952 		4
v -9.7341 		56.952 		4
v -9.9865 		57.037 		4
v -10.1232 		54.2471 		4
v -10.211 		57.3663 		4
v -2.7861 		57.4115 		4
v -3.2186 		56.9643 		4
v -9.7959 		56.9643 		4
v -9.945 		57.016 		4
v -10.1963 		57.2922 		4
v -10.2044 		57.3285 		4
v -2.7929 		57.3736 		4
v -3.1658 		56.9794 		4
v -9.8518 		56.9794 		4
v -9.9001 		56.9968 		4
v -2.8018 		57.3365 		4
v -3.1151 		56.9968 		4
v -2.8126 		57.3004 		4
v -3.0687 		57.016 		4
v -6.6722 		55.1276 		4
v -10.1158 		54.1299 		4
v -2.8231 		57.2654 		4
v -3.0267 		57.037 		4
v -10.1035 		54.0185 		4
v -2.8371 		57.2318 		4
v -2.9892 		57.0599 		4
v -5.919 		54.5631 		4
v -10.0864 		53.9131 		4
v -2.8545 		57.1996 		4
v -2.8744 		55.1276 		4
v -5.9117 		54.4417 		4
v -10.0643 		53.8137 		4
v -2.8754 		57.1687 		4
v -2.9561 		57.0846 		4
v -5.8994 		54.3272 		4
v -10.0373 		53.7202 		4
v -2.8997 		57.1392 		4
v -2.9274 		57.1111 		4
v -5.8822 		54.2195 		4
v -10.0047 		53.6349 		4
v -5.8602 		54.1187 		4
v -9.9657 		53.5546 		4
v -5.8332 		54.0247 		4
v -9.9203 		53.4794 		4
v -2.8744 		54.716 		4
v -5.801 		53.9399 		4
v -9.8685 		53.4092 		4
v -2.8766 		54.5905 		4
v -5.7635 		53.861 		4
v -9.8104 		53.3441 		4
v -2.8832 		54.4719 		4
v -5.7206 		53.7881 		4
v -9.7458 		53.284 		4
v -2.8943 		54.3601 		4
v -6.6722 		54.3457 		4
v -9.6774 		53.2316 		4
v -2.9097 		54.2551 		4
v -5.6722 		53.7211 		4
v -9.6016 		53.1843 		4
v -2.9296 		54.1571 		4
v -5.6185 		53.66 		4
v -9.5184 		53.142 		4
v -2.9539 		54.0658 		4
v -5.5594 		53.6049 		4
v -9.4279 		53.1047 		4
v -2.9804 		53.9783 		4
v -5.4944 		53.5553 		4
v -9.33 		53.0725 		4
v -3.0128 		53.8967 		4
v -6.6754 		54.2176 		4
v -9.2247 		53.0453 		4
v -3.051 		53.821 		4
v -5.423 		53.5107 		4
v -9.1146 		53.0201 		4
v -3.0952 		53.7513 		4
v -6.685 		54.0969 		4
v -8.9961 		52.9995 		4
v -3.1452 		53.6875 		4
v -5.3452 		53.4712 		4
v -8.8692 		52.9835 		4
v -3.2012 		53.6296 		4
v -6.7009 		53.9835 		4
v -8.7341 		52.9721 		4
v -3.2628 		53.5773 		4
v -5.261 		53.4367 		4
v -8.5905 		52.9652 		4
v -3.3297 		53.5299 		4
v -6.7233 		53.8775 		4
v -8.4387 		52.963 		4
v -3.4021 		53.4877 		4
v -5.1705 		53.4072 		4
v -8.2917 		52.965 		4
v -3.4799 		53.4504 		4
v -6.752 		53.7787 		4
v -8.1511 		52.9712 		4
v -3.5631 		53.4182 		4
v -5.0736 		53.3827 		4
v -8.0169 		52.9815 		4
v -3.6516 		53.3909 		4
v -6.787 		53.6872 		4
v -7.8891 		52.9959 		4
v -3.7498 		53.3658 		4
v -4.9703 		53.3601 		4
v -7.7677 		53.0144 		4
v -6.8253 		53.6022 		4
v -7.6526 		53.037 		4
v -4.8606 		53.3416 		4
v -7.5466 		53.0615 		4
v -3.8557 		53.3452 		4
v -6.8695 		53.5226 		4
v -7.4465 		53.091 		4
v -3.9696 		53.3292 		4
v -4.7446 		53.3272 		4
v -7.3523 		53.1255 		4
v -4.0913 		53.3178 		4
v -6.9195 		53.4486 		4
v -7.264 		53.1651 		4
v -4.2208 		53.3109 		4
v -4.6222 		53.3169 		4
v -7.1816 		53.2096 		4
v -4.3582 		53.3086 		4
v -6.9755 		53.38 		4
v -4.4934 		53.3107 		4
v -7.105 		53.2593 		4
v -7.0373 		53.3169 		4
v -10.8763 		45.7942 		2
v -10.2228 		45.7942 		2
v -10.2228 		45.3498 		2
v -10.2228 		42.0247 		2
v -10.8763 		42.0247 		2
v -2.1237 		47.0535 		2
v -2.1237 		45.4897 		2
v -9.3484 		43.1029 		2
v -7.2463 		47.9012 		2
v -9.3395 		49.5309 		2
v -5.1082 		47.2042 		2
v -5.1796 		47.2263 		2
v -4.8079 		47.1109 		2
v -4.8852 		47.1349 		2
v -4.961 		47.1584 		2
v -4.5751 		47.0325 		2
v -4.6524 		47.0592 		2
v -4.7291 		47.0864 		2
v -4.419 		46.9803 		2
v -4.4973 		47.0062 		2
v -4.261 		46.93 		2
v -4.3403 		46.955 		2
v -4.1089 		46.8816 		2
v -4.1847 		46.9056 		2
v -3.9588 		46.8349 		2
v -4.0336 		46.858 		2
v -3.8106 		46.7901 		2
v -3.8844 		46.8123 		2
v -3.6673 		46.7481 		2
v -3.738 		46.7686 		2
v -3.5319 		46.7096 		2
v -3.5986 		46.7284 		2
v -3.4043 		46.6749 		2
v -3.4671 		46.6918 		2
v -3.5486 		46.6411 		2
v -3.4757 		46.6582 		2
v -3.6987 		46.6054 		2
v -3.6229 		46.6235 		2
v -3.8548 		46.5679 		2
v -3.776 		46.5869 		2
v -4.0137 		46.5286 		2
v -3.9342 		46.5485 		2
v -4.1727 		46.4874 		2
v -4.0932 		46.5082 		2
v -4.3317 		46.4444 		2
v -4.2522 		46.4662 		2
v -4.4897 		46.4051 		2
v -4.4109 		46.425 		2
v -4.6457 		46.364 		2
v -4.568 		46.3848 		2
v -4.7998 		46.321 		2
v -4.723 		46.3427 		2
v -7.2463 		45.5885 		2
v -5.2414 		46.1975 		2
v -5.1703 		46.217 		2
v -9.4279 		49.5638 		2
v -10.8763 		50.5844 		2
v -10.2228 		50.5844 		2
v -10.2228 		50.4527 		2
v -10.2228 		47.6049 		2
v -10.8763 		47.6049 		2
v -10.0893 		48.4684 		2
v -10.1079 		48.4444 		2
v -10.1276 		48.4216 		2
v -9.3378 		48.5457 		2
v -9.4014 		48.5597 		2
v -9.4676 		48.5748 		2
v -7.9971 		48.1399 		2
v -9.0569 		48.4691 		2
v -9.1082 		48.4854 		2
v -10.222 		45.3221 		2
v -10.2228 		42.2387 		2
v -9.4313 		43.0727 		2
v -4.8759 		46.2993 		2
v -5.0981 		46.2369 		2
v -9.5103 		49.5967 		2
v -10.2218 		50.4015 		2
v -10.2228 		48.0905 		2
v -10.2198 		45.294 		2
v -10.2218 		42.2824 		2
v -9.5093 		43.0425 		2
v -5.0353 		47.1815 		2
v -5.025 		46.2572 		2
v -9.5868 		49.6296 		2
v -10.2188 		50.3521 		2
v -10.222 		48.1232 		2
v -10.2161 		45.2654 		2
v -10.2188 		42.3256 		2
v -9.5824 		43.0123 		2
v -4.9509 		46.278 		2
v -9.6575 		49.6626 		2
v -10.2139 		50.3045 		2
v -10.2198 		48.1555 		2
v -10.211 		45.2364 		2
v -10.2139 		42.3683 		2
v -9.6506 		42.9822 		2
v -9.7223 		49.6955 		2
v -10.2071 		50.2588 		2
v -10.2161 		48.1872 		2
v -10.2044 		45.2069 		2
v -10.2071 		42.4106 		2
v -9.7139 		42.952 		2
v -9.7812 		49.7284 		2
v -10.1982 		50.2149 		2
v -10.211 		48.2186 		2
v -10.1963 		45.177 		2
v -10.1982 		42.4524 		2
v -9.7723 		42.9218 		2
v -9.8378 		49.7615 		2
v -10.1874 		50.1728 		2
v -10.2044 		48.2494 		2
v -10.1867 		45.1475 		2
v -10.1874 		42.4938 		2
v -9.8901 		49.7952 		2
v -10.1739 		50.1319 		2
v -10.1963 		48.2798 		2
v -10.1757 		45.1193 		2
v -10.1712 		42.5345 		2
v -9.829 		42.8912 		2
v -9.9379 		49.8292 		2
v -10.157 		50.0914 		2
v -10.1865 		48.3118 		2
v -10.1631 		45.0926 		2
v -10.1521 		42.5743 		2
v -10.1367 		50.0514 		2
v -10.1747 		48.342 		2
v -10.1492 		45.0672 		2
v -10.13 		42.6132 		2
v -9.8813 		42.8596 		2
v -10.1129 		50.0119 		2
v -10.1609 		48.3704 		2
v -10.1337 		45.0432 		2
v -10.105 		42.6511 		2
v -9.9291 		42.8272 		2
v -10.0856 		49.9728 		2
v -10.1452 		48.3969 		2
v -10.1168 		45.0206 		2
v -10.077 		42.6882 		2
v -9.9725 		42.7938 		2
v -10.055 		49.9342 		2
v -10.0979 		44.9968 		2
v -10.0461 		42.7243 		2
v -10.0115 		42.7595 		2
v -10.0204 		49.8987 		2
v -10.0765 		44.9749 		2
v -9.9814 		49.8637 		2
v -10.0687 		48.4911 		2
v -10.0527 		44.9547 		2
v -10.0265 		44.9364 		2
v -10.0461 		48.5123 		2
v -9.9978 		44.92 		2
v -10.0216 		48.5322 		2
v -9.9666 		44.9053 		2
v -9.9951 		48.5508 		2
v -9.9362 		44.8928 		2
v -9.9666 		48.5679 		2
v -9.9038 		44.8825 		2
v -9.9362 		48.5805 		2
v -9.8695 		44.8745 		2
v -9.9038 		48.5908 		2
v -9.8332 		44.8688 		2
v -9.8695 		48.5988 		2
v -9.7949 		44.8653 		2
v -9.8332 		48.6045 		2
v -9.7547 		44.8642 		2
v -9.7949 		48.6079 		2
v -9.7049 		44.8651 		2
v -9.7547 		48.6091 		2
v -9.6555 		44.8679 		2
v -9.7031 		48.6077 		2
v -9.6067 		44.8724 		2
v -9.6487 		48.6036 		2
v -9.5584 		44.8788 		2
v -9.5913 		48.5967 		2
v -9.5105 		44.8871 		2
v -9.5309 		48.5871 		2
v -9.4632 		44.8971 		2
v -9.4198 		44.9081 		2
v -9.3778 		44.9191 		2
v -9.2767 		48.5313 		2
v -9.3373 		44.93 		2
v -9.2181 		48.5165 		2
v -9.2983 		44.941 		2
v -9.1619 		48.5011 		2
v -9.2608 		44.952 		2
v -9.2247 		44.963 		2
v -7.9971 		45.3663 		2
v -10.2228 		45.3498 		4
v -10.2228 		45.7942 		4
v -10.8763 		45.7942 		4
v -10.8763 		42.0247 		4
v -10.2228 		42.0247 		4
v -9.3484 		43.1029 		4
v -2.1237 		45.4897 		4
v -2.1237 		47.0535 		4
v -9.3395 		49.5309 		4
v -7.2463 		47.9012 		4
v -5.1796 		47.2263 		4
v -5.1082 		47.2042 		4
v -4.961 		47.1584 		4
v -4.8852 		47.1349 		4
v -4.8079 		47.1109 		4
v -4.7291 		47.0864 		4
v -4.6524 		47.0592 		4
v -4.5751 		47.0325 		4
v -4.4973 		47.0062 		4
v -4.419 		46.9803 		4
v -4.3403 		46.955 		4
v -4.261 		46.93 		4
v -4.1847 		46.9056 		4
v -4.1089 		46.8816 		4
v -4.0336 		46.858 		4
v -3.9588 		46.8349 		4
v -3.8844 		46.8123 		4
v -3.8106 		46.7901 		4
v -3.738 		46.7686 		4
v -3.6673 		46.7481 		4
v -3.5986 		46.7284 		4
v -3.5319 		46.7096 		4
v -3.4671 		46.6918 		4
v -3.4043 		46.6749 		4
v -3.4757 		46.6582 		4
v -3.5486 		46.6411 		4
v -3.6229 		46.6235 		4
v -3.6987 		46.6054 		4
v -3.776 		46.5869 		4
v -3.8548 		46.5679 		4
v -3.9342 		46.5485 		4
v -4.0137 		46.5286 		4
v -4.0932 		46.5082 		4
v -4.1727 		46.4874 		4
v -4.2522 		46.4662 		4
v -4.3317 		46.4444 		4
v -4.4109 		46.425 		4
v -4.4897 		46.4051 		4
v -4.568 		46.3848 		4
v -4.6457 		46.364 		4
v -4.723 		46.3427 		4
v -4.7998 		46.321 		4
v -5.1703 		46.217 		4
v -5.2414 		46.1975 		4
v -7.2463 		45.5885 		4
v -9.4279 		49.5638 		4
v -10.2228 		50.4527 		4
v -10.2228 		50.5844 		4
v -10.8763 		50.5844 		4
v -10.8763 		47.6049 		4
v -10.2228 		47.6049 		4
v -10.1276 		48.4216 		4
v -10.1079 		48.4444 		4
v -10.0893 		48.4684 		4
v -9.4676 		48.5748 		4
v -9.4014 		48.5597 		4
v -9.3378 		48.5457 		4
v -9.1082 		48.4854 		4
v -9.0569 		48.4691 		4
v -7.9971 		48.1399 		4
v -10.222 		45.3221 		4
v -10.2228 		42.2387 		4
v -9.4313 		43.0727 		4
v -4.8759 		46.2993 		4
v -5.0981 		46.2369 		4
v -9.5103 		49.5967 		4
v -10.2218 		50.4015 		4
v -10.2228 		48.0905 		4
v -10.2198 		45.294 		4
v -10.2218 		42.2824 		4
v -9.5093 		43.0425 		4
v -5.0353 		47.1815 		4
v -5.025 		46.2572 		4
v -9.5868 		49.6296 		4
v -10.2188 		50.3521 		4
v -10.222 		48.1232 		4
v -10.2161 		45.2654 		4
v -10.2188 		42.3256 		4
v -9.5824 		43.0123 		4
v -4.9509 		46.278 		4
v -9.6575 		49.6626 		4
v -10.2139 		50.3045 		4
v -10.2198 		48.1555 		4
v -10.211 		45.2364 		4
v -10.2139 		42.3683 		4
v -9.6506 		42.9822 		4
v -9.7223 		49.6955 		4
v -10.2071 		50.2588 		4
v -10.2161 		48.1872 		4
v -10.2044 		45.2069 		4
v -10.2071 		42.4106 		4
v -9.7139 		42.952 		4
v -9.7812 		49.7284 		4
v -10.1982 		50.2149 		4
v -10.211 		48.2186 		4
v -10.1963 		45.177 		4
v -10.1982 		42.4524 		4
v -9.7723 		42.9218 		4
v -9.8378 		49.7615 		4
v -10.1874 		50.1728 		4
v -10.2044 		48.2494 		4
v -10.1867 		45.1475 		4
v -10.1874 		42.4938 		4
v -9.8901 		49.7952 		4
v -10.1739 		50.1319 		4
v -10.1963 		48.2798 		4
v -10.1757 		45.1193 		4
v -10.1712 		42.5345 		4
v -9.829 		42.8912 		4
v -9.9379 		49.8292 		4
v -10.157 		50.0914 		4
v -10.1865 		48.3118 		4
v -10.1631 		45.0926 		4
v -10.1521 		42.5743 		4
v -10.1367 		50.0514 		4
v -10.1747 		48.342 		4
v -10.1492 		45.0672 		4
v -10.13 		42.6132 		4
v -9.8813 		42.8596 		4
v -10.1129 		50.0119 		4
v -10.1609 		48.3704 		4
v -10.1337 		45.0432 		4
v -10.105 		42.6511 		4
v -9.9291 		42.8272 		4
v -10.0856 		49.9728 		4
v -10.1452 		48.3969 		4
v -10.1168 		45.0206 		4
v -10.077 		42.6882 		4
v -9.9725 		42.7938 		4
v -10.055 		49.9342 		4
v -10.0979 		44.9968 		4
v -10.0461 		42.7243 		4
v -10.0115 		42.7595 		4
v -10.0204 		49.8987 		4
v -10.0765 		44.9749 		4
v -9.9814 		49.8637 		4
v -10.0687 		48.4911 		4
v -10.0527 		44.9547 		4
v -10.0265 		44.9364 		4
v -10.0461 		48.5123 		4
v -9.9978 		44.92 		4
v -10.0216 		48.5322 		4
v -9.9666 		44.9053 		4
v -9.9951 		48.5508 		4
v -9.9362 		44.8928 		4
v -9.9666 		48.5679 		4
v -9.9038 		44.8825 		4
v -9.9362 		48.5805 		4
v -9.8695 		44.8745 		4
v -9.9038 		48.5908 		4
v -9.8332 		44.8688 		4
v -9.8695 		48.5988 		4
v -9.7949 		44.8653 		4
v -9.8332 		48.6045 		4
v -9.7547 		44.8642 		4
v -9.7949 		48.6079 		4
v -9.7049 		44.8651 		4
v -9.7547 		48.6091 		4
v -9.6555 		44.8679 		4
v -9.7031 		48.6077 		4
v -9.6067 		44.8724 		4
v -9.6487 		48.6036 		4
v -9.5584 		44.8788 		4
v -9.5913 		48.5967 		4
v -9.5105 		44.8871 		4
v -9.5309 		48.5871 		4
v -9.4632 		44.8971 		4
v -9.4198 		44.9081 		4
v -9.3778 		44.9191 		4
v -9.2767 		48.5313 		4
v -9.3373 		44.93 		4
v -9.2181 		48.5165 		4
v -9.2983 		44.941 		4
v -9.1619 		48.5011 		4
v -9.2608 		44.952 		4
v -9.2247 		44.963 		4
v -7.9971 		45.3663 		4
v -4.4971 		36.1587 		2
v -4.4995 		36.2716 		2
v -4.3967 		36.2734 		2
v -4.4774 		35.9465 		2
v -4.4897 		36.0503 		2
v -4.4382 		35.7526 		2
v -4.4603 		35.8473 		2
v -4.383 		35.5745 		2
v -4.4112 		35.6626 		2
v -4.3162 		35.4136 		2
v -4.3513 		35.4915 		2
v -4.2358 		35.2727 		2
v -4.2777 		35.3406 		2
v -4.1418 		35.152 		2
v -4.1904 		35.2099 		2
v -4.0358 		35.0514 		2
v -4.0903 		35.0992 		2
v -3.9181 		34.971 		2
v -3.9784 		35.0087 		2
v -3.789 		34.9106 		2
v -3.8548 		34.9383 		2
v -3.6516 		34.8704 		2
v -3.7213 		34.888 		2
v -3.5064 		34.8503 		2
v -3.58 		34.8578 		2
v -3.3317 		34.8523 		2
v -3.4308 		34.8477 		2
v -3.1394 		34.8889 		2
v -3.2345 		34.866 		2
v -2.9549 		34.962 		2
v -3.0461 		34.9209 		2
v -2.7819 		35.0693 		2
v -2.8656 		35.0123 		2
v -2.6249 		35.2119 		2
v -2.7017 		35.1358 		2
v -2.4816 		35.393 		2
v -2.5515 		35.2977 		2
v -2.3553 		35.6095 		2
v -2.4151 		35.4979 		2
v -2.2473 		35.8601 		2
v -2.2993 		35.7302 		2
v -2.1551 		36.1472 		2
v -2.1992 		35.9991 		2
v -2.0797 		36.4737 		2
v -2.1148 		36.3045 		2
v -2.0287 		36.8395 		2
v -2.051 		36.652 		2
v -2.0032 		37.2419 		2
v -2.0128 		37.0361 		2
v -2.0093 		37.7741 		2
v -2 		37.4568 		2
v -2.0839 		38.3704 		2
v -2.0373 		38.0786 		2
v -2.2331 		38.9154 		2
v -2.1492 		38.6493 		2
v -2.4519 		39.4063 		2
v -2.3356 		39.1687 		2
v -2.7287 		39.8416 		2
v -2.5829 		39.6305 		2
v -3.0643 		40.2238 		2
v -2.8891 		40.0393 		2
v -3.458 		40.553 		2
v -3.2542 		40.3951 		2
v -3.9055 		40.8292 		2
v -3.6752 		40.6978 		2
v -4.406 		41.0524 		2
v -4.1492 		40.9474 		2
v -4.9549 		41.2195 		2
v -4.6762 		41.144 		2
v -5.5417 		41.3292 		2
v -5.2434 		41.2812 		2
v -6.1678 		41.3841 		2
v -5.8499 		41.3635 		2
v -6.829 		41.3843 		2
v -6.4956 		41.3909 		2
v -7.4649 		41.3313 		2
v -7.1521 		41.3644 		2
v -8.0596 		41.2252 		2
v -7.7674 		41.2849 		2
v -8.6116 		41.0631 		2
v -8.3415 		41.1523 		2
v -9.1121 		40.8436 		2
v -8.8685 		40.9602 		2
v -9.5596 		40.5693 		2
v -9.3425 		40.7133 		2
v -9.9534 		40.2401 		2
v -9.7635 		40.4115 		2
v -10.289 		39.856 		2
v -10.1286 		40.0549 		2
v -10.5658 		39.417 		2
v -10.4347 		39.6433 		2
v -10.7792 		38.923 		2
v -10.682 		39.177 		2
v -10.9205 		38.3724 		2
v -10.8587 		38.6548 		2
v -10.9912 		37.7652 		2
v -10.9647 		38.0759 		2
v -10.9958 		37.2051 		2
v -11 		37.4403 		2
v -10.9625 		36.7716 		2
v -10.9833 		36.9822 		2
v -10.8957 		36.3875 		2
v -10.9333 		36.5734 		2
v -10.7947 		36.0546 		2
v -10.8499 		36.214 		2
v -10.671 		35.7675 		2
v -10.735 		35.9058 		2
v -10.5297 		35.5224 		2
v -10.6026 		35.6397 		2
v -10.3717 		35.3214 		2
v -10.4524 		35.4156 		2
v -10.2029 		35.1605 		2
v -10.2885 		35.2364 		2
v -10.0243 		35.0361 		2
v -10.1148 		35.0937 		2
v -9.8351 		34.9474 		2
v -9.9313 		34.9877 		2
v -9.6487 		34.8889 		2
v -9.7409 		34.9145 		2
v -9.4701 		34.8596 		2
v -9.5584 		34.8706 		2
v -9.3312 		34.8576 		2
v -9.3837 		34.856 		2
v -9.2291 		34.8704 		2
v -9.2797 		34.8624 		2
v -9.131 		34.896 		2
v -9.1796 		34.8816 		2
v -8.9912 		34.9511 		2
v -9.0353 		34.9312 		2
v -9.0834 		34.9136 		2
v -8.9146 		34.9977 		2
v -8.9509 		34.9733 		2
v -8.8538 		35.0535 		2
v -8.8822 		35.0245 		2
v -4.2944 		36.2789 		2
v -4.1926 		36.2881 		2
v -8.9217 		35.104 		2
v -4.0913 		36.3009 		2
v -8.9902 		35.1568 		2
v -3.9904 		36.3173 		2
v -9.0591 		35.2119 		2
v -3.8901 		36.3374 		2
v -9.1286 		35.2693 		2
v -3.7915 		36.3592 		2
v -9.1985 		35.329 		2
v -3.6958 		36.3859 		2
v -9.2689 		35.3909 		2
v -9.3383 		35.4584 		2
v -3.603 		36.4177 		2
v -3.5132 		36.4545 		2
v -9.4053 		35.529 		2
v -3.4264 		36.4963 		2
v -9.4698 		35.6029 		2
v -3.3425 		36.5432 		2
v -9.5319 		35.6799 		2
v -3.2628 		36.5953 		2
v -9.5915 		35.7602 		2
v -3.1884 		36.6529 		2
v -9.6487 		35.8436 		2
v -3.1195 		36.716 		2
v -9.7029 		35.9307 		2
v -3.0559 		36.7846 		2
v -9.7537 		36.0219 		2
v -2.9978 		36.8587 		2
v -9.801 		36.1173 		2
v -2.945 		36.9383 		2
v -9.8449 		36.2167 		2
v -2.8965 		37.021 		2
v -9.8854 		36.3203 		2
v -2.8567 		37.1102 		2
v -9.9225 		36.428 		2
v -2.8258 		37.2058 		2
v -9.9522 		36.5377 		2
v -2.8037 		37.3077 		2
v -9.9764 		36.6529 		2
v -2.7905 		37.4161 		2
v -9.9953 		36.7737 		2
v -2.7861 		37.5309 		2
v -10.0088 		36.8999 		2
v -2.7929 		37.7074 		2
v -10.0169 		37.0315 		2
v -10.0196 		37.1687 		2
v -2.8135 		37.8747 		2
v -10.0137 		37.377 		2
v -2.8479 		38.0329 		2
v -9.9961 		37.5738 		2
v -2.896 		38.182 		2
v -9.9666 		37.7593 		2
v -2.9578 		38.3219 		2
v -9.9254 		37.9332 		2
v -3.0334 		38.4527 		2
v -3.1222 		38.5722 		2
v -9.8724 		38.0958 		2
v -3.2237 		38.684 		2
v -9.8077 		38.2469 		2
v -3.3381 		38.7881 		2
v -9.7279 		38.3877 		2
v -9.6359 		38.5194 		2
v -3.4652 		38.8843 		2
v -9.5316 		38.642 		2
v -3.605 		38.9728 		2
v -9.4151 		38.7554 		2
v -3.7576 		39.0535 		2
v -9.2863 		38.8596 		2
v -3.9198 		39.1241 		2
v -9.1452 		38.9547 		2
v -4.0942 		39.1879 		2
v -8.9919 		39.0437 		2
v -4.2809 		39.2449 		2
v -8.8263 		39.1239 		2
v -4.4799 		39.2949 		2
v -4.6911 		39.3381 		2
v -8.6484 		39.1955 		2
v -4.9146 		39.3745 		2
v -8.4583 		39.2583 		2
v -5.1524 		39.4047 		2
v -8.2559 		39.3125 		2
v -5.4004 		39.4294 		2
v -8.0412 		39.358 		2
v -5.6587 		39.4486 		2
v -7.8143 		39.3932 		2
v -5.9274 		39.4623 		2
v -7.5751 		39.422 		2
v -6.2063 		39.4705 		2
v -7.3236 		39.4444 		2
v -6.4956 		39.4733 		2
v -7.0599 		39.4604 		2
v -6.7839 		39.47 		2
v -4.3967 		36.2734 		4
v -4.4995 		36.2716 		4
v -4.4971 		36.1587 		4
v -4.4897 		36.0503 		4
v -4.4774 		35.9465 		4
v -4.4603 		35.8473 		4
v -4.4382 		35.7526 		4
v -4.4112 		35.6626 		4
v -4.383 		35.5745 		4
v -4.3513 		35.4915 		4
v -4.3162 		35.4136 		4
v -4.2777 		35.3406 		4
v -4.2358 		35.2727 		4
v -4.1904 		35.2099 		4
v -4.1418 		35.152 		4
v -4.0903 		35.0992 		4
v -4.0358 		35.0514 		4
v -3.9784 		35.0087 		4
v -3.9181 		34.971 		4
v -3.8548 		34.9383 		4
v -3.789 		34.9106 		4
v -3.7213 		34.888 		4
v -3.6516 		34.8704 		4
v -3.58 		34.8578 		4
v -3.5064 		34.8503 		4
v -3.4308 		34.8477 		4
v -3.3317 		34.8523 		4
v -3.2345 		34.866 		4
v -3.1394 		34.8889 		4
v -3.0461 		34.9209 		4
v -2.9549 		34.962 		4
v -2.8656 		35.0123 		4
v -2.7819 		35.0693 		4
v -2.7017 		35.1358 		4
v -2.6249 		35.2119 		4
v -2.5515 		35.2977 		4
v -2.4816 		35.393 		4
v -2.4151 		35.4979 		4
v -2.3553 		35.6095 		4
v -2.2993 		35.7302 		4
v -2.2473 		35.8601 		4
v -2.1992 		35.9991 		4
v -2.1551 		36.1472 		4
v -2.1148 		36.3045 		4
v -2.0797 		36.4737 		4
v -2.051 		36.652 		4
v -2.0287 		36.8395 		4
v -2.0128 		37.0361 		4
v -2.0032 		37.2419 		4
v -2 		37.4568 		4
v -2.0093 		37.7741 		4
v -2.0373 		38.0786 		4
v -2.0839 		38.3704 		4
v -2.1492 		38.6493 		4
v -2.2331 		38.9154 		4
v -2.3356 		39.1687 		4
v -2.4519 		39.4063 		4
v -2.5829 		39.6305 		4
v -2.7287 		39.8416 		4
v -2.8891 		40.0393 		4
v -3.0643 		40.2238 		4
v -3.2542 		40.3951 		4
v -3.458 		40.553 		4
v -3.6752 		40.6978 		4
v -3.9055 		40.8292 		4
v -4.1492 		40.9474 		4
v -4.406 		41.0524 		4
v -4.6762 		41.144 		4
v -4.9549 		41.2195 		4
v -5.2434 		41.2812 		4
v -5.5417 		41.3292 		4
v -5.8499 		41.3635 		4
v -6.1678 		41.3841 		4
v -6.4956 		41.3909 		4
v -6.829 		41.3843 		4
v -7.1521 		41.3644 		4
v -7.4649 		41.3313 		4
v -7.7674 		41.2849 		4
v -8.0596 		41.2252 		4
v -8.3415 		41.1523 		4
v -8.6116 		41.0631 		4
v -8.8685 		40.9602 		4
v -9.1121 		40.8436 		4
v -9.3425 		40.7133 		4
v -9.5596 		40.5693 		4
v -9.7635 		40.4115 		4
v -9.9534 		40.2401 		4
v -10.1286 		40.0549 		4
v -10.289 		39.856 		4
v -10.4347 		39.6433 		4
v -10.5658 		39.417 		4
v -10.682 		39.177 		4
v -10.7792 		38.923 		4
v -10.8587 		38.6548 		4
v -10.9205 		38.3724 		4
v -10.9647 		38.0759 		4
v -10.9912 		37.7652 		4
v -11 		37.4403 		4
v -10.9958 		37.2051 		4
v -10.9833 		36.9822 		4
v -10.9625 		36.7716 		4
v -10.9333 		36.5734 		4
v -10.8957 		36.3875 		4
v -10.8499 		36.214 		4
v -10.7947 		36.0546 		4
v -10.735 		35.9058 		4
v -10.671 		35.7675 		4
v -10.6026 		35.6397 		4
v -10.5297 		35.5224 		4
v -10.4524 		35.4156 		4
v -10.3717 		35.3214 		4
v -10.2885 		35.2364 		4
v -10.2029 		35.1605 		4
v -10.1148 		35.0937 		4
v -10.0243 		35.0361 		4
v -9.9313 		34.9877 		4
v -9.8351 		34.9474 		4
v -9.7409 		34.9145 		4
v -9.6487 		34.8889 		4
v -9.5584 		34.8706 		4
v -9.4701 		34.8596 		4
v -9.3837 		34.856 		4
v -9.3312 		34.8576 		4
v -9.2797 		34.8624 		4
v -9.2291 		34.8704 		4
v -9.1796 		34.8816 		4
v -9.131 		34.896 		4
v -9.0834 		34.9136 		4
v -9.0353 		34.9312 		4
v -8.9912 		34.9511 		4
v -8.9509 		34.9733 		4
v -8.9146 		34.9977 		4
v -8.8822 		35.0245 		4
v -8.8538 		35.0535 		4
v -4.2944 		36.2789 		4
v -4.1926 		36.2881 		4
v -8.9217 		35.104 		4
v -4.0913 		36.3009 		4
v -8.9902 		35.1568 		4
v -3.9904 		36.3173 		4
v -9.0591 		35.2119 		4
v -3.8901 		36.3374 		4
v -9.1286 		35.2693 		4
v -3.7915 		36.3592 		4
v -9.1985 		35.329 		4
v -3.6958 		36.3859 		4
v -9.2689 		35.3909 		4
v -9.3383 		35.4584 		4
v -3.603 		36.4177 		4
v -3.5132 		36.4545 		4
v -9.4053 		35.529 		4
v -3.4264 		36.4963 		4
v -9.4698 		35.6029 		4
v -3.3425 		36.5432 		4
v -9.5319 		35.6799 		4
v -3.2628 		36.5953 		4
v -9.5915 		35.7602 		4
v -3.1884 		36.6529 		4
v -9.6487 		35.8436 		4
v -3.1195 		36.716 		4
v -9.7029 		35.9307 		4
v -3.0559 		36.7846 		4
v -9.7537 		36.0219 		4
v -2.9978 		36.8587 		4
v -9.801 		36.1173 		4
v -2.945 		36.9383 		4
v -9.8449 		36.2167 		4
v -2.8965 		37.021 		4
v -9.8854 		36.3203 		4
v -2.8567 		37.1102 		4
v -9.9225 		36.428 		4
v -2.8258 		37.2058 		4
v -9.9522 		36.5377 		4
v -2.8037 		37.3077 		4
v -9.9764 		36.6529 		4
v -2.7905 		37.4161 		4
v -9.9953 		36.7737 		4
v -2.7861 		37.5309 		4
v -10.0088 		36.8999 		4
v -2.7929 		37.7074 		4
v -10.0169 		37.0315 		4
v -10.0196 		37.1687 		4
v -2.8135 		37.8747 		4
v -10.0137 		37.377 		4
v -2.8479 		38.0329 		4
v -9.9961 		37.5738 		4
v -2.896 		38.182 		4
v -9.9666 		37.7593 		4
v -2.9578 		38.3219 		4
v -9.9254 		37.9332 		4
v -3.0334 		38.4527 		4
v -3.1222 		38.5722 		4
v -9.8724 		38.0958 		4
v -3.2237 		38.684 		4
v -9.8077 		38.2469 		4
v -3.3381 		38.7881 		4
v -9.7279 		38.3877 		4
v -9.6359 		38.5194 		4
v -3.4652 		38.8843 		4
v -9.5316 		38.642 		4
v -3.605 		38.9728 		4
v -9.4151 		38.7554 		4
v -3.7576 		39.0535 		4
v -9.2863 		38.8596 		4
v -3.9198 		39.1241 		4
v -9.1452 		38.9547 		4
v -4.0942 		39.1879 		4
v -8.9919 		39.0437 		4
v -4.2809 		39.2449 		4
v -8.8263 		39.1239 		4
v -4.4799 		39.2949 		4
v -4.6911 		39.3381 		4
v -8.6484 		39.1955 		4
v -4.9146 		39.3745 		4
v -8.4583 		39.2583 		4
v -5.1524 		39.4047 		4
v -8.2559 		39.3125 		4
v -5.4004 		39.4294 		4
v -8.0412 		39.358 		4
v -5.6587 		39.4486 		4
v -7.8143 		39.3932 		4
v -5.9274 		39.4623 		4
v -7.5751 		39.422 		4
v -6.2063 		39.4705 		4
v -7.3236 		39.4444 		4
v -6.4956 		39.4733 		4
v -7.0599 		39.4604 		4
v -6.7839 		39.47 		4
v -2.7929 		30.7952 		2
v -2.8037 		30.8313 		2
v -2.814 		30.8685 		2
v -2.1237 		30.1152 		2
v -2.7684 		30.1152 		2
v -2.7684 		30.6008 		2
v -2.7684 		34.0658 		2
v -2.1237 		34.0658 		2
v -2.8138 		33.323 		2
v -2.8037 		33.358 		2
v -2.7929 		33.3941 		2
v -10.8763 		34.0658 		2
v -10.2228 		34.0658 		2
v -10.2228 		33.5885 		2
v -10.2228 		30.1152 		2
v -10.8763 		30.1152 		2
v -9.8184 		29.1166 		2
v -9.7547 		29.1523 		2
v -6.9372 		30.6914 		2
v -9.9401 		29.0453 		2
v -9.8803 		29.0809 		2
v -10.054 		28.9739 		2
v -9.998 		29.0096 		2
v -10.16 		28.8994 		2
v -10.1079 		28.9383 		2
v -10.2581 		28.8189 		2
v -10.21 		28.8596 		2
v -10.3484 		28.7348 		2
v -10.3042 		28.7773 		2
v -10.4311 		28.6461 		2
v -10.3906 		28.6914 		2
v -10.5076 		28.5473 		2
v -10.4701 		28.5981 		2
v -10.5783 		28.4376 		2
v -10.5437 		28.4938 		2
v -10.6401 		28.3187 		2
v -10.6114 		28.3786 		2
v -10.6931 		28.1852 		2
v -10.6673 		28.2542 		2
v -10.7402 		28.0334 		2
v -10.7174 		28.1116 		2
v -10.7812 		27.866 		2
v -10.7615 		27.9506 		2
v -10.8145 		27.6831 		2
v -10.7988 		27.7769 		2
v -10.84 		27.4819 		2
v -10.8283 		27.5848 		2
v -10.8579 		27.2618 		2
v -10.8499 		27.3745 		2
v -10.8697 		27.0185 		2
v -10.8646 		27.1431 		2
v -10.8756 		26.7515 		2
v -10.8734 		26.888 		2
v -10.8763 		26 		2
v -10.8763 		26.6091 		2
v -10.2228 		26.0412 		2
v -10.2228 		26 		2
v -3.7588 		27.893 		2
v -3.8371 		27.9588 		2
v -5.6212 		29.465 		2
v -2.1237 		26.3128 		2
v -2.7596 		26.3128 		2
v -2.7618 		26.3914 		2
v -2.7596 		29.4074 		2
v -2.1237 		29.4074 		2
v -2.7694 		30.6415 		2
v -2.7684 		33.5885 		2
v -10.2223 		33.5478 		2
v -10.2228 		30.6008 		2
v -2.7684 		26.4682 		2
v -2.7618 		29.2977 		2
v -2.7723 		30.6813 		2
v -2.7694 		33.5478 		2
v -10.2208 		33.508 		2
v -10.222 		30.6415 		2
v -2.7794 		26.5432 		2
v -2.7684 		29.1989 		2
v -2.7772 		30.7202 		2
v -2.7723 		33.508 		2
v -10.2184 		33.4691 		2
v -10.2198 		30.6813 		2
v -10.2215 		26.1036 		2
v -2.7949 		26.6164 		2
v -2.7794 		29.1111 		2
v -2.7841 		30.7581 		2
v -2.7772 		33.4691 		2
v -10.2149 		33.4312 		2
v -10.2161 		30.7202 		2
v -10.2179 		26.1646 		2
v -2.8148 		26.6877 		2
v -2.7949 		29.0343 		2
v -2.7841 		33.4312 		2
v -10.2105 		33.3941 		2
v -10.211 		30.7581 		2
v -10.2117 		26.2243 		2
v -2.8391 		26.7572 		2
v -2.8148 		28.9684 		2
v -10.2051 		33.358 		2
v -10.2044 		30.7952 		2
v -10.2031 		26.2826 		2
v -2.8673 		26.8281 		2
v -2.8391 		28.9136 		2
v -2.8273 		30.9035 		2
v -10.195 		33.323 		2
v -10.1963 		30.8313 		2
v -10.1921 		26.3395 		2
v -2.8989 		26.898 		2
v -2.869 		28.8708 		2
v -2.8435 		30.9362 		2
v -2.8263 		33.2894 		2
v -10.1825 		33.2894 		2
v -10.186 		30.8685 		2
v -10.1786 		26.3951 		2
v -2.934 		26.9671 		2
v -2.9058 		28.8358 		2
v -2.8626 		30.9666 		2
v -2.8413 		33.2572 		2
v -10.1676 		33.2572 		2
v -10.1727 		30.9035 		2
v -10.1619 		26.4497 		2
v -2.9725 		27.0352 		2
v -2.9495 		28.8086 		2
v -2.8847 		30.9947 		2
v -2.8587 		33.2263 		2
v -10.1501 		33.2263 		2
v -10.1565 		30.9362 		2
v -10.1413 		26.5039 		2
v -3.0145 		27.1024 		2
v -3 		28.7892 		2
v -10.1303 		33.1968 		2
v -10.1374 		30.9666 		2
v -10.1168 		26.5576 		2
v -3.0599 		27.1687 		2
v -3.0574 		28.7775 		2
v -2.9097 		31.0206 		2
v -10.1079 		33.1687 		2
v -10.1153 		30.9947 		2
v -10.0883 		26.6109 		2
v -3.1111 		27.2369 		2
v -3.1217 		28.7737 		2
v -2.9409 		31.0471 		2
v -10.0559 		26.6637 		2
v -3.1649 		27.3041 		2
v -3.1632 		28.7746 		2
v -2.9755 		31.0718 		2
v -10.0797 		33.1424 		2
v -10.0196 		26.716 		2
v -3.2211 		27.3704 		2
v -3.2051 		28.7773 		2
v -3.0135 		31.0946 		2
v -10.0481 		33.1184 		2
v -9.9794 		26.7679 		2
v -3.2797 		27.4358 		2
v -3.2475 		28.7819 		2
v -3.055 		31.1157 		2
v -10.013 		33.0967 		2
v -3.3408 		27.5002 		2
v -3.2905 		28.7883 		2
v -3.0999 		31.1349 		2
v -9.9745 		33.0773 		2
v -9.9352 		26.8194 		2
v -3.4043 		27.5638 		2
v -3.3339 		28.7965 		2
v -3.1482 		31.1523 		2
v -9.9325 		33.0601 		2
v -9.8871 		26.8704 		2
v -3.4703 		27.6296 		2
v -3.3778 		28.8066 		2
v -3.2041 		31.1648 		2
v -9.8871 		33.0453 		2
v -9.8351 		26.9209 		2
v -3.2659 		31.1751 		2
v -9.8346 		33.0302 		2
v -9.7792 		26.971 		2
v -3.5388 		27.6955 		2
v -3.3337 		31.1831 		2
v -9.7772 		33.0178 		2
v -9.7193 		27.0206 		2
v -3.6097 		27.7613 		2
v -3.4073 		31.1888 		2
v -9.7149 		33.0082 		2
v -9.6521 		27.0729 		2
v -3.683 		27.8272 		2
v -3.4868 		31.1923 		2
v -9.6477 		33.0014 		2
v -9.58 		27.1257 		2
v -3.5721 		31.1934 		2
v -9.5756 		32.9973 		2
v -9.5029 		27.179 		2
v -3.4225 		28.8187 		2
v -2.8786 		33.1968 		2
v -9.4985 		32.9959 		2
v -9.421 		27.2327 		2
v -2.9009 		33.1687 		2
v -10.0903 		31.0206 		2
v -9.3342 		27.2869 		2
v -3.4681 		28.8331 		2
v -2.9293 		33.1424 		2
v -10.0591 		31.0471 		2
v -9.2424 		27.3416 		2
v -3.5147 		28.8498 		2
v -2.9617 		33.1184 		2
v -10.0245 		31.0718 		2
v -3.5623 		28.8688 		2
v -2.998 		33.0967 		2
v -9.9865 		31.0946 		2
v -7.3611 		31.1934 		2
v -3.6109 		28.89 		2
v -6.4338 		31.1934 		2
v -9.945 		31.1157 		2
v -3.6605 		28.9136 		2
v -3.0383 		33.0773 		2
v -9.9001 		31.1349 		2
v -3.7085 		28.9396 		2
v -3.0824 		33.0601 		2
v -9.8518 		31.1523 		2
v -3.7586 		28.9684 		2
v -3.1305 		33.0453 		2
v -3.5191 		32.9959 		2
v -3.8106 		29 		2
v -3.1806 		33.0302 		2
v -3.4396 		32.9973 		2
v -3.2365 		33.0178 		2
v -3.366 		33.0014 		2
v -3.8646 		29.0343 		2
v -3.2983 		33.0082 		2
v -3.9205 		29.0713 		2
v -9.7959 		31.1648 		2
v -3.9784 		29.1111 		2
v -9.7341 		31.1751 		2
v -4.0356 		29.1564 		2
v -9.6663 		31.1831 		2
v -4.0952 		29.2044 		2
v -9.5927 		31.1888 		2
v -4.1573 		29.2551 		2
v -9.5132 		31.1923 		2
v -4.2218 		29.3086 		2
v -9.4279 		31.1934 		2
v -4.2888 		29.3649 		2
v -4.3582 		29.4239 		2
v -2.814 		30.8685 		4
v -2.8037 		30.8313 		4
v -2.7929 		30.7952 		4
v -2.7684 		30.6008 		4
v -2.7684 		30.1152 		4
v -2.1237 		30.1152 		4
v -2.1237 		34.0658 		4
v -2.7684 		34.0658 		4
v -2.7929 		33.3941 		4
v -2.8037 		33.358 		4
v -2.8138 		33.323 		4
v -10.2228 		33.5885 		4
v -10.2228 		34.0658 		4
v -10.8763 		34.0658 		4
v -10.8763 		30.1152 		4
v -10.2228 		30.1152 		4
v -6.9372 		30.6914 		4
v -9.7547 		29.1523 		4
v -9.8184 		29.1166 		4
v -9.8803 		29.0809 		4
v -9.9401 		29.0453 		4
v -9.998 		29.0096 		4
v -10.054 		28.9739 		4
v -10.1079 		28.9383 		4
v -10.16 		28.8994 		4
v -10.21 		28.8596 		4
v -10.2581 		28.8189 		4
v -10.3042 		28.7773 		4
v -10.3484 		28.7348 		4
v -10.3906 		28.6914 		4
v -10.4311 		28.6461 		4
v -10.4701 		28.5981 		4
v -10.5076 		28.5473 		4
v -10.5437 		28.4938 		4
v -10.5783 		28.4376 		4
v -10.6114 		28.3786 		4
v -10.6401 		28.3187 		4
v -10.6673 		28.2542 		4
v -10.6931 		28.1852 		4
v -10.7174 		28.1116 		4
v -10.7402 		28.0334 		4
v -10.7615 		27.9506 		4
v -10.7812 		27.866 		4
v -10.7988 		27.7769 		4
v -10.8145 		27.6831 		4
v -10.8283 		27.5848 		4
v -10.84 		27.4819 		4
v -10.8499 		27.3745 		4
v -10.8579 		27.2618 		4
v -10.8646 		27.1431 		4
v -10.8697 		27.0185 		4
v -10.8734 		26.888 		4
v -10.8756 		26.7515 		4
v -10.8763 		26.6091 		4
v -10.8763 		26 		4
v -10.2228 		26 		4
v -10.2228 		26.0412 		4
v -5.6212 		29.465 		4
v -3.8371 		27.9588 		4
v -3.7588 		27.893 		4
v -2.7618 		26.3914 		4
v -2.7596 		26.3128 		4
v -2.1237 		26.3128 		4
v -2.1237 		29.4074 		4
v -2.7596 		29.4074 		4
v -2.7694 		30.6415 		4
v -2.7684 		33.5885 		4
v -10.2223 		33.5478 		4
v -10.2228 		30.6008 		4
v -2.7684 		26.4682 		4
v -2.7618 		29.2977 		4
v -2.7723 		30.6813 		4
v -2.7694 		33.5478 		4
v -10.2208 		33.508 		4
v -10.222 		30.6415 		4
v -2.7794 		26.5432 		4
v -2.7684 		29.1989 		4
v -2.7772 		30.7202 		4
v -2.7723 		33.508 		4
v -10.2184 		33.4691 		4
v -10.2198 		30.6813 		4
v -10.2215 		26.1036 		4
v -2.7949 		26.6164 		4
v -2.7794 		29.1111 		4
v -2.7841 		30.7581 		4
v -2.7772 		33.4691 		4
v -10.2149 		33.4312 		4
v -10.2161 		30.7202 		4
v -10.2179 		26.1646 		4
v -2.8148 		26.6877 		4
v -2.7949 		29.0343 		4
v -2.7841 		33.4312 		4
v -10.2105 		33.3941 		4
v -10.211 		30.7581 		4
v -10.2117 		26.2243 		4
v -2.8391 		26.7572 		4
v -2.8148 		28.9684 		4
v -10.2051 		33.358 		4
v -10.2044 		30.7952 		4
v -10.2031 		26.2826 		4
v -2.8673 		26.8281 		4
v -2.8391 		28.9136 		4
v -2.8273 		30.9035 		4
v -10.195 		33.323 		4
v -10.1963 		30.8313 		4
v -10.1921 		26.3395 		4
v -2.8989 		26.898 		4
v -2.869 		28.8708 		4
v -2.8435 		30.9362 		4
v -2.8263 		33.2894 		4
v -10.1825 		33.2894 		4
v -10.186 		30.8685 		4
v -10.1786 		26.3951 		4
v -2.934 		26.9671 		4
v -2.9058 		28.8358 		4
v -2.8626 		30.9666 		4
v -2.8413 		33.2572 		4
v -10.1676 		33.2572 		4
v -10.1727 		30.9035 		4
v -10.1619 		26.4497 		4
v -2.9725 		27.0352 		4
v -2.9495 		28.8086 		4
v -2.8847 		30.9947 		4
v -2.8587 		33.2263 		4
v -10.1501 		33.2263 		4
v -10.1565 		30.9362 		4
v -10.1413 		26.5039 		4
v -3.0145 		27.1024 		4
v -3 		28.7892 		4
v -10.1303 		33.1968 		4
v -10.1374 		30.9666 		4
v -10.1168 		26.5576 		4
v -3.0599 		27.1687 		4
v -3.0574 		28.7775 		4
v -2.9097 		31.0206 		4
v -10.1079 		33.1687 		4
v -10.1153 		30.9947 		4
v -10.0883 		26.6109 		4
v -3.1111 		27.2369 		4
v -3.1217 		28.7737 		4
v -2.9409 		31.0471 		4
v -10.0559 		26.6637 		4
v -3.1649 		27.3041 		4
v -3.1632 		28.7746 		4
v -2.9755 		31.0718 		4
v -10.0797 		33.1424 		4
v -10.0196 		26.716 		4
v -3.2211 		27.3704 		4
v -3.2051 		28.7773 		4
v -3.0135 		31.0946 		4
v -10.0481 		33.1184 		4
v -9.9794 		26.7679 		4
v -3.2797 		27.4358 		4
v -3.2475 		28.7819 		4
v -3.055 		31.1157 		4
v -10.013 		33.0967 		4
v -3.3408 		27.5002 		4
v -3.2905 		28.7883 		4
v -3.0999 		31.1349 		4
v -9.9745 		33.0773 		4
v -9.9352 		26.8194 		4
v -3.4043 		27.5638 		4
v -3.3339 		28.7965 		4
v -3.1482 		31.1523 		4
v -9.9325 		33.0601 		4
v -9.8871 		26.8704 		4
v -3.4703 		27.6296 		4
v -3.3778 		28.8066 		4
v -3.2041 		31.1648 		4
v -9.8871 		33.0453 		4
v -9.8351 		26.9209 		4
v -3.2659 		31.1751 		4
v -9.8346 		33.0302 		4
v -9.7792 		26.971 		4
v -3.5388 		27.6955 		4
v -3.3337 		31.1831 		4
v -9.7772 		33.0178 		4
v -9.7193 		27.0206 		4
v -3.6097 		27.7613 		4
v -3.4073 		31.1888 		4
v -9.7149 		33.0082 		4
v -9.6521 		27.0729 		4
v -3.683 		27.8272 		4
v -3.4868 		31.1923 		4
v -9.6477 		33.0014 		4
v -9.58 		27.1257 		4
v -3.5721 		31.1934 		4
v -9.5756 		32.9973 		4
v -9.5029 		27.179 		4
v -3.4225 		28.8187 		4
v -2.8786 		33.1968 		4
v -9.4985 		32.9959 		4
v -9.421 		27.2327 		4
v -2.9009 		33.1687 		4
v -10.0903 		31.0206 		4
v -9.3342 		27.2869 		4
v -3.4681 		28.8331 		4
v -2.9293 		33.1424 		4
v -10.0591 		31.0471 		4
v -9.2424 		27.3416 		4
v -3.5147 		28.8498 		4
v -2.9617 		33.1184 		4
v -10.0245 		31.0718 		4
v -3.5623 		28.8688 		4
v -2.998 		33.0967 		4
v -9.9865 		31.0946 		4
v -7.3611 		31.1934 		4
v -3.6109 		28.89 		4
v -6.4338 		31.1934 		4
v -9.945 		31.1157 		4
v -3.6605 		28.9136 		4
v -3.0383 		33.0773 		4
v -9.9001 		31.1349 		4
v -3.7085 		28.9396 		4
v -3.0824 		33.0601 		4
v -9.8518 		31.1523 		4
v -3.7586 		28.9684 		4
v -3.1305 		33.0453 		4
v -3.5191 		32.9959 		4
v -3.8106 		29 		4
v -3.1806 		33.0302 		4
v -3.4396 		32.9973 		4
v -3.2365 		33.0178 		4
v -3.366 		33.0014 		4
v -3.8646 		29.0343 		4
v -3.2983 		33.0082 		4
v -3.9205 		29.0713 		4
v -9.7959 		31.1648 		4
v -3.9784 		29.1111 		4
v -9.7341 		31.1751 		4
v -4.0356 		29.1564 		4
v -9.6663 		31.1831 		4
v -4.0952 		29.2044 		4
v -9.5927 		31.1888 		4
v -4.1573 		29.2551 		4
v -9.5132 		31.1923 		4
v -4.2218 		29.3086 		4
v -9.4279 		31.1934 		4
v -4.2888 		29.3649 		4
v -4.3582 		29.4239 		4
# 1770 vertices

g group_6_15277357

usemtl color_15277357
s 0

f 3073 	3074 	3075
f 3076 	3077 	3073
f 3078 	3079 	3076
f 3080 	3081 	3078
f 3082 	3083 	3080
f 3084 	3085 	3082
f 3086 	3087 	3084
f 3088 	3089 	3090
f 3089 	3088 	3091
f 3092 	3093 	3094
f 3093 	3092 	3095
f 3096 	3097 	3098
f 3099 	3100 	3096
f 3101 	3102 	3099
f 3103 	3104 	3101
f 3105 	3106 	3103
f 3107 	3108 	3105
f 3109 	3110 	3107
f 3111 	3112 	3109
f 3113 	3114 	3111
f 3115 	3116 	3113
f 3117 	3118 	3115
f 3119 	3120 	3117
f 3121 	3122 	3119
f 3123 	3124 	3121
f 3125 	3126 	3123
f 3127 	3128 	3125
f 3129 	3130 	3127
f 3131 	3132 	3129
f 3133 	3134 	3131
f 3135 	3136 	3137
f 3138 	3139 	3135
f 3140 	3141 	3138
f 3142 	3143 	3140
f 3144 	3145 	3142
f 3146 	3147 	3144
f 3148 	3149 	3146
f 3150 	3151 	3148
f 3152 	3153 	3150
f 3154 	3155 	3152
f 3156 	3157 	3154
f 3158 	3159 	3156
f 3073 	3075 	3158
f 3078 	3076 	3073
f 3082 	3080 	3078
f 3086 	3084 	3082
f 3088 	3090 	3160
f 3161 	3089 	3091
f 3092 	3094 	3162
f 3163 	3093 	3095
f 3096 	3098 	3164
f 3101 	3099 	3096
f 3105 	3103 	3101
f 3109 	3107 	3105
f 3113 	3111 	3109
f 3117 	3115 	3113
f 3121 	3119 	3117
f 3125 	3123 	3121
f 3129 	3127 	3125
f 3133 	3131 	3129
f 3138 	3135 	3137
f 3142 	3140 	3138
f 3146 	3144 	3142
f 3150 	3148 	3146
f 3154 	3152 	3150
f 3158 	3156 	3154
f 3078 	3073 	3158
f 3086 	3082 	3078
f 3088 	3160 	3165
f 3166 	3161 	3091
f 3092 	3162 	3167
f 3168 	3163 	3095
f 3096 	3164 	3169
f 3105 	3101 	3096
f 3113 	3109 	3105
f 3121 	3117 	3113
f 3129 	3125 	3121
f 3170 	3133 	3129
f 3142 	3138 	3137
f 3150 	3146 	3142
f 3158 	3154 	3150
f 3171 	3086 	3078
f 3088 	3165 	3172
f 3173 	3166 	3091
f 3092 	3167 	3174
f 3175 	3168 	3095
f 3096 	3169 	3176
f 3121 	3113 	3105
f 3170 	3129 	3121
f 3150 	3142 	3137
f 3078 	3158 	3150
f 3177 	3171 	3078
f 3088 	3172 	3178
f 3179 	3173 	3091
f 3092 	3174 	3180
f 3175 	3095 	3181
f 3096 	3176 	3182
f 3170 	3121 	3105
f 3078 	3150 	3137
f 3183 	3177 	3078
f 3088 	3178 	3184
f 3185 	3179 	3091
f 3092 	3180 	3186
f 3187 	3175 	3181
f 3096 	3182 	3188
f 3189 	3183 	3078
f 3088 	3184 	3190
f 3191 	3185 	3091
f 3092 	3186 	3192
f 3188 	3187 	3181
f 3105 	3096 	3188
f 3193 	3189 	3078
f 3088 	3190 	3194
f 3092 	3192 	3191
f 3105 	3188 	3181
f 3195 	3193 	3078
f 3088 	3194 	3196
f 3197 	3092 	3191
f 3105 	3181 	3198
f 3199 	3195 	3078
f 3088 	3196 	3200
f 3197 	3191 	3091
f 3105 	3198 	3201
f 3202 	3199 	3078
f 3088 	3200 	3203
f 3197 	3091 	3204
f 3105 	3201 	3205
f 3206 	3202 	3078
f 3207 	3088 	3203
f 3197 	3204 	3208
f 3105 	3205 	3209
f 3210 	3206 	3078
f 3207 	3203 	3211
f 3197 	3208 	3212
f 3105 	3209 	3213
f 3214 	3210 	3078
f 3207 	3211 	3215
f 3197 	3212 	3216
f 3105 	3213 	3217
f 3215 	3214 	3078
f 3197 	3216 	3218
f 3105 	3217 	3219
f 3207 	3215 	3078
f 3197 	3218 	3220
f 3105 	3219 	3221
f 3222 	3207 	3078
f 3197 	3220 	3223
f 3105 	3221 	3224
f 3225 	3222 	3078
f 3197 	3223 	3226
f 3105 	3224 	3227
f 3228 	3225 	3078
f 3197 	3226 	3229
f 3105 	3227 	3230
f 3231 	3228 	3078
f 3232 	3197 	3229
f 3105 	3230 	3233
f 3234 	3231 	3078
f 3232 	3229 	3235
f 3105 	3233 	3236
f 3237 	3234 	3078
f 3232 	3235 	3238
f 3105 	3236 	3239
f 3240 	3237 	3078
f 3232 	3238 	3241
f 3105 	3239 	3242
f 3243 	3240 	3078
f 3232 	3241 	3244
f 3105 	3242 	3245
f 3246 	3243 	3078
f 3247 	3232 	3244
f 3105 	3245 	3248
f 3249 	3246 	3078
f 3247 	3244 	3250
f 3105 	3248 	3251
f 3252 	3249 	3078
f 3253 	3247 	3250
f 3105 	3251 	3254
f 3255 	3252 	3078
f 3253 	3250 	3256
f 3105 	3254 	3257
f 3258 	3255 	3078
f 3259 	3253 	3256
f 3105 	3257 	3260
f 3261 	3258 	3078
f 3259 	3256 	3262
f 3105 	3260 	3263
f 3264 	3261 	3078
f 3265 	3259 	3262
f 3105 	3263 	3266
f 3267 	3264 	3078
f 3265 	3262 	3268
f 3105 	3266 	3269
f 3270 	3267 	3078
f 3271 	3265 	3268
f 3105 	3269 	3272
f 3273 	3270 	3078
f 3271 	3268 	3274
f 3105 	3272 	3275
f 3276 	3273 	3078
f 3277 	3271 	3274
f 3105 	3275 	3278
f 3279 	3276 	3078
f 3277 	3274 	3280
f 3105 	3278 	3281
f 3279 	3078 	3137
f 3282 	3277 	3280
f 3105 	3281 	3283
f 3279 	3137 	3170
f 3282 	3280 	3284
f 3105 	3283 	3285
f 3286 	3279 	3170
f 3287 	3282 	3284
f 3105 	3285 	3288
f 3289 	3286 	3170
f 3287 	3284 	3290
f 3105 	3288 	3291
f 3292 	3289 	3170
f 3293 	3287 	3290
f 3105 	3291 	3294
f 3295 	3292 	3170
f 3293 	3290 	3296
f 3105 	3294 	3297
f 3298 	3295 	3170
f 3299 	3293 	3296
f 3170 	3105 	3297
f 3300 	3298 	3170
f 3299 	3296 	3300
f 3170 	3297 	3301
f 3299 	3300 	3170
f 3170 	3301 	3302
f 3302 	3299 	3170
f 3303 	3304 	3305
f 3305 	3306 	3307
f 3307 	3308 	3309
f 3309 	3310 	3311
f 3311 	3312 	3313
f 3313 	3314 	3315
f 3315 	3316 	3317
f 3318 	3319 	3320
f 3321 	3320 	3319
f 3322 	3323 	3324
f 3325 	3324 	3323
f 3326 	3327 	3328
f 3328 	3329 	3330
f 3330 	3331 	3332
f 3332 	3333 	3334
f 3334 	3335 	3336
f 3336 	3337 	3338
f 3338 	3339 	3340
f 3340 	3341 	3342
f 3342 	3343 	3344
f 3344 	3345 	3346
f 3346 	3347 	3348
f 3348 	3349 	3350
f 3350 	3351 	3352
f 3352 	3353 	3354
f 3354 	3355 	3356
f 3356 	3357 	3358
f 3358 	3359 	3360
f 3360 	3361 	3362
f 3362 	3363 	3364
f 3365 	3366 	3367
f 3367 	3368 	3369
f 3369 	3370 	3371
f 3371 	3372 	3373
f 3373 	3374 	3375
f 3375 	3376 	3377
f 3377 	3378 	3379
f 3379 	3380 	3381
f 3381 	3382 	3383
f 3383 	3384 	3385
f 3385 	3386 	3387
f 3387 	3388 	3389
f 3389 	3303 	3305
f 3305 	3307 	3309
f 3309 	3311 	3313
f 3313 	3315 	3317
f 3390 	3318 	3320
f 3321 	3319 	3391
f 3392 	3322 	3324
f 3325 	3323 	3393
f 3394 	3326 	3328
f 3328 	3330 	3332
f 3332 	3334 	3336
f 3336 	3338 	3340
f 3340 	3342 	3344
f 3344 	3346 	3348
f 3348 	3350 	3352
f 3352 	3354 	3356
f 3356 	3358 	3360
f 3360 	3362 	3364
f 3365 	3367 	3369
f 3369 	3371 	3373
f 3373 	3375 	3377
f 3377 	3379 	3381
f 3381 	3383 	3385
f 3385 	3387 	3389
f 3389 	3305 	3309
f 3309 	3313 	3317
f 3395 	3390 	3320
f 3321 	3391 	3396
f 3397 	3392 	3324
f 3325 	3393 	3398
f 3399 	3394 	3328
f 3328 	3332 	3336
f 3336 	3340 	3344
f 3344 	3348 	3352
f 3352 	3356 	3360
f 3360 	3364 	3400
f 3365 	3369 	3373
f 3373 	3377 	3381
f 3381 	3385 	3389
f 3309 	3317 	3401
f 3402 	3395 	3320
f 3321 	3396 	3403
f 3404 	3397 	3324
f 3325 	3398 	3405
f 3406 	3399 	3328
f 3336 	3344 	3352
f 3352 	3360 	3400
f 3365 	3373 	3381
f 3381 	3389 	3309
f 3309 	3401 	3407
f 3408 	3402 	3320
f 3321 	3403 	3409
f 3410 	3404 	3324
f 3411 	3325 	3405
f 3412 	3406 	3328
f 3336 	3352 	3400
f 3365 	3381 	3309
f 3309 	3407 	3413
f 3414 	3408 	3320
f 3321 	3409 	3415
f 3416 	3410 	3324
f 3411 	3405 	3417
f 3418 	3412 	3328
f 3309 	3413 	3419
f 3420 	3414 	3320
f 3321 	3415 	3421
f 3422 	3416 	3324
f 3411 	3417 	3418
f 3418 	3328 	3336
f 3309 	3419 	3423
f 3424 	3420 	3320
f 3421 	3422 	3324
f 3411 	3418 	3336
f 3309 	3423 	3425
f 3426 	3424 	3320
f 3421 	3324 	3427
f 3428 	3411 	3336
f 3309 	3425 	3429
f 3430 	3426 	3320
f 3321 	3421 	3427
f 3431 	3428 	3336
f 3309 	3429 	3432
f 3433 	3430 	3320
f 3434 	3321 	3427
f 3435 	3431 	3336
f 3309 	3432 	3436
f 3433 	3320 	3437
f 3438 	3434 	3427
f 3439 	3435 	3336
f 3309 	3436 	3440
f 3441 	3433 	3437
f 3442 	3438 	3427
f 3443 	3439 	3336
f 3309 	3440 	3444
f 3445 	3441 	3437
f 3446 	3442 	3427
f 3447 	3443 	3336
f 3309 	3444 	3445
f 3448 	3446 	3427
f 3449 	3447 	3336
f 3309 	3445 	3437
f 3450 	3448 	3427
f 3451 	3449 	3336
f 3309 	3437 	3452
f 3453 	3450 	3427
f 3454 	3451 	3336
f 3309 	3452 	3455
f 3456 	3453 	3427
f 3457 	3454 	3336
f 3309 	3455 	3458
f 3459 	3456 	3427
f 3460 	3457 	3336
f 3309 	3458 	3461
f 3459 	3427 	3462
f 3463 	3460 	3336
f 3309 	3461 	3464
f 3465 	3459 	3462
f 3466 	3463 	3336
f 3309 	3464 	3467
f 3468 	3465 	3462
f 3469 	3466 	3336
f 3309 	3467 	3470
f 3471 	3468 	3462
f 3472 	3469 	3336
f 3309 	3470 	3473
f 3474 	3471 	3462
f 3475 	3472 	3336
f 3309 	3473 	3476
f 3474 	3462 	3477
f 3478 	3475 	3336
f 3309 	3476 	3479
f 3480 	3474 	3477
f 3481 	3478 	3336
f 3309 	3479 	3482
f 3480 	3477 	3483
f 3484 	3481 	3336
f 3309 	3482 	3485
f 3486 	3480 	3483
f 3487 	3484 	3336
f 3309 	3485 	3488
f 3486 	3483 	3489
f 3490 	3487 	3336
f 3309 	3488 	3491
f 3492 	3486 	3489
f 3493 	3490 	3336
f 3309 	3491 	3494
f 3492 	3489 	3495
f 3496 	3493 	3336
f 3309 	3494 	3497
f 3498 	3492 	3495
f 3499 	3496 	3336
f 3309 	3497 	3500
f 3498 	3495 	3501
f 3502 	3499 	3336
f 3309 	3500 	3503
f 3504 	3498 	3501
f 3505 	3502 	3336
f 3309 	3503 	3506
f 3504 	3501 	3507
f 3508 	3505 	3336
f 3309 	3506 	3509
f 3510 	3504 	3507
f 3511 	3508 	3336
f 3365 	3309 	3509
f 3510 	3507 	3512
f 3513 	3511 	3336
f 3400 	3365 	3509
f 3514 	3510 	3512
f 3515 	3513 	3336
f 3400 	3509 	3516
f 3514 	3512 	3517
f 3518 	3515 	3336
f 3400 	3516 	3519
f 3520 	3514 	3517
f 3521 	3518 	3336
f 3400 	3519 	3522
f 3520 	3517 	3523
f 3524 	3521 	3336
f 3400 	3522 	3525
f 3526 	3520 	3523
f 3527 	3524 	3336
f 3400 	3525 	3528
f 3526 	3523 	3529
f 3527 	3336 	3400
f 3400 	3528 	3530
f 3530 	3526 	3529
f 3531 	3527 	3400
f 3400 	3530 	3529
f 3532 	3531 	3400
f 3400 	3529 	3532
f 3075 	3074 	3303
f 3074 	3304 	3303
f 3074 	3073 	3304
f 3073 	3305 	3304
f 3073 	3077 	3305
f 3077 	3306 	3305
f 3077 	3076 	3306
f 3076 	3307 	3306
f 3076 	3079 	3307
f 3079 	3308 	3307
f 3079 	3078 	3308
f 3078 	3309 	3308
f 3078 	3081 	3309
f 3081 	3310 	3309
f 3081 	3080 	3310
f 3080 	3311 	3310
f 3080 	3083 	3311
f 3083 	3312 	3311
f 3083 	3082 	3312
f 3082 	3313 	3312
f 3082 	3085 	3313
f 3085 	3314 	3313
f 3085 	3084 	3314
f 3084 	3315 	3314
f 3084 	3087 	3315
f 3087 	3316 	3315
f 3087 	3086 	3316
f 3086 	3317 	3316
f 3086 	3171 	3317
f 3171 	3401 	3317
f 3171 	3177 	3401
f 3177 	3407 	3401
f 3177 	3183 	3407
f 3183 	3413 	3407
f 3183 	3189 	3413
f 3189 	3419 	3413
f 3189 	3193 	3419
f 3193 	3423 	3419
f 3193 	3195 	3423
f 3195 	3425 	3423
f 3195 	3199 	3425
f 3199 	3429 	3425
f 3199 	3202 	3429
f 3202 	3432 	3429
f 3202 	3206 	3432
f 3206 	3436 	3432
f 3206 	3210 	3436
f 3210 	3440 	3436
f 3210 	3214 	3440
f 3214 	3444 	3440
f 3214 	3215 	3444
f 3215 	3445 	3444
f 3215 	3211 	3445
f 3211 	3441 	3445
f 3211 	3203 	3441
f 3203 	3433 	3441
f 3203 	3200 	3433
f 3200 	3430 	3433
f 3200 	3196 	3430
f 3196 	3426 	3430
f 3196 	3194 	3426
f 3194 	3424 	3426
f 3194 	3190 	3424
f 3190 	3420 	3424
f 3190 	3184 	3420
f 3184 	3414 	3420
f 3184 	3178 	3414
f 3178 	3408 	3414
f 3178 	3172 	3408
f 3172 	3402 	3408
f 3172 	3165 	3402
f 3165 	3395 	3402
f 3165 	3160 	3395
f 3160 	3390 	3395
f 3160 	3090 	3390
f 3090 	3318 	3390
f 3090 	3089 	3318
f 3089 	3319 	3318
f 3089 	3161 	3319
f 3161 	3391 	3319
f 3161 	3166 	3391
f 3166 	3396 	3391
f 3166 	3173 	3396
f 3173 	3403 	3396
f 3173 	3179 	3403
f 3179 	3409 	3403
f 3179 	3185 	3409
f 3185 	3415 	3409
f 3185 	3191 	3415
f 3191 	3421 	3415
f 3191 	3192 	3421
f 3192 	3422 	3421
f 3192 	3186 	3422
f 3186 	3416 	3422
f 3186 	3180 	3416
f 3180 	3410 	3416
f 3180 	3174 	3410
f 3174 	3404 	3410
f 3174 	3167 	3404
f 3167 	3397 	3404
f 3167 	3162 	3397
f 3162 	3392 	3397
f 3162 	3094 	3392
f 3094 	3322 	3392
f 3094 	3093 	3322
f 3093 	3323 	3322
f 3093 	3163 	3323
f 3163 	3393 	3323
f 3163 	3168 	3393
f 3168 	3398 	3393
f 3168 	3175 	3398
f 3175 	3405 	3398
f 3175 	3187 	3405
f 3187 	3417 	3405
f 3187 	3188 	3417
f 3188 	3418 	3417
f 3188 	3182 	3418
f 3182 	3412 	3418
f 3182 	3176 	3412
f 3176 	3406 	3412
f 3176 	3169 	3406
f 3169 	3399 	3406
f 3169 	3164 	3399
f 3164 	3394 	3399
f 3164 	3098 	3394
f 3098 	3326 	3394
f 3098 	3097 	3326
f 3097 	3327 	3326
f 3097 	3096 	3327
f 3096 	3328 	3327
f 3096 	3100 	3328
f 3100 	3329 	3328
f 3100 	3099 	3329
f 3099 	3330 	3329
f 3099 	3102 	3330
f 3102 	3331 	3330
f 3102 	3101 	3331
f 3101 	3332 	3331
f 3101 	3104 	3332
f 3104 	3333 	3332
f 3104 	3103 	3333
f 3103 	3334 	3333
f 3103 	3106 	3334
f 3106 	3335 	3334
f 3106 	3105 	3335
f 3105 	3336 	3335
f 3105 	3108 	3336
f 3108 	3337 	3336
f 3108 	3107 	3337
f 3107 	3338 	3337
f 3107 	3110 	3338
f 3110 	3339 	3338
f 3110 	3109 	3339
f 3109 	3340 	3339
f 3109 	3112 	3340
f 3112 	3341 	3340
f 3112 	3111 	3341
f 3111 	3342 	3341
f 3111 	3114 	3342
f 3114 	3343 	3342
f 3114 	3113 	3343
f 3113 	3344 	3343
f 3113 	3116 	3344
f 3116 	3345 	3344
f 3116 	3115 	3345
f 3115 	3346 	3345
f 3115 	3118 	3346
f 3118 	3347 	3346
f 3118 	3117 	3347
f 3117 	3348 	3347
f 3117 	3120 	3348
f 3120 	3349 	3348
f 3120 	3119 	3349
f 3119 	3350 	3349
f 3119 	3122 	3350
f 3122 	3351 	3350
f 3122 	3121 	3351
f 3121 	3352 	3351
f 3121 	3124 	3352
f 3124 	3353 	3352
f 3124 	3123 	3353
f 3123 	3354 	3353
f 3123 	3126 	3354
f 3126 	3355 	3354
f 3126 	3125 	3355
f 3125 	3356 	3355
f 3125 	3128 	3356
f 3128 	3357 	3356
f 3128 	3127 	3357
f 3127 	3358 	3357
f 3127 	3130 	3358
f 3130 	3359 	3358
f 3130 	3129 	3359
f 3129 	3360 	3359
f 3129 	3132 	3360
f 3132 	3361 	3360
f 3132 	3131 	3361
f 3131 	3362 	3361
f 3131 	3134 	3362
f 3134 	3363 	3362
f 3134 	3133 	3363
f 3133 	3364 	3363
f 3133 	3170 	3364
f 3170 	3400 	3364
f 3170 	3137 	3400
f 3137 	3365 	3400
f 3137 	3136 	3365
f 3136 	3366 	3365
f 3136 	3135 	3366
f 3135 	3367 	3366
f 3135 	3139 	3367
f 3139 	3368 	3367
f 3139 	3138 	3368
f 3138 	3369 	3368
f 3138 	3141 	3369
f 3141 	3370 	3369
f 3141 	3140 	3370
f 3140 	3371 	3370
f 3140 	3143 	3371
f 3143 	3372 	3371
f 3143 	3142 	3372
f 3142 	3373 	3372
f 3142 	3145 	3373
f 3145 	3374 	3373
f 3145 	3144 	3374
f 3144 	3375 	3374
f 3144 	3147 	3375
f 3147 	3376 	3375
f 3147 	3146 	3376
f 3146 	3377 	3376
f 3146 	3149 	3377
f 3149 	3378 	3377
f 3149 	3148 	3378
f 3148 	3379 	3378
f 3148 	3151 	3379
f 3151 	3380 	3379
f 3151 	3150 	3380
f 3150 	3381 	3380
f 3150 	3153 	3381
f 3153 	3382 	3381
f 3153 	3152 	3382
f 3152 	3383 	3382
f 3152 	3155 	3383
f 3155 	3384 	3383
f 3155 	3154 	3384
f 3154 	3385 	3384
f 3154 	3157 	3385
f 3157 	3386 	3385
f 3157 	3156 	3386
f 3156 	3387 	3386
f 3156 	3159 	3387
f 3159 	3388 	3387
f 3159 	3158 	3388
f 3158 	3389 	3388
f 3158 	3075 	3389
f 3075 	3303 	3389
f 3197 	3232 	3427
f 3232 	3462 	3427
f 3232 	3247 	3462
f 3247 	3477 	3462
f 3247 	3253 	3477
f 3253 	3483 	3477
f 3253 	3259 	3483
f 3259 	3489 	3483
f 3259 	3265 	3489
f 3265 	3495 	3489
f 3265 	3271 	3495
f 3271 	3501 	3495
f 3271 	3277 	3501
f 3277 	3507 	3501
f 3277 	3282 	3507
f 3282 	3512 	3507
f 3282 	3287 	3512
f 3287 	3517 	3512
f 3287 	3293 	3517
f 3293 	3523 	3517
f 3293 	3299 	3523
f 3299 	3529 	3523
f 3299 	3302 	3529
f 3302 	3532 	3529
f 3302 	3301 	3532
f 3301 	3531 	3532
f 3301 	3297 	3531
f 3297 	3527 	3531
f 3297 	3294 	3527
f 3294 	3524 	3527
f 3294 	3291 	3524
f 3291 	3521 	3524
f 3291 	3288 	3521
f 3288 	3518 	3521
f 3288 	3285 	3518
f 3285 	3515 	3518
f 3285 	3283 	3515
f 3283 	3513 	3515
f 3283 	3281 	3513
f 3281 	3511 	3513
f 3281 	3278 	3511
f 3278 	3508 	3511
f 3278 	3275 	3508
f 3275 	3505 	3508
f 3275 	3272 	3505
f 3272 	3502 	3505
f 3272 	3269 	3502
f 3269 	3499 	3502
f 3269 	3266 	3499
f 3266 	3496 	3499
f 3266 	3263 	3496
f 3263 	3493 	3496
f 3263 	3260 	3493
f 3260 	3490 	3493
f 3260 	3257 	3490
f 3257 	3487 	3490
f 3257 	3254 	3487
f 3254 	3484 	3487
f 3254 	3251 	3484
f 3251 	3481 	3484
f 3251 	3248 	3481
f 3248 	3478 	3481
f 3248 	3245 	3478
f 3245 	3475 	3478
f 3245 	3242 	3475
f 3242 	3472 	3475
f 3242 	3239 	3472
f 3239 	3469 	3472
f 3239 	3236 	3469
f 3236 	3466 	3469
f 3236 	3233 	3466
f 3233 	3463 	3466
f 3233 	3230 	3463
f 3230 	3460 	3463
f 3230 	3227 	3460
f 3227 	3457 	3460
f 3227 	3224 	3457
f 3224 	3454 	3457
f 3224 	3221 	3454
f 3221 	3451 	3454
f 3221 	3219 	3451
f 3219 	3449 	3451
f 3219 	3217 	3449
f 3217 	3447 	3449
f 3217 	3213 	3447
f 3213 	3443 	3447
f 3213 	3209 	3443
f 3209 	3439 	3443
f 3209 	3205 	3439
f 3205 	3435 	3439
f 3205 	3201 	3435
f 3201 	3431 	3435
f 3201 	3198 	3431
f 3198 	3428 	3431
f 3198 	3181 	3428
f 3181 	3411 	3428
f 3181 	3095 	3411
f 3095 	3325 	3411
f 3095 	3092 	3325
f 3092 	3324 	3325
f 3092 	3197 	3324
f 3197 	3427 	3324
f 3207 	3222 	3437
f 3222 	3452 	3437
f 3222 	3225 	3452
f 3225 	3455 	3452
f 3225 	3228 	3455
f 3228 	3458 	3455
f 3228 	3231 	3458
f 3231 	3461 	3458
f 3231 	3234 	3461
f 3234 	3464 	3461
f 3234 	3237 	3464
f 3237 	3467 	3464
f 3237 	3240 	3467
f 3240 	3470 	3467
f 3240 	3243 	3470
f 3243 	3473 	3470
f 3243 	3246 	3473
f 3246 	3476 	3473
f 3246 	3249 	3476
f 3249 	3479 	3476
f 3249 	3252 	3479
f 3252 	3482 	3479
f 3252 	3255 	3482
f 3255 	3485 	3482
f 3255 	3258 	3485
f 3258 	3488 	3485
f 3258 	3261 	3488
f 3261 	3491 	3488
f 3261 	3264 	3491
f 3264 	3494 	3491
f 3264 	3267 	3494
f 3267 	3497 	3494
f 3267 	3270 	3497
f 3270 	3500 	3497
f 3270 	3273 	3500
f 3273 	3503 	3500
f 3273 	3276 	3503
f 3276 	3506 	3503
f 3276 	3279 	3506
f 3279 	3509 	3506
f 3279 	3286 	3509
f 3286 	3516 	3509
f 3286 	3289 	3516
f 3289 	3519 	3516
f 3289 	3292 	3519
f 3292 	3522 	3519
f 3292 	3295 	3522
f 3295 	3525 	3522
f 3295 	3298 	3525
f 3298 	3528 	3525
f 3298 	3300 	3528
f 3300 	3530 	3528
f 3300 	3296 	3530
f 3296 	3526 	3530
f 3296 	3290 	3526
f 3290 	3520 	3526
f 3290 	3284 	3520
f 3284 	3514 	3520
f 3284 	3280 	3514
f 3280 	3510 	3514
f 3280 	3274 	3510
f 3274 	3504 	3510
f 3274 	3268 	3504
f 3268 	3498 	3504
f 3268 	3262 	3498
f 3262 	3492 	3498
f 3262 	3256 	3492
f 3256 	3486 	3492
f 3256 	3250 	3486
f 3250 	3480 	3486
f 3250 	3244 	3480
f 3244 	3474 	3480
f 3244 	3241 	3474
f 3241 	3471 	3474
f 3241 	3238 	3471
f 3238 	3468 	3471
f 3238 	3235 	3468
f 3235 	3465 	3468
f 3235 	3229 	3465
f 3229 	3459 	3465
f 3229 	3226 	3459
f 3226 	3456 	3459
f 3226 	3223 	3456
f 3223 	3453 	3456
f 3223 	3220 	3453
f 3220 	3450 	3453
f 3220 	3218 	3450
f 3218 	3448 	3450
f 3218 	3216 	3448
f 3216 	3446 	3448
f 3216 	3212 	3446
f 3212 	3442 	3446
f 3212 	3208 	3442
f 3208 	3438 	3442
f 3208 	3204 	3438
f 3204 	3434 	3438
f 3204 	3091 	3434
f 3091 	3321 	3434
f 3091 	3088 	3321
f 3088 	3320 	3321
f 3088 	3207 	3320
f 3207 	3437 	3320
f 3533 	3534 	3535
f 3536 	3537 	3533
f 3538 	3539 	3540
f 3541 	3542 	3538
f 3543 	3544 	3541
f 3545 	3546 	3547
f 3548 	3549 	3550
f 3551 	3552 	3548
f 3553 	3554 	3551
f 3555 	3556 	3553
f 3557 	3558 	3555
f 3559 	3560 	3557
f 3561 	3562 	3559
f 3563 	3564 	3561
f 3565 	3566 	3563
f 3567 	3568 	3565
f 3569 	3570 	3567
f 3571 	3572 	3569
f 3573 	3574 	3571
f 3575 	3576 	3573
f 3577 	3578 	3575
f 3579 	3580 	3577
f 3581 	3582 	3579
f 3583 	3584 	3581
f 3585 	3586 	3587
f 3588 	3542 	3541
f 3589 	3590 	3591
f 3592 	3593 	3589
f 3594 	3595 	3596
f 3597 	3598 	3599
f 3600 	3601 	3602
f 3533 	3535 	3603
f 3604 	3536 	3533
f 3538 	3540 	3605
f 3543 	3541 	3538
f 3550 	3545 	3547
f 3551 	3548 	3550
f 3557 	3555 	3553
f 3561 	3559 	3557
f 3565 	3563 	3561
f 3569 	3567 	3565
f 3573 	3571 	3569
f 3577 	3575 	3573
f 3581 	3579 	3577
f 3606 	3583 	3581
f 3585 	3587 	3607
f 3608 	3588 	3541
f 3589 	3591 	3609
f 3610 	3592 	3589
f 3533 	3603 	3611
f 3612 	3604 	3533
f 3538 	3605 	3613
f 3614 	3543 	3538
f 3553 	3551 	3550
f 3561 	3557 	3553
f 3573 	3569 	3565
f 3606 	3581 	3577
f 3585 	3607 	3615
f 3616 	3608 	3541
f 3589 	3609 	3617
f 3618 	3610 	3589
f 3533 	3611 	3619
f 3620 	3612 	3533
f 3538 	3613 	3621
f 3547 	3614 	3538
f 3561 	3553 	3550
f 3577 	3573 	3565
f 3622 	3606 	3577
f 3585 	3615 	3622
f 3623 	3616 	3541
f 3589 	3617 	3624
f 3625 	3618 	3589
f 3533 	3619 	3626
f 3627 	3620 	3533
f 3538 	3621 	3628
f 3550 	3547 	3538
f 3565 	3561 	3550
f 3622 	3577 	3565
f 3629 	3623 	3541
f 3589 	3624 	3630
f 3631 	3625 	3589
f 3533 	3626 	3632
f 3633 	3627 	3533
f 3538 	3628 	3634
f 3565 	3550 	3538
f 3585 	3622 	3565
f 3635 	3629 	3541
f 3589 	3630 	3636
f 3637 	3631 	3589
f 3533 	3632 	3638
f 3639 	3633 	3533
f 3538 	3634 	3640
f 3641 	3635 	3541
f 3589 	3636 	3642
f 3643 	3637 	3589
f 3533 	3638 	3644
f 3645 	3639 	3533
f 3565 	3538 	3640
f 3646 	3641 	3541
f 3589 	3642 	3647
f 3648 	3643 	3589
f 3533 	3644 	3649
f 3650 	3645 	3533
f 3565 	3640 	3651
f 3652 	3646 	3541
f 3589 	3647 	3653
f 3654 	3648 	3589
f 3533 	3649 	3655
f 3656 	3650 	3533
f 3585 	3565 	3651
f 3589 	3653 	3657
f 3658 	3654 	3589
f 3533 	3655 	3659
f 3660 	3656 	3533
f 3585 	3651 	3661
f 3589 	3657 	3662
f 3663 	3658 	3589
f 3533 	3659 	3664
f 3665 	3660 	3533
f 3585 	3661 	3666
f 3589 	3662 	3667
f 3668 	3663 	3589
f 3533 	3664 	3669
f 3670 	3665 	3533
f 3585 	3666 	3671
f 3589 	3667 	3672
f 3596 	3668 	3589
f 3533 	3669 	3673
f 3674 	3670 	3533
f 3585 	3671 	3675
f 3589 	3672 	3676
f 3594 	3596 	3589
f 3533 	3673 	3677
f 3675 	3674 	3533
f 3589 	3676 	3678
f 3679 	3594 	3589
f 3675 	3533 	3677
f 3679 	3589 	3678
f 3675 	3677 	3680
f 3679 	3678 	3652
f 3675 	3680 	3681
f 3682 	3679 	3652
f 3675 	3681 	3683
f 3684 	3682 	3652
f 3675 	3683 	3685
f 3686 	3684 	3652
f 3675 	3685 	3687
f 3688 	3686 	3652
f 3675 	3687 	3689
f 3690 	3688 	3652
f 3675 	3689 	3691
f 3692 	3690 	3652
f 3675 	3691 	3693
f 3694 	3692 	3652
f 3675 	3693 	3695
f 3696 	3694 	3652
f 3675 	3695 	3697
f 3698 	3696 	3652
f 3675 	3697 	3699
f 3700 	3698 	3652
f 3675 	3699 	3701
f 3702 	3700 	3652
f 3675 	3701 	3703
f 3704 	3702 	3652
f 3675 	3703 	3705
f 3706 	3704 	3652
f 3675 	3705 	3707
f 3708 	3706 	3652
f 3675 	3707 	3709
f 3599 	3708 	3652
f 3675 	3709 	3710
f 3597 	3599 	3652
f 3675 	3710 	3711
f 3712 	3597 	3652
f 3675 	3711 	3713
f 3714 	3712 	3652
f 3675 	3713 	3715
f 3716 	3714 	3652
f 3675 	3715 	3717
f 3602 	3716 	3652
f 3675 	3717 	3718
f 3600 	3602 	3652
f 3675 	3718 	3719
f 3600 	3652 	3541
f 3585 	3675 	3719
f 3600 	3541 	3585
f 3585 	3719 	3600
f 3720 	3721 	3722
f 3722 	3723 	3724
f 3725 	3726 	3727
f 3727 	3728 	3729
f 3729 	3730 	3731
f 3732 	3733 	3734
f 3735 	3736 	3737
f 3737 	3738 	3739
f 3739 	3740 	3741
f 3741 	3742 	3743
f 3743 	3744 	3745
f 3745 	3746 	3747
f 3747 	3748 	3749
f 3749 	3750 	3751
f 3751 	3752 	3753
f 3753 	3754 	3755
f 3755 	3756 	3757
f 3757 	3758 	3759
f 3759 	3760 	3761
f 3761 	3762 	3763
f 3763 	3764 	3765
f 3765 	3766 	3767
f 3767 	3768 	3769
f 3769 	3770 	3771
f 3772 	3773 	3774
f 3729 	3728 	3775
f 3776 	3777 	3778
f 3778 	3779 	3780
f 3781 	3782 	3783
f 3784 	3785 	3786
f 3787 	3788 	3789
f 3790 	3720 	3722
f 3722 	3724 	3791
f 3792 	3725 	3727
f 3727 	3729 	3731
f 3732 	3734 	3735
f 3735 	3737 	3739
f 3741 	3743 	3745
f 3745 	3747 	3749
f 3749 	3751 	3753
f 3753 	3755 	3757
f 3757 	3759 	3761
f 3761 	3763 	3765
f 3765 	3767 	3769
f 3769 	3771 	3793
f 3794 	3772 	3774
f 3729 	3775 	3795
f 3796 	3776 	3778
f 3778 	3780 	3797
f 3798 	3790 	3722
f 3722 	3791 	3799
f 3800 	3792 	3727
f 3727 	3731 	3801
f 3735 	3739 	3741
f 3741 	3745 	3749
f 3753 	3757 	3761
f 3765 	3769 	3793
f 3802 	3794 	3774
f 3729 	3795 	3803
f 3804 	3796 	3778
f 3778 	3797 	3805
f 3806 	3798 	3722
f 3722 	3799 	3807
f 3808 	3800 	3727
f 3727 	3801 	3732
f 3735 	3741 	3749
f 3753 	3761 	3765
f 3765 	3793 	3809
f 3809 	3802 	3774
f 3729 	3803 	3810
f 3811 	3804 	3778
f 3778 	3805 	3812
f 3813 	3806 	3722
f 3722 	3807 	3814
f 3815 	3808 	3727
f 3727 	3732 	3735
f 3735 	3749 	3753
f 3753 	3765 	3809
f 3729 	3810 	3816
f 3817 	3811 	3778
f 3778 	3812 	3818
f 3819 	3813 	3722
f 3722 	3814 	3820
f 3821 	3815 	3727
f 3727 	3735 	3753
f 3753 	3809 	3774
f 3729 	3816 	3822
f 3823 	3817 	3778
f 3778 	3818 	3824
f 3825 	3819 	3722
f 3722 	3820 	3826
f 3827 	3821 	3727
f 3729 	3822 	3828
f 3829 	3823 	3778
f 3778 	3824 	3830
f 3831 	3825 	3722
f 3722 	3826 	3832
f 3827 	3727 	3753
f 3729 	3828 	3833
f 3834 	3829 	3778
f 3778 	3830 	3835
f 3836 	3831 	3722
f 3722 	3832 	3837
f 3838 	3827 	3753
f 3729 	3833 	3839
f 3840 	3834 	3778
f 3778 	3835 	3841
f 3842 	3836 	3722
f 3722 	3837 	3843
f 3838 	3753 	3774
f 3844 	3840 	3778
f 3778 	3841 	3845
f 3846 	3842 	3722
f 3722 	3843 	3847
f 3848 	3838 	3774
f 3849 	3844 	3778
f 3778 	3845 	3850
f 3851 	3846 	3722
f 3722 	3847 	3852
f 3853 	3848 	3774
f 3854 	3849 	3778
f 3778 	3850 	3855
f 3856 	3851 	3722
f 3722 	3852 	3857
f 3858 	3853 	3774
f 3859 	3854 	3778
f 3778 	3855 	3781
f 3860 	3856 	3722
f 3722 	3857 	3861
f 3862 	3858 	3774
f 3863 	3859 	3778
f 3778 	3781 	3783
f 3864 	3860 	3722
f 3722 	3861 	3862
f 3865 	3863 	3778
f 3778 	3783 	3866
f 3864 	3722 	3862
f 3865 	3778 	3866
f 3867 	3864 	3862
f 3839 	3865 	3866
f 3868 	3867 	3862
f 3839 	3866 	3869
f 3870 	3868 	3862
f 3839 	3869 	3871
f 3872 	3870 	3862
f 3839 	3871 	3873
f 3874 	3872 	3862
f 3839 	3873 	3875
f 3876 	3874 	3862
f 3839 	3875 	3877
f 3878 	3876 	3862
f 3839 	3877 	3879
f 3880 	3878 	3862
f 3839 	3879 	3881
f 3882 	3880 	3862
f 3839 	3881 	3883
f 3884 	3882 	3862
f 3839 	3883 	3885
f 3886 	3884 	3862
f 3839 	3885 	3887
f 3888 	3886 	3862
f 3839 	3887 	3889
f 3890 	3888 	3862
f 3839 	3889 	3891
f 3892 	3890 	3862
f 3839 	3891 	3893
f 3894 	3892 	3862
f 3839 	3893 	3895
f 3896 	3894 	3862
f 3839 	3895 	3784
f 3897 	3896 	3862
f 3839 	3784 	3786
f 3898 	3897 	3862
f 3839 	3786 	3899
f 3900 	3898 	3862
f 3839 	3899 	3901
f 3902 	3900 	3862
f 3839 	3901 	3903
f 3904 	3902 	3862
f 3839 	3903 	3787
f 3905 	3904 	3862
f 3839 	3787 	3789
f 3906 	3905 	3862
f 3729 	3839 	3789
f 3906 	3862 	3774
f 3774 	3729 	3789
f 3789 	3906 	3774
f 3719 	3718 	3906
f 3718 	3905 	3906
f 3718 	3717 	3905
f 3717 	3904 	3905
f 3717 	3715 	3904
f 3715 	3902 	3904
f 3715 	3713 	3902
f 3713 	3900 	3902
f 3713 	3711 	3900
f 3711 	3898 	3900
f 3711 	3710 	3898
f 3710 	3897 	3898
f 3710 	3709 	3897
f 3709 	3896 	3897
f 3709 	3707 	3896
f 3707 	3894 	3896
f 3707 	3705 	3894
f 3705 	3892 	3894
f 3705 	3703 	3892
f 3703 	3890 	3892
f 3703 	3701 	3890
f 3701 	3888 	3890
f 3701 	3699 	3888
f 3699 	3886 	3888
f 3699 	3697 	3886
f 3697 	3884 	3886
f 3697 	3695 	3884
f 3695 	3882 	3884
f 3695 	3693 	3882
f 3693 	3880 	3882
f 3693 	3691 	3880
f 3691 	3878 	3880
f 3691 	3689 	3878
f 3689 	3876 	3878
f 3689 	3687 	3876
f 3687 	3874 	3876
f 3687 	3685 	3874
f 3685 	3872 	3874
f 3685 	3683 	3872
f 3683 	3870 	3872
f 3683 	3681 	3870
f 3681 	3868 	3870
f 3681 	3680 	3868
f 3680 	3867 	3868
f 3680 	3677 	3867
f 3677 	3864 	3867
f 3677 	3673 	3864
f 3673 	3860 	3864
f 3673 	3669 	3860
f 3669 	3856 	3860
f 3669 	3664 	3856
f 3664 	3851 	3856
f 3664 	3659 	3851
f 3659 	3846 	3851
f 3659 	3655 	3846
f 3655 	3842 	3846
f 3655 	3649 	3842
f 3649 	3836 	3842
f 3649 	3644 	3836
f 3644 	3831 	3836
f 3644 	3638 	3831
f 3638 	3825 	3831
f 3638 	3632 	3825
f 3632 	3819 	3825
f 3632 	3626 	3819
f 3626 	3813 	3819
f 3626 	3619 	3813
f 3619 	3806 	3813
f 3619 	3611 	3806
f 3611 	3798 	3806
f 3611 	3603 	3798
f 3603 	3790 	3798
f 3603 	3535 	3790
f 3535 	3720 	3790
f 3535 	3534 	3720
f 3534 	3721 	3720
f 3534 	3533 	3721
f 3533 	3722 	3721
f 3533 	3537 	3722
f 3537 	3723 	3722
f 3537 	3536 	3723
f 3536 	3724 	3723
f 3536 	3604 	3724
f 3604 	3791 	3724
f 3604 	3612 	3791
f 3612 	3799 	3791
f 3612 	3620 	3799
f 3620 	3807 	3799
f 3620 	3627 	3807
f 3627 	3814 	3807
f 3627 	3633 	3814
f 3633 	3820 	3814
f 3633 	3639 	3820
f 3639 	3826 	3820
f 3639 	3645 	3826
f 3645 	3832 	3826
f 3645 	3650 	3832
f 3650 	3837 	3832
f 3650 	3656 	3837
f 3656 	3843 	3837
f 3656 	3660 	3843
f 3660 	3847 	3843
f 3660 	3665 	3847
f 3665 	3852 	3847
f 3665 	3670 	3852
f 3670 	3857 	3852
f 3670 	3674 	3857
f 3674 	3861 	3857
f 3674 	3675 	3861
f 3675 	3862 	3861
f 3675 	3671 	3862
f 3671 	3858 	3862
f 3671 	3666 	3858
f 3666 	3853 	3858
f 3666 	3661 	3853
f 3661 	3848 	3853
f 3661 	3651 	3848
f 3651 	3838 	3848
f 3651 	3640 	3838
f 3640 	3827 	3838
f 3640 	3634 	3827
f 3634 	3821 	3827
f 3634 	3628 	3821
f 3628 	3815 	3821
f 3628 	3621 	3815
f 3621 	3808 	3815
f 3621 	3613 	3808
f 3613 	3800 	3808
f 3613 	3605 	3800
f 3605 	3792 	3800
f 3605 	3540 	3792
f 3540 	3725 	3792
f 3540 	3539 	3725
f 3539 	3726 	3725
f 3539 	3538 	3726
f 3538 	3727 	3726
f 3538 	3542 	3727
f 3542 	3728 	3727
f 3542 	3588 	3728
f 3588 	3775 	3728
f 3588 	3608 	3775
f 3608 	3795 	3775
f 3608 	3616 	3795
f 3616 	3803 	3795
f 3616 	3623 	3803
f 3623 	3810 	3803
f 3623 	3629 	3810
f 3629 	3816 	3810
f 3629 	3635 	3816
f 3635 	3822 	3816
f 3635 	3641 	3822
f 3641 	3828 	3822
f 3641 	3646 	3828
f 3646 	3833 	3828
f 3646 	3652 	3833
f 3652 	3839 	3833
f 3652 	3678 	3839
f 3678 	3865 	3839
f 3678 	3676 	3865
f 3676 	3863 	3865
f 3676 	3672 	3863
f 3672 	3859 	3863
f 3672 	3667 	3859
f 3667 	3854 	3859
f 3667 	3662 	3854
f 3662 	3849 	3854
f 3662 	3657 	3849
f 3657 	3844 	3849
f 3657 	3653 	3844
f 3653 	3840 	3844
f 3653 	3647 	3840
f 3647 	3834 	3840
f 3647 	3642 	3834
f 3642 	3829 	3834
f 3642 	3636 	3829
f 3636 	3823 	3829
f 3636 	3630 	3823
f 3630 	3817 	3823
f 3630 	3624 	3817
f 3624 	3811 	3817
f 3624 	3617 	3811
f 3617 	3804 	3811
f 3617 	3609 	3804
f 3609 	3796 	3804
f 3609 	3591 	3796
f 3591 	3776 	3796
f 3591 	3590 	3776
f 3590 	3777 	3776
f 3590 	3589 	3777
f 3589 	3778 	3777
f 3589 	3593 	3778
f 3593 	3779 	3778
f 3593 	3592 	3779
f 3592 	3780 	3779
f 3592 	3610 	3780
f 3610 	3797 	3780
f 3610 	3618 	3797
f 3618 	3805 	3797
f 3618 	3625 	3805
f 3625 	3812 	3805
f 3625 	3631 	3812
f 3631 	3818 	3812
f 3631 	3637 	3818
f 3637 	3824 	3818
f 3637 	3643 	3824
f 3643 	3830 	3824
f 3643 	3648 	3830
f 3648 	3835 	3830
f 3648 	3654 	3835
f 3654 	3841 	3835
f 3654 	3658 	3841
f 3658 	3845 	3841
f 3658 	3663 	3845
f 3663 	3850 	3845
f 3663 	3668 	3850
f 3668 	3855 	3850
f 3668 	3596 	3855
f 3596 	3781 	3855
f 3596 	3595 	3781
f 3595 	3782 	3781
f 3595 	3594 	3782
f 3594 	3783 	3782
f 3594 	3679 	3783
f 3679 	3866 	3783
f 3679 	3682 	3866
f 3682 	3869 	3866
f 3682 	3684 	3869
f 3684 	3871 	3869
f 3684 	3686 	3871
f 3686 	3873 	3871
f 3686 	3688 	3873
f 3688 	3875 	3873
f 3688 	3690 	3875
f 3690 	3877 	3875
f 3690 	3692 	3877
f 3692 	3879 	3877
f 3692 	3694 	3879
f 3694 	3881 	3879
f 3694 	3696 	3881
f 3696 	3883 	3881
f 3696 	3698 	3883
f 3698 	3885 	3883
f 3698 	3700 	3885
f 3700 	3887 	3885
f 3700 	3702 	3887
f 3702 	3889 	3887
f 3702 	3704 	3889
f 3704 	3891 	3889
f 3704 	3706 	3891
f 3706 	3893 	3891
f 3706 	3708 	3893
f 3708 	3895 	3893
f 3708 	3599 	3895
f 3599 	3784 	3895
f 3599 	3598 	3784
f 3598 	3785 	3784
f 3598 	3597 	3785
f 3597 	3786 	3785
f 3597 	3712 	3786
f 3712 	3899 	3786
f 3712 	3714 	3899
f 3714 	3901 	3899
f 3714 	3716 	3901
f 3716 	3903 	3901
f 3716 	3602 	3903
f 3602 	3787 	3903
f 3602 	3601 	3787
f 3601 	3788 	3787
f 3601 	3600 	3788
f 3600 	3789 	3788
f 3600 	3719 	3789
f 3719 	3906 	3789
f 3585 	3541 	3774
f 3541 	3729 	3774
f 3541 	3544 	3729
f 3544 	3730 	3729
f 3544 	3543 	3730
f 3543 	3731 	3730
f 3543 	3614 	3731
f 3614 	3801 	3731
f 3614 	3547 	3801
f 3547 	3732 	3801
f 3547 	3546 	3732
f 3546 	3733 	3732
f 3546 	3545 	3733
f 3545 	3734 	3733
f 3545 	3550 	3734
f 3550 	3735 	3734
f 3550 	3549 	3735
f 3549 	3736 	3735
f 3549 	3548 	3736
f 3548 	3737 	3736
f 3548 	3552 	3737
f 3552 	3738 	3737
f 3552 	3551 	3738
f 3551 	3739 	3738
f 3551 	3554 	3739
f 3554 	3740 	3739
f 3554 	3553 	3740
f 3553 	3741 	3740
f 3553 	3556 	3741
f 3556 	3742 	3741
f 3556 	3555 	3742
f 3555 	3743 	3742
f 3555 	3558 	3743
f 3558 	3744 	3743
f 3558 	3557 	3744
f 3557 	3745 	3744
f 3557 	3560 	3745
f 3560 	3746 	3745
f 3560 	3559 	3746
f 3559 	3747 	3746
f 3559 	3562 	3747
f 3562 	3748 	3747
f 3562 	3561 	3748
f 3561 	3749 	3748
f 3561 	3564 	3749
f 3564 	3750 	3749
f 3564 	3563 	3750
f 3563 	3751 	3750
f 3563 	3566 	3751
f 3566 	3752 	3751
f 3566 	3565 	3752
f 3565 	3753 	3752
f 3565 	3568 	3753
f 3568 	3754 	3753
f 3568 	3567 	3754
f 3567 	3755 	3754
f 3567 	3570 	3755
f 3570 	3756 	3755
f 3570 	3569 	3756
f 3569 	3757 	3756
f 3569 	3572 	3757
f 3572 	3758 	3757
f 3572 	3571 	3758
f 3571 	3759 	3758
f 3571 	3574 	3759
f 3574 	3760 	3759
f 3574 	3573 	3760
f 3573 	3761 	3760
f 3573 	3576 	3761
f 3576 	3762 	3761
f 3576 	3575 	3762
f 3575 	3763 	3762
f 3575 	3578 	3763
f 3578 	3764 	3763
f 3578 	3577 	3764
f 3577 	3765 	3764
f 3577 	3580 	3765
f 3580 	3766 	3765
f 3580 	3579 	3766
f 3579 	3767 	3766
f 3579 	3582 	3767
f 3582 	3768 	3767
f 3582 	3581 	3768
f 3581 	3769 	3768
f 3581 	3584 	3769
f 3584 	3770 	3769
f 3584 	3583 	3770
f 3583 	3771 	3770
f 3583 	3606 	3771
f 3606 	3793 	3771
f 3606 	3622 	3793
f 3622 	3809 	3793
f 3622 	3615 	3809
f 3615 	3802 	3809
f 3615 	3607 	3802
f 3607 	3794 	3802
f 3607 	3587 	3794
f 3587 	3772 	3794
f 3587 	3586 	3772
f 3586 	3773 	3772
f 3586 	3585 	3773
f 3585 	3774 	3773
f 3907 	3908 	3909
f 3910 	3911 	3907
f 3912 	3913 	3910
f 3914 	3915 	3912
f 3916 	3917 	3914
f 3918 	3919 	3916
f 3920 	3921 	3918
f 3922 	3923 	3920
f 3924 	3925 	3922
f 3926 	3927 	3924
f 3928 	3929 	3926
f 3930 	3931 	3928
f 3932 	3933 	3930
f 3934 	3935 	3932
f 3936 	3937 	3934
f 3938 	3939 	3936
f 3940 	3941 	3938
f 3942 	3943 	3940
f 3944 	3945 	3942
f 3946 	3947 	3944
f 3948 	3949 	3946
f 3950 	3951 	3948
f 3952 	3953 	3950
f 3954 	3955 	3952
f 3956 	3957 	3954
f 3958 	3959 	3956
f 3960 	3961 	3958
f 3962 	3963 	3960
f 3964 	3965 	3962
f 3966 	3967 	3964
f 3968 	3969 	3966
f 3970 	3971 	3968
f 3972 	3973 	3970
f 3974 	3975 	3972
f 3976 	3977 	3974
f 3978 	3979 	3976
f 3980 	3981 	3978
f 3982 	3983 	3980
f 3984 	3985 	3982
f 3986 	3987 	3984
f 3988 	3989 	3986
f 3990 	3991 	3988
f 3992 	3993 	3990
f 3994 	3995 	3992
f 3996 	3997 	3994
f 3998 	3999 	3996
f 4000 	4001 	3998
f 4002 	4003 	4000
f 4004 	4005 	4002
f 4006 	4007 	4004
f 4008 	4009 	4006
f 4010 	4011 	4008
f 4012 	4013 	4010
f 4014 	4015 	4012
f 4016 	4017 	4014
f 4018 	4019 	4016
f 4020 	4021 	4018
f 4022 	4023 	4020
f 4024 	4025 	4022
f 4026 	4027 	4024
f 4028 	4029 	4026
f 4030 	4031 	4028
f 4032 	4033 	4030
f 4034 	4035 	4036
f 4037 	4038 	4034
f 4039 	4040 	4037
f 3907 	3909 	4041
f 3912 	3910 	3907
f 3916 	3914 	3912
f 3920 	3918 	3916
f 3924 	3922 	3920
f 3928 	3926 	3924
f 3932 	3930 	3928
f 3936 	3934 	3932
f 3940 	3938 	3936
f 3944 	3942 	3940
f 3948 	3946 	3944
f 3952 	3950 	3948
f 3956 	3954 	3952
f 3960 	3958 	3956
f 3964 	3962 	3960
f 3968 	3966 	3964
f 3972 	3970 	3968
f 3976 	3974 	3972
f 3980 	3978 	3976
f 3984 	3982 	3980
f 3988 	3986 	3984
f 3992 	3990 	3988
f 3996 	3994 	3992
f 4000 	3998 	3996
f 4004 	4002 	4000
f 4008 	4006 	4004
f 4012 	4010 	4008
f 4016 	4014 	4012
f 4020 	4018 	4016
f 4024 	4022 	4020
f 4028 	4026 	4024
f 4032 	4030 	4028
f 4034 	4036 	4032
f 4039 	4037 	4034
f 3907 	4041 	4042
f 3916 	3912 	3907
f 3924 	3920 	3916
f 3932 	3928 	3924
f 3940 	3936 	3932
f 3948 	3944 	3940
f 3956 	3952 	3948
f 3964 	3960 	3956
f 3972 	3968 	3964
f 3980 	3976 	3972
f 3988 	3984 	3980
f 3996 	3992 	3988
f 4004 	4000 	3996
f 4012 	4008 	4004
f 4020 	4016 	4012
f 4028 	4024 	4020
f 4034 	4032 	4028
f 4043 	4039 	4034
f 3907 	4042 	4044
f 3924 	3916 	3907
f 3940 	3932 	3924
f 3956 	3948 	3940
f 3972 	3964 	3956
f 3988 	3980 	3972
f 4004 	3996 	3988
f 4020 	4012 	4004
f 4034 	4028 	4020
f 4045 	4043 	4034
f 3907 	4044 	4046
f 3940 	3924 	3907
f 4034 	4020 	4004
f 4047 	4045 	4034
f 3907 	4046 	4048
f 4049 	4047 	4034
f 3907 	4048 	4050
f 4051 	4049 	4034
f 3907 	4050 	4052
f 4053 	4051 	4034
f 3940 	3907 	4052
f 4054 	4053 	4034
f 3940 	4052 	4055
f 4054 	4034 	4004
f 3940 	4055 	4056
f 4057 	4054 	4004
f 3940 	4056 	4058
f 4059 	4057 	4004
f 3940 	4058 	4060
f 4061 	4059 	4004
f 3940 	4060 	4062
f 4063 	4061 	4004
f 3940 	4062 	4064
f 4065 	4063 	4004
f 3940 	4064 	4066
f 4067 	4065 	4004
f 3940 	4066 	4068
f 4069 	4067 	4004
f 3940 	4068 	4070
f 4071 	4069 	4004
f 3940 	4070 	4072
f 4073 	4071 	4004
f 3940 	4072 	4074
f 4075 	4073 	4004
f 3940 	4074 	4076
f 4077 	4075 	4004
f 3940 	4076 	4078
f 4079 	4077 	4004
f 3940 	4078 	4080
f 4081 	4079 	4004
f 3940 	4080 	4082
f 4083 	4081 	4004
f 3940 	4082 	4084
f 4085 	4083 	4004
f 3940 	4084 	4086
f 4087 	4085 	4004
f 3956 	3940 	4086
f 4088 	4087 	4004
f 3956 	4086 	4089
f 4090 	4088 	4004
f 3956 	4089 	4091
f 4092 	4090 	4004
f 3956 	4091 	4093
f 4094 	4092 	4004
f 3956 	4093 	4095
f 4096 	4094 	4004
f 3956 	4095 	4097
f 4096 	4004 	3988
f 3956 	4097 	4098
f 4099 	4096 	3988
f 3956 	4098 	4100
f 4101 	4099 	3988
f 3956 	4100 	4102
f 4103 	4101 	3988
f 3972 	3956 	4102
f 4104 	4103 	3988
f 3972 	4102 	4105
f 4106 	4104 	3988
f 3972 	4105 	4107
f 4108 	4106 	3988
f 3972 	4107 	4109
f 4110 	4108 	3988
f 3972 	4109 	4111
f 4112 	4110 	3988
f 3972 	4111 	4113
f 4114 	4112 	3988
f 3972 	4113 	4115
f 4116 	4114 	3988
f 3972 	4115 	4117
f 4116 	3988 	3972
f 3972 	4117 	4118
f 4119 	4116 	3972
f 3972 	4118 	4120
f 4121 	4119 	3972
f 3972 	4120 	4122
f 4123 	4121 	3972
f 3972 	4122 	4124
f 4125 	4123 	3972
f 3972 	4124 	4126
f 4127 	4125 	3972
f 3972 	4126 	4128
f 4129 	4127 	3972
f 3972 	4128 	4130
f 4131 	4129 	3972
f 3972 	4130 	4132
f 4133 	4131 	3972
f 3972 	4132 	4134
f 4134 	4133 	3972
f 4135 	4136 	4137
f 4137 	4138 	4139
f 4139 	4140 	4141
f 4141 	4142 	4143
f 4143 	4144 	4145
f 4145 	4146 	4147
f 4147 	4148 	4149
f 4149 	4150 	4151
f 4151 	4152 	4153
f 4153 	4154 	4155
f 4155 	4156 	4157
f 4157 	4158 	4159
f 4159 	4160 	4161
f 4161 	4162 	4163
f 4163 	4164 	4165
f 4165 	4166 	4167
f 4167 	4168 	4169
f 4169 	4170 	4171
f 4171 	4172 	4173
f 4173 	4174 	4175
f 4175 	4176 	4177
f 4177 	4178 	4179
f 4179 	4180 	4181
f 4181 	4182 	4183
f 4183 	4184 	4185
f 4185 	4186 	4187
f 4187 	4188 	4189
f 4189 	4190 	4191
f 4191 	4192 	4193
f 4193 	4194 	4195
f 4195 	4196 	4197
f 4197 	4198 	4199
f 4199 	4200 	4201
f 4201 	4202 	4203
f 4203 	4204 	4205
f 4205 	4206 	4207
f 4207 	4208 	4209
f 4209 	4210 	4211
f 4211 	4212 	4213
f 4213 	4214 	4215
f 4215 	4216 	4217
f 4217 	4218 	4219
f 4219 	4220 	4221
f 4221 	4222 	4223
f 4223 	4224 	4225
f 4225 	4226 	4227
f 4227 	4228 	4229
f 4229 	4230 	4231
f 4231 	4232 	4233
f 4233 	4234 	4235
f 4235 	4236 	4237
f 4237 	4238 	4239
f 4239 	4240 	4241
f 4241 	4242 	4243
f 4243 	4244 	4245
f 4245 	4246 	4247
f 4247 	4248 	4249
f 4249 	4250 	4251
f 4251 	4252 	4253
f 4253 	4254 	4255
f 4255 	4256 	4257
f 4257 	4258 	4259
f 4259 	4260 	4261
f 4262 	4263 	4264
f 4264 	4265 	4266
f 4266 	4267 	4268
f 4269 	4135 	4137
f 4137 	4139 	4141
f 4141 	4143 	4145
f 4145 	4147 	4149
f 4149 	4151 	4153
f 4153 	4155 	4157
f 4157 	4159 	4161
f 4161 	4163 	4165
f 4165 	4167 	4169
f 4169 	4171 	4173
f 4173 	4175 	4177
f 4177 	4179 	4181
f 4181 	4183 	4185
f 4185 	4187 	4189
f 4189 	4191 	4193
f 4193 	4195 	4197
f 4197 	4199 	4201
f 4201 	4203 	4205
f 4205 	4207 	4209
f 4209 	4211 	4213
f 4213 	4215 	4217
f 4217 	4219 	4221
f 4221 	4223 	4225
f 4225 	4227 	4229
f 4229 	4231 	4233
f 4233 	4235 	4237
f 4237 	4239 	4241
f 4241 	4243 	4245
f 4245 	4247 	4249
f 4249 	4251 	4253
f 4253 	4255 	4257
f 4257 	4259 	4261
f 4261 	4262 	4264
f 4264 	4266 	4268
f 4270 	4269 	4137
f 4137 	4141 	4145
f 4145 	4149 	4153
f 4153 	4157 	4161
f 4161 	4165 	4169
f 4169 	4173 	4177
f 4177 	4181 	4185
f 4185 	4189 	4193
f 4193 	4197 	4201
f 4201 	4205 	4209
f 4209 	4213 	4217
f 4217 	4221 	4225
f 4225 	4229 	4233
f 4233 	4237 	4241
f 4241 	4245 	4249
f 4249 	4253 	4257
f 4257 	4261 	4264
f 4264 	4268 	4271
f 4272 	4270 	4137
f 4137 	4145 	4153
f 4153 	4161 	4169
f 4169 	4177 	4185
f 4185 	4193 	4201
f 4201 	4209 	4217
f 4217 	4225 	4233
f 4233 	4241 	4249
f 4249 	4257 	4264
f 4264 	4271 	4273
f 4274 	4272 	4137
f 4137 	4153 	4169
f 4233 	4249 	4264
f 4264 	4273 	4275
f 4276 	4274 	4137
f 4264 	4275 	4277
f 4278 	4276 	4137
f 4264 	4277 	4279
f 4280 	4278 	4137
f 4264 	4279 	4281
f 4280 	4137 	4169
f 4264 	4281 	4282
f 4283 	4280 	4169
f 4233 	4264 	4282
f 4284 	4283 	4169
f 4233 	4282 	4285
f 4286 	4284 	4169
f 4233 	4285 	4287
f 4288 	4286 	4169
f 4233 	4287 	4289
f 4290 	4288 	4169
f 4233 	4289 	4291
f 4292 	4290 	4169
f 4233 	4291 	4293
f 4294 	4292 	4169
f 4233 	4293 	4295
f 4296 	4294 	4169
f 4233 	4295 	4297
f 4298 	4296 	4169
f 4233 	4297 	4299
f 4300 	4298 	4169
f 4233 	4299 	4301
f 4302 	4300 	4169
f 4233 	4301 	4303
f 4304 	4302 	4169
f 4233 	4303 	4305
f 4306 	4304 	4169
f 4233 	4305 	4307
f 4308 	4306 	4169
f 4233 	4307 	4309
f 4310 	4308 	4169
f 4233 	4309 	4311
f 4312 	4310 	4169
f 4233 	4311 	4313
f 4314 	4312 	4169
f 4233 	4313 	4315
f 4314 	4169 	4185
f 4233 	4315 	4316
f 4317 	4314 	4185
f 4233 	4316 	4318
f 4319 	4317 	4185
f 4233 	4318 	4320
f 4321 	4319 	4185
f 4233 	4320 	4322
f 4323 	4321 	4185
f 4233 	4322 	4324
f 4325 	4323 	4185
f 4217 	4233 	4324
f 4326 	4325 	4185
f 4217 	4324 	4327
f 4328 	4326 	4185
f 4217 	4327 	4329
f 4330 	4328 	4185
f 4217 	4329 	4331
f 4330 	4185 	4201
f 4217 	4331 	4332
f 4333 	4330 	4201
f 4217 	4332 	4334
f 4335 	4333 	4201
f 4217 	4334 	4336
f 4337 	4335 	4201
f 4217 	4336 	4338
f 4339 	4337 	4201
f 4217 	4338 	4340
f 4341 	4339 	4201
f 4217 	4340 	4342
f 4343 	4341 	4201
f 4217 	4342 	4344
f 4345 	4343 	4201
f 4201 	4217 	4344
f 4346 	4345 	4201
f 4201 	4344 	4347
f 4348 	4346 	4201
f 4201 	4347 	4349
f 4350 	4348 	4201
f 4201 	4349 	4351
f 4352 	4350 	4201
f 4201 	4351 	4353
f 4354 	4352 	4201
f 4201 	4353 	4355
f 4356 	4354 	4201
f 4201 	4355 	4357
f 4358 	4356 	4201
f 4201 	4357 	4359
f 4360 	4358 	4201
f 4201 	4359 	4361
f 4362 	4360 	4201
f 4201 	4361 	4362
f 4090 	4092 	4318
f 4092 	4320 	4318
f 4092 	4094 	4320
f 4094 	4322 	4320
f 4094 	4096 	4322
f 4096 	4324 	4322
f 4096 	4099 	4324
f 4099 	4327 	4324
f 4099 	4101 	4327
f 4101 	4329 	4327
f 4101 	4103 	4329
f 4103 	4331 	4329
f 4103 	4104 	4331
f 4104 	4332 	4331
f 4104 	4106 	4332
f 4106 	4334 	4332
f 4106 	4108 	4334
f 4108 	4336 	4334
f 4108 	4110 	4336
f 4110 	4338 	4336
f 4110 	4112 	4338
f 4112 	4340 	4338
f 4112 	4114 	4340
f 4114 	4342 	4340
f 4114 	4116 	4342
f 4116 	4344 	4342
f 4116 	4119 	4344
f 4119 	4347 	4344
f 4119 	4121 	4347
f 4121 	4349 	4347
f 4121 	4123 	4349
f 4123 	4351 	4349
f 4123 	4125 	4351
f 4125 	4353 	4351
f 4125 	4127 	4353
f 4127 	4355 	4353
f 4127 	4129 	4355
f 4129 	4357 	4355
f 4129 	4131 	4357
f 4131 	4359 	4357
f 4131 	4133 	4359
f 4133 	4361 	4359
f 4133 	4134 	4361
f 4134 	4362 	4361
f 4134 	4132 	4362
f 4132 	4360 	4362
f 4132 	4130 	4360
f 4130 	4358 	4360
f 4130 	4128 	4358
f 4128 	4356 	4358
f 4128 	4126 	4356
f 4126 	4354 	4356
f 4126 	4124 	4354
f 4124 	4352 	4354
f 4124 	4122 	4352
f 4122 	4350 	4352
f 4122 	4120 	4350
f 4120 	4348 	4350
f 4120 	4118 	4348
f 4118 	4346 	4348
f 4118 	4117 	4346
f 4117 	4345 	4346
f 4117 	4115 	4345
f 4115 	4343 	4345
f 4115 	4113 	4343
f 4113 	4341 	4343
f 4113 	4111 	4341
f 4111 	4339 	4341
f 4111 	4109 	4339
f 4109 	4337 	4339
f 4109 	4107 	4337
f 4107 	4335 	4337
f 4107 	4105 	4335
f 4105 	4333 	4335
f 4105 	4102 	4333
f 4102 	4330 	4333
f 4102 	4100 	4330
f 4100 	4328 	4330
f 4100 	4098 	4328
f 4098 	4326 	4328
f 4098 	4097 	4326
f 4097 	4325 	4326
f 4097 	4095 	4325
f 4095 	4323 	4325
f 4095 	4093 	4323
f 4093 	4321 	4323
f 4093 	4091 	4321
f 4091 	4319 	4321
f 4091 	4089 	4319
f 4089 	4317 	4319
f 4089 	4086 	4317
f 4086 	4314 	4317
f 4086 	4084 	4314
f 4084 	4312 	4314
f 4084 	4082 	4312
f 4082 	4310 	4312
f 4082 	4080 	4310
f 4080 	4308 	4310
f 4080 	4078 	4308
f 4078 	4306 	4308
f 4078 	4076 	4306
f 4076 	4304 	4306
f 4076 	4074 	4304
f 4074 	4302 	4304
f 4074 	4072 	4302
f 4072 	4300 	4302
f 4072 	4070 	4300
f 4070 	4298 	4300
f 4070 	4068 	4298
f 4068 	4296 	4298
f 4068 	4066 	4296
f 4066 	4294 	4296
f 4066 	4064 	4294
f 4064 	4292 	4294
f 4064 	4062 	4292
f 4062 	4290 	4292
f 4062 	4060 	4290
f 4060 	4288 	4290
f 4060 	4058 	4288
f 4058 	4286 	4288
f 4058 	4056 	4286
f 4056 	4284 	4286
f 4056 	4055 	4284
f 4055 	4283 	4284
f 4055 	4052 	4283
f 4052 	4280 	4283
f 4052 	4050 	4280
f 4050 	4278 	4280
f 4050 	4048 	4278
f 4048 	4276 	4278
f 4048 	4046 	4276
f 4046 	4274 	4276
f 4046 	4044 	4274
f 4044 	4272 	4274
f 4044 	4042 	4272
f 4042 	4270 	4272
f 4042 	4041 	4270
f 4041 	4269 	4270
f 4041 	3909 	4269
f 3909 	4135 	4269
f 3909 	3908 	4135
f 3908 	4136 	4135
f 3908 	3907 	4136
f 3907 	4137 	4136
f 3907 	3911 	4137
f 3911 	4138 	4137
f 3911 	3910 	4138
f 3910 	4139 	4138
f 3910 	3913 	4139
f 3913 	4140 	4139
f 3913 	3912 	4140
f 3912 	4141 	4140
f 3912 	3915 	4141
f 3915 	4142 	4141
f 3915 	3914 	4142
f 3914 	4143 	4142
f 3914 	3917 	4143
f 3917 	4144 	4143
f 3917 	3916 	4144
f 3916 	4145 	4144
f 3916 	3919 	4145
f 3919 	4146 	4145
f 3919 	3918 	4146
f 3918 	4147 	4146
f 3918 	3921 	4147
f 3921 	4148 	4147
f 3921 	3920 	4148
f 3920 	4149 	4148
f 3920 	3923 	4149
f 3923 	4150 	4149
f 3923 	3922 	4150
f 3922 	4151 	4150
f 3922 	3925 	4151
f 3925 	4152 	4151
f 3925 	3924 	4152
f 3924 	4153 	4152
f 3924 	3927 	4153
f 3927 	4154 	4153
f 3927 	3926 	4154
f 3926 	4155 	4154
f 3926 	3929 	4155
f 3929 	4156 	4155
f 3929 	3928 	4156
f 3928 	4157 	4156
f 3928 	3931 	4157
f 3931 	4158 	4157
f 3931 	3930 	4158
f 3930 	4159 	4158
f 3930 	3933 	4159
f 3933 	4160 	4159
f 3933 	3932 	4160
f 3932 	4161 	4160
f 3932 	3935 	4161
f 3935 	4162 	4161
f 3935 	3934 	4162
f 3934 	4163 	4162
f 3934 	3937 	4163
f 3937 	4164 	4163
f 3937 	3936 	4164
f 3936 	4165 	4164
f 3936 	3939 	4165
f 3939 	4166 	4165
f 3939 	3938 	4166
f 3938 	4167 	4166
f 3938 	3941 	4167
f 3941 	4168 	4167
f 3941 	3940 	4168
f 3940 	4169 	4168
f 3940 	3943 	4169
f 3943 	4170 	4169
f 3943 	3942 	4170
f 3942 	4171 	4170
f 3942 	3945 	4171
f 3945 	4172 	4171
f 3945 	3944 	4172
f 3944 	4173 	4172
f 3944 	3947 	4173
f 3947 	4174 	4173
f 3947 	3946 	4174
f 3946 	4175 	4174
f 3946 	3949 	4175
f 3949 	4176 	4175
f 3949 	3948 	4176
f 3948 	4177 	4176
f 3948 	3951 	4177
f 3951 	4178 	4177
f 3951 	3950 	4178
f 3950 	4179 	4178
f 3950 	3953 	4179
f 3953 	4180 	4179
f 3953 	3952 	4180
f 3952 	4181 	4180
f 3952 	3955 	4181
f 3955 	4182 	4181
f 3955 	3954 	4182
f 3954 	4183 	4182
f 3954 	3957 	4183
f 3957 	4184 	4183
f 3957 	3956 	4184
f 3956 	4185 	4184
f 3956 	3959 	4185
f 3959 	4186 	4185
f 3959 	3958 	4186
f 3958 	4187 	4186
f 3958 	3961 	4187
f 3961 	4188 	4187
f 3961 	3960 	4188
f 3960 	4189 	4188
f 3960 	3963 	4189
f 3963 	4190 	4189
f 3963 	3962 	4190
f 3962 	4191 	4190
f 3962 	3965 	4191
f 3965 	4192 	4191
f 3965 	3964 	4192
f 3964 	4193 	4192
f 3964 	3967 	4193
f 3967 	4194 	4193
f 3967 	3966 	4194
f 3966 	4195 	4194
f 3966 	3969 	4195
f 3969 	4196 	4195
f 3969 	3968 	4196
f 3968 	4197 	4196
f 3968 	3971 	4197
f 3971 	4198 	4197
f 3971 	3970 	4198
f 3970 	4199 	4198
f 3970 	3973 	4199
f 3973 	4200 	4199
f 3973 	3972 	4200
f 3972 	4201 	4200
f 3972 	3975 	4201
f 3975 	4202 	4201
f 3975 	3974 	4202
f 3974 	4203 	4202
f 3974 	3977 	4203
f 3977 	4204 	4203
f 3977 	3976 	4204
f 3976 	4205 	4204
f 3976 	3979 	4205
f 3979 	4206 	4205
f 3979 	3978 	4206
f 3978 	4207 	4206
f 3978 	3981 	4207
f 3981 	4208 	4207
f 3981 	3980 	4208
f 3980 	4209 	4208
f 3980 	3983 	4209
f 3983 	4210 	4209
f 3983 	3982 	4210
f 3982 	4211 	4210
f 3982 	3985 	4211
f 3985 	4212 	4211
f 3985 	3984 	4212
f 3984 	4213 	4212
f 3984 	3987 	4213
f 3987 	4214 	4213
f 3987 	3986 	4214
f 3986 	4215 	4214
f 3986 	3989 	4215
f 3989 	4216 	4215
f 3989 	3988 	4216
f 3988 	4217 	4216
f 3988 	3991 	4217
f 3991 	4218 	4217
f 3991 	3990 	4218
f 3990 	4219 	4218
f 3990 	3993 	4219
f 3993 	4220 	4219
f 3993 	3992 	4220
f 3992 	4221 	4220
f 3992 	3995 	4221
f 3995 	4222 	4221
f 3995 	3994 	4222
f 3994 	4223 	4222
f 3994 	3997 	4223
f 3997 	4224 	4223
f 3997 	3996 	4224
f 3996 	4225 	4224
f 3996 	3999 	4225
f 3999 	4226 	4225
f 3999 	3998 	4226
f 3998 	4227 	4226
f 3998 	4001 	4227
f 4001 	4228 	4227
f 4001 	4000 	4228
f 4000 	4229 	4228
f 4000 	4003 	4229
f 4003 	4230 	4229
f 4003 	4002 	4230
f 4002 	4231 	4230
f 4002 	4005 	4231
f 4005 	4232 	4231
f 4005 	4004 	4232
f 4004 	4233 	4232
f 4004 	4007 	4233
f 4007 	4234 	4233
f 4007 	4006 	4234
f 4006 	4235 	4234
f 4006 	4009 	4235
f 4009 	4236 	4235
f 4009 	4008 	4236
f 4008 	4237 	4236
f 4008 	4011 	4237
f 4011 	4238 	4237
f 4011 	4010 	4238
f 4010 	4239 	4238
f 4010 	4013 	4239
f 4013 	4240 	4239
f 4013 	4012 	4240
f 4012 	4241 	4240
f 4012 	4015 	4241
f 4015 	4242 	4241
f 4015 	4014 	4242
f 4014 	4243 	4242
f 4014 	4017 	4243
f 4017 	4244 	4243
f 4017 	4016 	4244
f 4016 	4245 	4244
f 4016 	4019 	4245
f 4019 	4246 	4245
f 4019 	4018 	4246
f 4018 	4247 	4246
f 4018 	4021 	4247
f 4021 	4248 	4247
f 4021 	4020 	4248
f 4020 	4249 	4248
f 4020 	4023 	4249
f 4023 	4250 	4249
f 4023 	4022 	4250
f 4022 	4251 	4250
f 4022 	4025 	4251
f 4025 	4252 	4251
f 4025 	4024 	4252
f 4024 	4253 	4252
f 4024 	4027 	4253
f 4027 	4254 	4253
f 4027 	4026 	4254
f 4026 	4255 	4254
f 4026 	4029 	4255
f 4029 	4256 	4255
f 4029 	4028 	4256
f 4028 	4257 	4256
f 4028 	4031 	4257
f 4031 	4258 	4257
f 4031 	4030 	4258
f 4030 	4259 	4258
f 4030 	4033 	4259
f 4033 	4260 	4259
f 4033 	4032 	4260
f 4032 	4261 	4260
f 4032 	4036 	4261
f 4036 	4262 	4261
f 4036 	4035 	4262
f 4035 	4263 	4262
f 4035 	4034 	4263
f 4034 	4264 	4263
f 4034 	4038 	4264
f 4038 	4265 	4264
f 4038 	4037 	4265
f 4037 	4266 	4265
f 4037 	4040 	4266
f 4040 	4267 	4266
f 4040 	4039 	4267
f 4039 	4268 	4267
f 4039 	4043 	4268
f 4043 	4271 	4268
f 4043 	4045 	4271
f 4045 	4273 	4271
f 4045 	4047 	4273
f 4047 	4275 	4273
f 4047 	4049 	4275
f 4049 	4277 	4275
f 4049 	4051 	4277
f 4051 	4279 	4277
f 4051 	4053 	4279
f 4053 	4281 	4279
f 4053 	4054 	4281
f 4054 	4282 	4281
f 4054 	4057 	4282
f 4057 	4285 	4282
f 4057 	4059 	4285
f 4059 	4287 	4285
f 4059 	4061 	4287
f 4061 	4289 	4287
f 4061 	4063 	4289
f 4063 	4291 	4289
f 4063 	4065 	4291
f 4065 	4293 	4291
f 4065 	4067 	4293
f 4067 	4295 	4293
f 4067 	4069 	4295
f 4069 	4297 	4295
f 4069 	4071 	4297
f 4071 	4299 	4297
f 4071 	4073 	4299
f 4073 	4301 	4299
f 4073 	4075 	4301
f 4075 	4303 	4301
f 4075 	4077 	4303
f 4077 	4305 	4303
f 4077 	4079 	4305
f 4079 	4307 	4305
f 4079 	4081 	4307
f 4081 	4309 	4307
f 4081 	4083 	4309
f 4083 	4311 	4309
f 4083 	4085 	4311
f 4085 	4313 	4311
f 4085 	4087 	4313
f 4087 	4315 	4313
f 4087 	4088 	4315
f 4088 	4316 	4315
f 4088 	4090 	4316
f 4090 	4318 	4316
f 4363 	4364 	4365
f 4366 	4367 	4368
f 4369 	4370 	4366
f 4371 	4372 	4373
f 4374 	4375 	4376
f 4377 	4378 	4374
f 4379 	4380 	4381
f 4382 	4383 	4379
f 4384 	4385 	4382
f 4386 	4387 	4384
f 4388 	4389 	4386
f 4390 	4391 	4388
f 4392 	4393 	4390
f 4394 	4395 	4392
f 4396 	4397 	4394
f 4398 	4399 	4396
f 4400 	4401 	4398
f 4402 	4403 	4400
f 4404 	4405 	4402
f 4406 	4407 	4404
f 4408 	4409 	4406
f 4410 	4411 	4408
f 4412 	4413 	4410
f 4414 	4415 	4412
f 4416 	4417 	4414
f 4418 	4419 	4416
f 4420 	4421 	4422
f 4423 	4424 	4425
f 4426 	4427 	4423
f 4366 	4368 	4428
f 4429 	4369 	4366
f 4374 	4376 	4430
f 4431 	4377 	4374
f 4382 	4379 	4381
f 4386 	4384 	4382
f 4390 	4388 	4386
f 4394 	4392 	4390
f 4398 	4396 	4394
f 4402 	4400 	4398
f 4406 	4404 	4402
f 4410 	4408 	4406
f 4414 	4412 	4410
f 4418 	4416 	4414
f 4423 	4425 	4432
f 4433 	4426 	4423
f 4366 	4428 	4434
f 4435 	4429 	4366
f 4374 	4430 	4436
f 4437 	4431 	4374
f 4386 	4382 	4381
f 4394 	4390 	4386
f 4402 	4398 	4394
f 4410 	4406 	4402
f 4418 	4414 	4410
f 4423 	4432 	4438
f 4439 	4433 	4423
f 4366 	4434 	4440
f 4441 	4435 	4366
f 4374 	4436 	4442
f 4443 	4437 	4374
f 4394 	4386 	4381
f 4410 	4402 	4394
f 4444 	4418 	4410
f 4423 	4438 	4445
f 4446 	4439 	4423
f 4366 	4440 	4447
f 4448 	4441 	4366
f 4374 	4442 	4449
f 4450 	4443 	4374
f 4410 	4394 	4381
f 4451 	4444 	4410
f 4423 	4445 	4452
f 4453 	4446 	4423
f 4366 	4447 	4363
f 4454 	4448 	4366
f 4374 	4449 	4455
f 4456 	4450 	4374
f 4457 	4451 	4410
f 4423 	4452 	4458
f 4459 	4453 	4423
f 4366 	4363 	4365
f 4373 	4454 	4366
f 4374 	4455 	4460
f 4461 	4456 	4374
f 4462 	4457 	4410
f 4423 	4458 	4463
f 4464 	4459 	4423
f 4366 	4365 	4465
f 4371 	4373 	4366
f 4374 	4460 	4466
f 4467 	4461 	4374
f 4468 	4462 	4410
f 4423 	4463 	4469
f 4470 	4464 	4423
f 4366 	4465 	4471
f 4472 	4371 	4366
f 4374 	4466 	4473
f 4474 	4467 	4374
f 4475 	4468 	4410
f 4423 	4469 	4476
f 4477 	4470 	4423
f 4366 	4471 	4478
f 4479 	4472 	4366
f 4374 	4473 	4480
f 4481 	4474 	4374
f 4482 	4475 	4410
f 4423 	4476 	4483
f 4484 	4477 	4423
f 4366 	4478 	4485
f 4486 	4479 	4366
f 4374 	4480 	4487
f 4488 	4481 	4374
f 4489 	4482 	4410
f 4423 	4483 	4490
f 4491 	4484 	4423
f 4486 	4366 	4485
f 4374 	4487 	4492
f 4493 	4488 	4374
f 4494 	4489 	4410
f 4423 	4490 	4495
f 4496 	4491 	4423
f 4486 	4485 	4497
f 4374 	4492 	4498
f 4499 	4493 	4374
f 4500 	4494 	4410
f 4423 	4495 	4501
f 4502 	4496 	4423
f 4486 	4497 	4503
f 4499 	4374 	4498
f 4504 	4500 	4410
f 4423 	4501 	4505
f 4506 	4502 	4423
f 4486 	4503 	4507
f 4499 	4498 	4508
f 4509 	4504 	4410
f 4423 	4505 	4510
f 4511 	4506 	4423
f 4486 	4507 	4512
f 4499 	4508 	4513
f 4514 	4509 	4410
f 4423 	4510 	4515
f 4516 	4511 	4423
f 4486 	4512 	4517
f 4499 	4513 	4518
f 4514 	4410 	4381
f 4423 	4515 	4519
f 4520 	4516 	4423
f 4486 	4517 	4521
f 4499 	4518 	4522
f 4523 	4514 	4381
f 4423 	4519 	4524
f 4525 	4520 	4423
f 4486 	4521 	4526
f 4499 	4522 	4527
f 4528 	4523 	4381
f 4423 	4524 	4529
f 4530 	4525 	4423
f 4486 	4526 	4531
f 4499 	4527 	4532
f 4533 	4528 	4381
f 4530 	4423 	4529
f 4486 	4531 	4534
f 4499 	4532 	4535
f 4536 	4533 	4381
f 4530 	4529 	4537
f 4486 	4534 	4538
f 4499 	4535 	4539
f 4540 	4536 	4381
f 4530 	4537 	4541
f 4486 	4538 	4542
f 4499 	4539 	4543
f 4544 	4540 	4381
f 4530 	4541 	4545
f 4486 	4542 	4546
f 4499 	4543 	4547
f 4548 	4544 	4381
f 4530 	4545 	4420
f 4486 	4546 	4549
f 4499 	4547 	4550
f 4551 	4548 	4381
f 4552 	4530 	4420
f 4553 	4486 	4549
f 4499 	4550 	4554
f 4555 	4551 	4381
f 4552 	4420 	4422
f 4556 	4553 	4549
f 4557 	4499 	4554
f 4558 	4555 	4381
f 4559 	4552 	4422
f 4560 	4556 	4549
f 4561 	4557 	4554
f 4562 	4558 	4381
f 4563 	4559 	4422
f 4564 	4560 	4549
f 4565 	4561 	4554
f 4422 	4562 	4381
f 4566 	4563 	4422
f 4567 	4564 	4549
f 4568 	4565 	4554
f 4422 	4381 	4569
f 4570 	4566 	4422
f 4567 	4549 	4571
f 4572 	4568 	4554
f 4573 	4570 	4422
f 4574 	4567 	4571
f 4575 	4572 	4554
f 4576 	4573 	4422
f 4577 	4574 	4571
f 4578 	4575 	4554
f 4579 	4576 	4422
f 4580 	4577 	4571
f 4578 	4554 	4581
f 4582 	4579 	4422
f 4583 	4580 	4571
f 4578 	4581 	4584
f 4582 	4422 	4569
f 4585 	4583 	4571
f 4578 	4584 	4586
f 4587 	4582 	4569
f 4588 	4585 	4571
f 4578 	4586 	4588
f 4589 	4587 	4569
f 4590 	4578 	4588
f 4591 	4589 	4569
f 4592 	4590 	4588
f 4593 	4591 	4569
f 4594 	4592 	4588
f 4595 	4593 	4569
f 4596 	4594 	4588
f 4597 	4595 	4569
f 4598 	4596 	4588
f 4599 	4597 	4569
f 4600 	4598 	4588
f 4601 	4599 	4569
f 4569 	4600 	4588
f 4602 	4601 	4569
f 4569 	4588 	4571
f 4571 	4602 	4569
f 4603 	4604 	4605
f 4606 	4607 	4608
f 4608 	4609 	4610
f 4611 	4612 	4613
f 4614 	4615 	4616
f 4616 	4617 	4618
f 4619 	4620 	4621
f 4621 	4622 	4623
f 4623 	4624 	4625
f 4625 	4626 	4627
f 4627 	4628 	4629
f 4629 	4630 	4631
f 4631 	4632 	4633
f 4633 	4634 	4635
f 4635 	4636 	4637
f 4637 	4638 	4639
f 4639 	4640 	4641
f 4641 	4642 	4643
f 4643 	4644 	4645
f 4645 	4646 	4647
f 4647 	4648 	4649
f 4649 	4650 	4651
f 4651 	4652 	4653
f 4653 	4654 	4655
f 4655 	4656 	4657
f 4657 	4658 	4659
f 4660 	4661 	4662
f 4663 	4664 	4665
f 4665 	4666 	4667
f 4668 	4606 	4608
f 4608 	4610 	4669
f 4670 	4614 	4616
f 4616 	4618 	4671
f 4619 	4621 	4623
f 4623 	4625 	4627
f 4627 	4629 	4631
f 4631 	4633 	4635
f 4635 	4637 	4639
f 4639 	4641 	4643
f 4643 	4645 	4647
f 4647 	4649 	4651
f 4651 	4653 	4655
f 4655 	4657 	4659
f 4672 	4663 	4665
f 4665 	4667 	4673
f 4674 	4668 	4608
f 4608 	4669 	4675
f 4676 	4670 	4616
f 4616 	4671 	4677
f 4619 	4623 	4627
f 4627 	4631 	4635
f 4635 	4639 	4643
f 4643 	4647 	4651
f 4651 	4655 	4659
f 4678 	4672 	4665
f 4665 	4673 	4679
f 4680 	4674 	4608
f 4608 	4675 	4681
f 4682 	4676 	4616
f 4616 	4677 	4683
f 4619 	4627 	4635
f 4635 	4643 	4651
f 4651 	4659 	4684
f 4685 	4678 	4665
f 4665 	4679 	4686
f 4687 	4680 	4608
f 4608 	4681 	4688
f 4689 	4682 	4616
f 4616 	4683 	4690
f 4619 	4635 	4651
f 4651 	4684 	4691
f 4692 	4685 	4665
f 4665 	4686 	4693
f 4605 	4687 	4608
f 4608 	4688 	4694
f 4695 	4689 	4616
f 4616 	4690 	4696
f 4651 	4691 	4697
f 4698 	4692 	4665
f 4665 	4693 	4699
f 4603 	4605 	4608
f 4608 	4694 	4611
f 4700 	4695 	4616
f 4616 	4696 	4701
f 4651 	4697 	4702
f 4703 	4698 	4665
f 4665 	4699 	4704
f 4705 	4603 	4608
f 4608 	4611 	4613
f 4706 	4700 	4616
f 4616 	4701 	4707
f 4651 	4702 	4708
f 4709 	4703 	4665
f 4665 	4704 	4710
f 4711 	4705 	4608
f 4608 	4613 	4712
f 4713 	4706 	4616
f 4616 	4707 	4714
f 4651 	4708 	4715
f 4716 	4709 	4665
f 4665 	4710 	4717
f 4718 	4711 	4608
f 4608 	4712 	4719
f 4720 	4713 	4616
f 4616 	4714 	4721
f 4651 	4715 	4722
f 4723 	4716 	4665
f 4665 	4717 	4724
f 4725 	4718 	4608
f 4608 	4719 	4726
f 4727 	4720 	4616
f 4616 	4721 	4728
f 4651 	4722 	4729
f 4730 	4723 	4665
f 4665 	4724 	4731
f 4725 	4608 	4726
f 4732 	4727 	4616
f 4616 	4728 	4733
f 4651 	4729 	4734
f 4735 	4730 	4665
f 4665 	4731 	4736
f 4737 	4725 	4726
f 4738 	4732 	4616
f 4616 	4733 	4739
f 4651 	4734 	4740
f 4741 	4735 	4665
f 4665 	4736 	4742
f 4743 	4737 	4726
f 4738 	4616 	4739
f 4651 	4740 	4744
f 4745 	4741 	4665
f 4665 	4742 	4746
f 4747 	4743 	4726
f 4748 	4738 	4739
f 4651 	4744 	4749
f 4750 	4745 	4665
f 4665 	4746 	4751
f 4752 	4747 	4726
f 4753 	4748 	4739
f 4651 	4749 	4754
f 4755 	4750 	4665
f 4665 	4751 	4756
f 4757 	4752 	4726
f 4758 	4753 	4739
f 4619 	4651 	4754
f 4759 	4755 	4665
f 4665 	4756 	4760
f 4761 	4757 	4726
f 4762 	4758 	4739
f 4619 	4754 	4763
f 4764 	4759 	4665
f 4665 	4760 	4765
f 4766 	4761 	4726
f 4767 	4762 	4739
f 4619 	4763 	4768
f 4769 	4764 	4665
f 4665 	4765 	4770
f 4771 	4766 	4726
f 4772 	4767 	4739
f 4619 	4768 	4773
f 4769 	4665 	4770
f 4774 	4771 	4726
f 4775 	4772 	4739
f 4619 	4773 	4776
f 4777 	4769 	4770
f 4778 	4774 	4726
f 4779 	4775 	4739
f 4619 	4776 	4780
f 4781 	4777 	4770
f 4782 	4778 	4726
f 4783 	4779 	4739
f 4619 	4780 	4784
f 4785 	4781 	4770
f 4786 	4782 	4726
f 4787 	4783 	4739
f 4619 	4784 	4788
f 4662 	4785 	4770
f 4789 	4786 	4726
f 4790 	4787 	4739
f 4619 	4788 	4791
f 4662 	4770 	4792
f 4789 	4726 	4793
f 4794 	4790 	4739
f 4619 	4791 	4795
f 4660 	4662 	4792
f 4789 	4793 	4796
f 4794 	4739 	4797
f 4619 	4795 	4798
f 4660 	4792 	4799
f 4789 	4796 	4800
f 4794 	4797 	4801
f 4619 	4798 	4802
f 4660 	4799 	4803
f 4789 	4800 	4804
f 4794 	4801 	4805
f 4619 	4802 	4660
f 4660 	4803 	4806
f 4789 	4804 	4807
f 4794 	4805 	4808
f 4809 	4619 	4660
f 4660 	4806 	4810
f 4811 	4789 	4807
f 4794 	4808 	4812
f 4660 	4810 	4813
f 4811 	4807 	4814
f 4794 	4812 	4815
f 4660 	4813 	4816
f 4811 	4814 	4817
f 4794 	4815 	4818
f 4660 	4816 	4819
f 4811 	4817 	4820
f 4821 	4794 	4818
f 4660 	4819 	4822
f 4811 	4820 	4823
f 4824 	4821 	4818
f 4809 	4660 	4822
f 4811 	4823 	4825
f 4826 	4824 	4818
f 4809 	4822 	4827
f 4811 	4825 	4828
f 4828 	4826 	4818
f 4809 	4827 	4829
f 4828 	4818 	4830
f 4809 	4829 	4831
f 4828 	4830 	4832
f 4809 	4831 	4833
f 4828 	4832 	4834
f 4809 	4833 	4835
f 4828 	4834 	4836
f 4809 	4835 	4837
f 4828 	4836 	4838
f 4809 	4837 	4839
f 4828 	4838 	4840
f 4809 	4839 	4841
f 4828 	4840 	4809
f 4809 	4841 	4842
f 4811 	4828 	4809
f 4809 	4842 	4811
f 4571 	4549 	4811
f 4549 	4789 	4811
f 4549 	4546 	4789
f 4546 	4786 	4789
f 4546 	4542 	4786
f 4542 	4782 	4786
f 4542 	4538 	4782
f 4538 	4778 	4782
f 4538 	4534 	4778
f 4534 	4774 	4778
f 4534 	4531 	4774
f 4531 	4771 	4774
f 4531 	4526 	4771
f 4526 	4766 	4771
f 4526 	4521 	4766
f 4521 	4761 	4766
f 4521 	4517 	4761
f 4517 	4757 	4761
f 4517 	4512 	4757
f 4512 	4752 	4757
f 4512 	4507 	4752
f 4507 	4747 	4752
f 4507 	4503 	4747
f 4503 	4743 	4747
f 4503 	4497 	4743
f 4497 	4737 	4743
f 4497 	4485 	4737
f 4485 	4725 	4737
f 4485 	4478 	4725
f 4478 	4718 	4725
f 4478 	4471 	4718
f 4471 	4711 	4718
f 4471 	4465 	4711
f 4465 	4705 	4711
f 4465 	4365 	4705
f 4365 	4603 	4705
f 4365 	4364 	4603
f 4364 	4604 	4603
f 4364 	4363 	4604
f 4363 	4605 	4604
f 4363 	4447 	4605
f 4447 	4687 	4605
f 4447 	4440 	4687
f 4440 	4680 	4687
f 4440 	4434 	4680
f 4434 	4674 	4680
f 4434 	4428 	4674
f 4428 	4668 	4674
f 4428 	4368 	4668
f 4368 	4606 	4668
f 4368 	4367 	4606
f 4367 	4607 	4606
f 4367 	4366 	4607
f 4366 	4608 	4607
f 4366 	4370 	4608
f 4370 	4609 	4608
f 4370 	4369 	4609
f 4369 	4610 	4609
f 4369 	4429 	4610
f 4429 	4669 	4610
f 4429 	4435 	4669
f 4435 	4675 	4669
f 4435 	4441 	4675
f 4441 	4681 	4675
f 4441 	4448 	4681
f 4448 	4688 	4681
f 4448 	4454 	4688
f 4454 	4694 	4688
f 4454 	4373 	4694
f 4373 	4611 	4694
f 4373 	4372 	4611
f 4372 	4612 	4611
f 4372 	4371 	4612
f 4371 	4613 	4612
f 4371 	4472 	4613
f 4472 	4712 	4613
f 4472 	4479 	4712
f 4479 	4719 	4712
f 4479 	4486 	4719
f 4486 	4726 	4719
f 4486 	4553 	4726
f 4553 	4793 	4726
f 4553 	4556 	4793
f 4556 	4796 	4793
f 4556 	4560 	4796
f 4560 	4800 	4796
f 4560 	4564 	4800
f 4564 	4804 	4800
f 4564 	4567 	4804
f 4567 	4807 	4804
f 4567 	4574 	4807
f 4574 	4814 	4807
f 4574 	4577 	4814
f 4577 	4817 	4814
f 4577 	4580 	4817
f 4580 	4820 	4817
f 4580 	4583 	4820
f 4583 	4823 	4820
f 4583 	4585 	4823
f 4585 	4825 	4823
f 4585 	4588 	4825
f 4588 	4828 	4825
f 4588 	4586 	4828
f 4586 	4826 	4828
f 4586 	4584 	4826
f 4584 	4824 	4826
f 4584 	4581 	4824
f 4581 	4821 	4824
f 4581 	4554 	4821
f 4554 	4794 	4821
f 4554 	4550 	4794
f 4550 	4790 	4794
f 4550 	4547 	4790
f 4547 	4787 	4790
f 4547 	4543 	4787
f 4543 	4783 	4787
f 4543 	4539 	4783
f 4539 	4779 	4783
f 4539 	4535 	4779
f 4535 	4775 	4779
f 4535 	4532 	4775
f 4532 	4772 	4775
f 4532 	4527 	4772
f 4527 	4767 	4772
f 4527 	4522 	4767
f 4522 	4762 	4767
f 4522 	4518 	4762
f 4518 	4758 	4762
f 4518 	4513 	4758
f 4513 	4753 	4758
f 4513 	4508 	4753
f 4508 	4748 	4753
f 4508 	4498 	4748
f 4498 	4738 	4748
f 4498 	4492 	4738
f 4492 	4732 	4738
f 4492 	4487 	4732
f 4487 	4727 	4732
f 4487 	4480 	4727
f 4480 	4720 	4727
f 4480 	4473 	4720
f 4473 	4713 	4720
f 4473 	4466 	4713
f 4466 	4706 	4713
f 4466 	4460 	4706
f 4460 	4700 	4706
f 4460 	4455 	4700
f 4455 	4695 	4700
f 4455 	4449 	4695
f 4449 	4689 	4695
f 4449 	4442 	4689
f 4442 	4682 	4689
f 4442 	4436 	4682
f 4436 	4676 	4682
f 4436 	4430 	4676
f 4430 	4670 	4676
f 4430 	4376 	4670
f 4376 	4614 	4670
f 4376 	4375 	4614
f 4375 	4615 	4614
f 4375 	4374 	4615
f 4374 	4616 	4615
f 4374 	4378 	4616
f 4378 	4617 	4616
f 4378 	4377 	4617
f 4377 	4618 	4617
f 4377 	4431 	4618
f 4431 	4671 	4618
f 4431 	4437 	4671
f 4437 	4677 	4671
f 4437 	4443 	4677
f 4443 	4683 	4677
f 4443 	4450 	4683
f 4450 	4690 	4683
f 4450 	4456 	4690
f 4456 	4696 	4690
f 4456 	4461 	4696
f 4461 	4701 	4696
f 4461 	4467 	4701
f 4467 	4707 	4701
f 4467 	4474 	4707
f 4474 	4714 	4707
f 4474 	4481 	4714
f 4481 	4721 	4714
f 4481 	4488 	4721
f 4488 	4728 	4721
f 4488 	4493 	4728
f 4493 	4733 	4728
f 4493 	4499 	4733
f 4499 	4739 	4733
f 4499 	4557 	4739
f 4557 	4797 	4739
f 4557 	4561 	4797
f 4561 	4801 	4797
f 4561 	4565 	4801
f 4565 	4805 	4801
f 4565 	4568 	4805
f 4568 	4808 	4805
f 4568 	4572 	4808
f 4572 	4812 	4808
f 4572 	4575 	4812
f 4575 	4815 	4812
f 4575 	4578 	4815
f 4578 	4818 	4815
f 4578 	4590 	4818
f 4590 	4830 	4818
f 4590 	4592 	4830
f 4592 	4832 	4830
f 4592 	4594 	4832
f 4594 	4834 	4832
f 4594 	4596 	4834
f 4596 	4836 	4834
f 4596 	4598 	4836
f 4598 	4838 	4836
f 4598 	4600 	4838
f 4600 	4840 	4838
f 4600 	4569 	4840
f 4569 	4809 	4840
f 4569 	4381 	4809
f 4381 	4619 	4809
f 4381 	4380 	4619
f 4380 	4620 	4619
f 4380 	4379 	4620
f 4379 	4621 	4620
f 4379 	4383 	4621
f 4383 	4622 	4621
f 4383 	4382 	4622
f 4382 	4623 	4622
f 4382 	4385 	4623
f 4385 	4624 	4623
f 4385 	4384 	4624
f 4384 	4625 	4624
f 4384 	4387 	4625
f 4387 	4626 	4625
f 4387 	4386 	4626
f 4386 	4627 	4626
f 4386 	4389 	4627
f 4389 	4628 	4627
f 4389 	4388 	4628
f 4388 	4629 	4628
f 4388 	4391 	4629
f 4391 	4630 	4629
f 4391 	4390 	4630
f 4390 	4631 	4630
f 4390 	4393 	4631
f 4393 	4632 	4631
f 4393 	4392 	4632
f 4392 	4633 	4632
f 4392 	4395 	4633
f 4395 	4634 	4633
f 4395 	4394 	4634
f 4394 	4635 	4634
f 4394 	4397 	4635
f 4397 	4636 	4635
f 4397 	4396 	4636
f 4396 	4637 	4636
f 4396 	4399 	4637
f 4399 	4638 	4637
f 4399 	4398 	4638
f 4398 	4639 	4638
f 4398 	4401 	4639
f 4401 	4640 	4639
f 4401 	4400 	4640
f 4400 	4641 	4640
f 4400 	4403 	4641
f 4403 	4642 	4641
f 4403 	4402 	4642
f 4402 	4643 	4642
f 4402 	4405 	4643
f 4405 	4644 	4643
f 4405 	4404 	4644
f 4404 	4645 	4644
f 4404 	4407 	4645
f 4407 	4646 	4645
f 4407 	4406 	4646
f 4406 	4647 	4646
f 4406 	4409 	4647
f 4409 	4648 	4647
f 4409 	4408 	4648
f 4408 	4649 	4648
f 4408 	4411 	4649
f 4411 	4650 	4649
f 4411 	4410 	4650
f 4410 	4651 	4650
f 4410 	4413 	4651
f 4413 	4652 	4651
f 4413 	4412 	4652
f 4412 	4653 	4652
f 4412 	4415 	4653
f 4415 	4654 	4653
f 4415 	4414 	4654
f 4414 	4655 	4654
f 4414 	4417 	4655
f 4417 	4656 	4655
f 4417 	4416 	4656
f 4416 	4657 	4656
f 4416 	4419 	4657
f 4419 	4658 	4657
f 4419 	4418 	4658
f 4418 	4659 	4658
f 4418 	4444 	4659
f 4444 	4684 	4659
f 4444 	4451 	4684
f 4451 	4691 	4684
f 4451 	4457 	4691
f 4457 	4697 	4691
f 4457 	4462 	4697
f 4462 	4702 	4697
f 4462 	4468 	4702
f 4468 	4708 	4702
f 4468 	4475 	4708
f 4475 	4715 	4708
f 4475 	4482 	4715
f 4482 	4722 	4715
f 4482 	4489 	4722
f 4489 	4729 	4722
f 4489 	4494 	4729
f 4494 	4734 	4729
f 4494 	4500 	4734
f 4500 	4740 	4734
f 4500 	4504 	4740
f 4504 	4744 	4740
f 4504 	4509 	4744
f 4509 	4749 	4744
f 4509 	4514 	4749
f 4514 	4754 	4749
f 4514 	4523 	4754
f 4523 	4763 	4754
f 4523 	4528 	4763
f 4528 	4768 	4763
f 4528 	4533 	4768
f 4533 	4773 	4768
f 4533 	4536 	4773
f 4536 	4776 	4773
f 4536 	4540 	4776
f 4540 	4780 	4776
f 4540 	4544 	4780
f 4544 	4784 	4780
f 4544 	4548 	4784
f 4548 	4788 	4784
f 4548 	4551 	4788
f 4551 	4791 	4788
f 4551 	4555 	4791
f 4555 	4795 	4791
f 4555 	4558 	4795
f 4558 	4798 	4795
f 4558 	4562 	4798
f 4562 	4802 	4798
f 4562 	4422 	4802
f 4422 	4660 	4802
f 4422 	4421 	4660
f 4421 	4661 	4660
f 4421 	4420 	4661
f 4420 	4662 	4661
f 4420 	4545 	4662
f 4545 	4785 	4662
f 4545 	4541 	4785
f 4541 	4781 	4785
f 4541 	4537 	4781
f 4537 	4777 	4781
f 4537 	4529 	4777
f 4529 	4769 	4777
f 4529 	4524 	4769
f 4524 	4764 	4769
f 4524 	4519 	4764
f 4519 	4759 	4764
f 4519 	4515 	4759
f 4515 	4755 	4759
f 4515 	4510 	4755
f 4510 	4750 	4755
f 4510 	4505 	4750
f 4505 	4745 	4750
f 4505 	4501 	4745
f 4501 	4741 	4745
f 4501 	4495 	4741
f 4495 	4735 	4741
f 4495 	4490 	4735
f 4490 	4730 	4735
f 4490 	4483 	4730
f 4483 	4723 	4730
f 4483 	4476 	4723
f 4476 	4716 	4723
f 4476 	4469 	4716
f 4469 	4709 	4716
f 4469 	4463 	4709
f 4463 	4703 	4709
f 4463 	4458 	4703
f 4458 	4698 	4703
f 4458 	4452 	4698
f 4452 	4692 	4698
f 4452 	4445 	4692
f 4445 	4685 	4692
f 4445 	4438 	4685
f 4438 	4678 	4685
f 4438 	4432 	4678
f 4432 	4672 	4678
f 4432 	4425 	4672
f 4425 	4663 	4672
f 4425 	4424 	4663
f 4424 	4664 	4663
f 4424 	4423 	4664
f 4423 	4665 	4664
f 4423 	4427 	4665
f 4427 	4666 	4665
f 4427 	4426 	4666
f 4426 	4667 	4666
f 4426 	4433 	4667
f 4433 	4673 	4667
f 4433 	4439 	4673
f 4439 	4679 	4673
f 4439 	4446 	4679
f 4446 	4686 	4679
f 4446 	4453 	4686
f 4453 	4693 	4686
f 4453 	4459 	4693
f 4459 	4699 	4693
f 4459 	4464 	4699
f 4464 	4704 	4699
f 4464 	4470 	4704
f 4470 	4710 	4704
f 4470 	4477 	4710
f 4477 	4717 	4710
f 4477 	4484 	4717
f 4484 	4724 	4717
f 4484 	4491 	4724
f 4491 	4731 	4724
f 4491 	4496 	4731
f 4496 	4736 	4731
f 4496 	4502 	4736
f 4502 	4742 	4736
f 4502 	4506 	4742
f 4506 	4746 	4742
f 4506 	4511 	4746
f 4511 	4751 	4746
f 4511 	4516 	4751
f 4516 	4756 	4751
f 4516 	4520 	4756
f 4520 	4760 	4756
f 4520 	4525 	4760
f 4525 	4765 	4760
f 4525 	4530 	4765
f 4530 	4770 	4765
f 4530 	4552 	4770
f 4552 	4792 	4770
f 4552 	4559 	4792
f 4559 	4799 	4792
f 4559 	4563 	4799
f 4563 	4803 	4799
f 4563 	4566 	4803
f 4566 	4806 	4803
f 4566 	4570 	4806
f 4570 	4810 	4806
f 4570 	4573 	4810
f 4573 	4813 	4810
f 4573 	4576 	4813
f 4576 	4816 	4813
f 4576 	4579 	4816
f 4579 	4819 	4816
f 4579 	4582 	4819
f 4582 	4822 	4819
f 4582 	4587 	4822
f 4587 	4827 	4822
f 4587 	4589 	4827
f 4589 	4829 	4827
f 4589 	4591 	4829
f 4591 	4831 	4829
f 4591 	4593 	4831
f 4593 	4833 	4831
f 4593 	4595 	4833
f 4595 	4835 	4833
f 4595 	4597 	4835
f 4597 	4837 	4835
f 4597 	4599 	4837
f 4599 	4839 	4837
f 4599 	4601 	4839
f 4601 	4841 	4839
f 4601 	4602 	4841
f 4602 	4842 	4841
f 4602 	4571 	4842
f 4571 	4811 	4842
# 3536 faces

 #end of obj_6

o obj_7
v -31.072 		-7.6777 		4
v -31.0847 		-7.6681 		4
v -31.0974 		-7.6581 		4
v -30.585 		-7.7898 		4
v -30.9277 		-7.8836 		4
v -31.0214 		-7.734 		4
v -31.6906 		-6.6663 		4
v -31.3479 		-6.5725 		4
v -31.5713 		-6.9018 		4
v -31.5727 		-6.8895 		4
v -31.5739 		-6.8768 		4
v -36 		-7.846 		4
v -35.6526 		-7.7509 		4
v -35.5604 		-7.898 		4
v -34.8897 		-8.9683 		4
v -35.2371 		-9.0634 		4
v -34.4819 		-9.2172 		4
v -34.4549 		-9.1969 		4
v -33.2547 		-8.3127 		4
v -34.5328 		-9.2569 		4
v -34.5079 		-9.2372 		4
v -34.5796 		-9.2954 		4
v -34.5567 		-9.2763 		4
v -34.6215 		-9.3338 		4
v -34.6014 		-9.3143 		4
v -34.6581 		-9.3729 		4
v -34.6404 		-9.3534 		4
v -34.6899 		-9.412 		4
v -34.6746 		-9.3924 		4
v -34.7167 		-9.4513 		4
v -34.7039 		-9.4315 		4
v -34.7383 		-9.4929 		4
v -34.7281 		-9.4718 		4
v -34.7546 		-9.537 		4
v -34.7471 		-9.5146 		4
v -34.7645 		-9.5826 		4
v -34.7609 		-9.56 		4
v -34.7669 		-9.6315 		4
v -34.7666 		-9.6065 		4
v -34.7626 		-9.6851 		4
v -34.7656 		-9.6577 		4
v -34.7521 		-9.7426 		4
v -34.758 		-9.7137 		4
v -34.7345 		-9.8039 		4
v -34.7443 		-9.7727 		4
v -34.7092 		-9.8696 		4
v -34.7228 		-9.8362 		4
v -34.6762 		-9.94 		4
v -34.6937 		-9.9041 		4
v -34.6355 		-10.0167 		4
v -34.6568 		-9.9775 		4
v -34.5871 		-10.0998 		4
v -34.6123 		-10.0575 		4
v -34.4423 		-10.3315 		4
v -34.56 		-10.1438 		4
v -34.1029 		-10.2237 		4
v -34.095 		-10.2364 		4
v -31.0249 		-8.7125 		4
v -31.0792 		-8.7036 		4
v -32.3184 		-8.4991 		4
v -29.8507 		-8.9615 		4
v -30.1886 		-9.0541 		4
v -30.205 		-9.0302 		4
v -30.7863 		-8.1005 		4
v -30.4483 		-8.0079 		4
v -31.0298 		-7.7216 		4
v -31.5984 		-6.8134 		4
v -35.5523 		-7.9105 		4
v -34.9835 		-8.8187 		4
v -30.2234 		-9.0075 		4
v -30.7663 		-8.1346 		4
v -31.0391 		-7.7098 		4
v -31.5911 		-6.826 		4
v -35.5438 		-7.9226 		4
v -34.9909 		-8.806 		4
v -30.2437 		-8.9859 		4
v -30.7507 		-8.166 		4
v -31.0492 		-7.6985 		4
v -31.585 		-6.8387 		4
v -35.535 		-7.9342 		4
v -34.9974 		-8.7934 		4
v -34.1143 		-10.2043 		4
v -30.2661 		-8.9657 		4
v -30.7396 		-8.1947 		4
v -31.0602 		-7.6878 		4
v -31.5801 		-6.8514 		4
v -35.5259 		-7.9454 		4
v -35.003 		-8.7809 		4
v -34.1241 		-10.185 		4
v -30.2904 		-8.9466 		4
v -30.733 		-8.2206 		4
v -31.5764 		-6.8641 		4
v -35.5164 		-7.9561 		4
v -35.0076 		-8.7685 		4
v -34.1324 		-10.1657 		4
v -30.3167 		-8.9287 		4
v -30.7308 		-8.2438 		4
v -35.5065 		-7.9665 		4
v -35.0112 		-8.7561 		4
v -34.1391 		-10.1465 		4
v -30.3454 		-8.9109 		4
v -30.7332 		-8.2642 		4
v -31.1112 		-7.6493 		4
v -35.4944 		-7.9758 		4
v -35.0139 		-8.7438 		4
v -34.1442 		-10.1273 		4
v -30.3757 		-8.894 		4
v -30.7408 		-8.2817 		4
v -31.1261 		-7.6416 		4
v -31.5714 		-6.9139 		4
v -35.4813 		-7.9843 		4
v -35.0156 		-8.7308 		4
v -34.1478 		-10.1082 		4
v -30.4077 		-8.8778 		4
v -30.7536 		-8.2979 		4
v -31.1422 		-7.635 		4
v -31.5732 		-6.926 		4
v -35.4671 		-7.9921 		4
v -35.0153 		-8.7181 		4
v -34.1495 		-10.089 		4
v -30.4413 		-8.8624 		4
v -30.7716 		-8.3126 		4
v -31.1593 		-7.6295 		4
v -31.5765 		-6.9381 		4
v -35.4519 		-7.9991 		4
v -35.013 		-8.7057 		4
v -34.149 		-10.0693 		4
v -30.4766 		-8.8478 		4
v -30.7947 		-8.3259 		4
v -35.4356 		-8.0053 		4
v -35.0087 		-8.6935 		4
v -34.1463 		-10.0492 		4
v -30.5136 		-8.834 		4
v -30.8229 		-8.3379 		4
v -31.1776 		-7.6252 		4
v -35.4183 		-8.0107 		4
v -35.0024 		-8.6817 		4
v -34.1415 		-10.0286 		4
v -30.554 		-8.8205 		4
v -30.8564 		-8.3484 		4
v -31.1993 		-7.6216 		4
v -34.1345 		-10.0076 		4
v -30.5955 		-8.8076 		4
v -30.8786 		-8.3542 		4
v -31.2224 		-7.619 		4
v -35.3983 		-8.0147 		4
v -34.1253 		-9.9862 		4
v -30.6382 		-8.7953 		4
v -30.9014 		-8.3595 		4
v -31.2471 		-7.6175 		4
v -35.3768 		-8.0175 		4
v -34.1139 		-9.9644 		4
v -30.682 		-8.7837 		4
v -30.9248 		-8.3642 		4
v -31.2732 		-7.617 		4
v -35.354 		-8.0191 		4
v -30.7269 		-8.7727 		4
v -30.9489 		-8.3685 		4
v -31.3007 		-7.6177 		4
v -35.3297 		-8.0194 		4
v -34.1004 		-9.9421 		4
v -30.7729 		-8.7624 		4
v -30.9736 		-8.3723 		4
v -31.3298 		-7.6193 		4
v -35.3041 		-8.0186 		4
v -34.0847 		-9.9194 		4
v -30.8207 		-8.7517 		4
v -30.9988 		-8.3756 		4
v -31.362 		-7.6236 		4
v -35.2771 		-8.0166 		4
v -34.0668 		-9.8962 		4
v -31.3968 		-7.6294 		4
v -35.2463 		-8.0136 		4
v -34.0467 		-9.8727 		4
v -30.8698 		-8.7414 		4
v -31.4343 		-7.6368 		4
v -35.2134 		-8.0091 		4
v -34.0245 		-9.8487 		4
v -30.9202 		-8.7314 		4
v -31.4746 		-7.6458 		4
v -35.1785 		-8.0029 		4
v -33.9989 		-9.8227 		4
v -30.9719 		-8.7218 		4
v -31.5175 		-7.6563 		4
v -35.1414 		-7.9953 		4
v -33.9707 		-9.796 		4
v -31.5631 		-7.6683 		4
v -35.1023 		-7.986 		4
v -33.9401 		-9.7684 		4
v -31.0249 		-8.3783 		4
v -31.5813 		-6.9501 		4
v -35.0611 		-7.9753 		4
v -33.9069 		-9.7399 		4
v -31.5878 		-6.962 		4
v -34.9941 		-8.6701 		4
v -33.8712 		-9.7105 		4
v -31.052 		-8.3805 		4
v -31.5978 		-6.9742 		4
v -34.9827 		-8.6573 		4
v -33.833 		-9.6804 		4
v -31.08 		-8.3822 		4
v -31.6104 		-6.9863 		4
v -34.969 		-8.6447 		4
v -31.1089 		-8.3833 		4
v -31.6255 		-6.9983 		4
v -34.9533 		-8.6321 		4
v -33.5769 		-8.2197 		4
v -31.1388 		-8.3838 		4
v -33.084 		-8.0847 		4
v -34.9353 		-8.6196 		4
v -31.1697 		-8.3837 		4
v -31.6431 		-7.0102 		4
v -34.9151 		-8.6072 		4
v -31.2003 		-8.3827 		4
v -31.6633 		-7.0219 		4
v -34.8928 		-8.5948 		4
v -31.2325 		-8.3811 		4
v -31.686 		-7.0334 		4
v -31.883 		-7.1052 		4
v -31.2662 		-8.3789 		4
v -31.7097 		-7.0454 		4
v -31.841 		-7.0932 		4
v -31.737 		-7.0573 		4
v -31.8027 		-7.0812 		4
v -31.3015 		-8.3762 		4
v -31.768 		-7.0693 		4
v -31.3384 		-8.373 		4
v -34.8655 		-8.5828 		4
v -31.3769 		-8.3691 		4
v -34.8346 		-8.5706 		4
v -31.416 		-8.3635 		4
v -34.8002 		-8.5583 		4
v -31.457 		-8.3574 		4
v -34.7622 		-8.5458 		4
v -31.4997 		-8.3508 		4
v -34.7206 		-8.5332 		4
v -31.5444 		-8.3437 		4
v -34.6754 		-8.5204 		4
v -31.5908 		-8.3361 		4
v -31.6391 		-8.328 		4
v -31.0974 		-7.6581 		6
v -31.0847 		-7.6681 		6
v -31.072 		-7.6777 		6
v -31.0214 		-7.734 		6
v -30.9277 		-7.8836 		6
v -30.585 		-7.7898 		6
v -31.3479 		-6.5725 		6
v -31.6906 		-6.6663 		6
v -31.5739 		-6.8768 		6
v -31.5727 		-6.8895 		6
v -31.5713 		-6.9018 		6
v -35.5604 		-7.898 		6
v -35.6526 		-7.7509 		6
v -36 		-7.846 		6
v -35.2371 		-9.0634 		6
v -34.8897 		-8.9683 		6
v -33.2547 		-8.3127 		6
v -34.4549 		-9.1969 		6
v -34.4819 		-9.2172 		6
v -34.5079 		-9.2372 		6
v -34.5328 		-9.2569 		6
v -34.5567 		-9.2763 		6
v -34.5796 		-9.2954 		6
v -34.6014 		-9.3143 		6
v -34.6215 		-9.3338 		6
v -34.6404 		-9.3534 		6
v -34.6581 		-9.3729 		6
v -34.6746 		-9.3924 		6
v -34.6899 		-9.412 		6
v -34.7039 		-9.4315 		6
v -34.7167 		-9.4513 		6
v -34.7281 		-9.4718 		6
v -34.7383 		-9.4929 		6
v -34.7471 		-9.5146 		6
v -34.7546 		-9.537 		6
v -34.7609 		-9.56 		6
v -34.7645 		-9.5826 		6
v -34.7666 		-9.6065 		6
v -34.7669 		-9.6315 		6
v -34.7656 		-9.6577 		6
v -34.7626 		-9.6851 		6
v -34.758 		-9.7137 		6
v -34.7521 		-9.7426 		6
v -34.7443 		-9.7727 		6
v -34.7345 		-9.8039 		6
v -34.7228 		-9.8362 		6
v -34.7092 		-9.8696 		6
v -34.6937 		-9.9041 		6
v -34.6762 		-9.94 		6
v -34.6568 		-9.9775 		6
v -34.6355 		-10.0167 		6
v -34.6123 		-10.0575 		6
v -34.5871 		-10.0998 		6
v -34.56 		-10.1438 		6
v -34.4423 		-10.3315 		6
v -34.095 		-10.2364 		6
v -34.1029 		-10.2237 		6
v -32.3184 		-8.4991 		6
v -31.0792 		-8.7036 		6
v -31.0249 		-8.7125 		6
v -30.205 		-9.0302 		6
v -30.1886 		-9.0541 		6
v -29.8507 		-8.9615 		6
v -30.4483 		-8.0079 		6
v -30.7863 		-8.1005 		6
v -31.0298 		-7.7216 		6
v -31.5984 		-6.8134 		6
v -35.5523 		-7.9105 		6
v -34.9835 		-8.8187 		6
v -30.2234 		-9.0075 		6
v -30.7663 		-8.1346 		6
v -31.0391 		-7.7098 		6
v -31.5911 		-6.826 		6
v -35.5438 		-7.9226 		6
v -34.9909 		-8.806 		6
v -30.2437 		-8.9859 		6
v -30.7507 		-8.166 		6
v -31.0492 		-7.6985 		6
v -31.585 		-6.8387 		6
v -35.535 		-7.9342 		6
v -34.9974 		-8.7934 		6
v -34.1143 		-10.2043 		6
v -30.2661 		-8.9657 		6
v -30.7396 		-8.1947 		6
v -31.0602 		-7.6878 		6
v -31.5801 		-6.8514 		6
v -35.5259 		-7.9454 		6
v -35.003 		-8.7809 		6
v -34.1241 		-10.185 		6
v -30.2904 		-8.9466 		6
v -30.733 		-8.2206 		6
v -31.5764 		-6.8641 		6
v -35.5164 		-7.9561 		6
v -35.0076 		-8.7685 		6
v -34.1324 		-10.1657 		6
v -30.3167 		-8.9287 		6
v -30.7308 		-8.2438 		6
v -35.5065 		-7.9665 		6
v -35.0112 		-8.7561 		6
v -34.1391 		-10.1465 		6
v -30.3454 		-8.9109 		6
v -30.7332 		-8.2642 		6
v -31.1112 		-7.6493 		6
v -35.4944 		-7.9758 		6
v -35.0139 		-8.7438 		6
v -34.1442 		-10.1273 		6
v -30.3757 		-8.894 		6
v -30.7408 		-8.2817 		6
v -31.1261 		-7.6416 		6
v -31.5714 		-6.9139 		6
v -35.4813 		-7.9843 		6
v -35.0156 		-8.7308 		6
v -34.1478 		-10.1082 		6
v -30.4077 		-8.8778 		6
v -30.7536 		-8.2979 		6
v -31.1422 		-7.635 		6
v -31.5732 		-6.926 		6
v -35.4671 		-7.9921 		6
v -35.0153 		-8.7181 		6
v -34.1495 		-10.089 		6
v -30.4413 		-8.8624 		6
v -30.7716 		-8.3126 		6
v -31.1593 		-7.6295 		6
v -31.5765 		-6.9381 		6
v -35.4519 		-7.9991 		6
v -35.013 		-8.7057 		6
v -34.149 		-10.0693 		6
v -30.4766 		-8.8478 		6
v -30.7947 		-8.3259 		6
v -35.4356 		-8.0053 		6
v -35.0087 		-8.6935 		6
v -34.1463 		-10.0492 		6
v -30.5136 		-8.834 		6
v -30.8229 		-8.3379 		6
v -31.1776 		-7.6252 		6
v -35.4183 		-8.0107 		6
v -35.0024 		-8.6817 		6
v -34.1415 		-10.0286 		6
v -30.554 		-8.8205 		6
v -30.8564 		-8.3484 		6
v -31.1993 		-7.6216 		6
v -34.1345 		-10.0076 		6
v -30.5955 		-8.8076 		6
v -30.8786 		-8.3542 		6
v -31.2224 		-7.619 		6
v -35.3983 		-8.0147 		6
v -34.1253 		-9.9862 		6
v -30.6382 		-8.7953 		6
v -30.9014 		-8.3595 		6
v -31.2471 		-7.6175 		6
v -35.3768 		-8.0175 		6
v -34.1139 		-9.9644 		6
v -30.682 		-8.7837 		6
v -30.9248 		-8.3642 		6
v -31.2732 		-7.617 		6
v -35.354 		-8.0191 		6
v -30.7269 		-8.7727 		6
v -30.9489 		-8.3685 		6
v -31.3007 		-7.6177 		6
v -35.3297 		-8.0194 		6
v -34.1004 		-9.9421 		6
v -30.7729 		-8.7624 		6
v -30.9736 		-8.3723 		6
v -31.3298 		-7.6193 		6
v -35.3041 		-8.0186 		6
v -34.0847 		-9.9194 		6
v -30.8207 		-8.7517 		6
v -30.9988 		-8.3756 		6
v -31.362 		-7.6236 		6
v -35.2771 		-8.0166 		6
v -34.0668 		-9.8962 		6
v -31.3968 		-7.6294 		6
v -35.2463 		-8.0136 		6
v -34.0467 		-9.8727 		6
v -30.8698 		-8.7414 		6
v -31.4343 		-7.6368 		6
v -35.2134 		-8.0091 		6
v -34.0245 		-9.8487 		6
v -30.9202 		-8.7314 		6
v -31.4746 		-7.6458 		6
v -35.1785 		-8.0029 		6
v -33.9989 		-9.8227 		6
v -30.9719 		-8.7218 		6
v -31.5175 		-7.6563 		6
v -35.1414 		-7.9953 		6
v -33.9707 		-9.796 		6
v -31.5631 		-7.6683 		6
v -35.1023 		-7.986 		6
v -33.9401 		-9.7684 		6
v -31.0249 		-8.3783 		6
v -31.5813 		-6.9501 		6
v -35.0611 		-7.9753 		6
v -33.9069 		-9.7399 		6
v -31.5878 		-6.962 		6
v -34.9941 		-8.6701 		6
v -33.8712 		-9.7105 		6
v -31.052 		-8.3805 		6
v -31.5978 		-6.9742 		6
v -34.9827 		-8.6573 		6
v -33.833 		-9.6804 		6
v -31.08 		-8.3822 		6
v -31.6104 		-6.9863 		6
v -34.969 		-8.6447 		6
v -31.1089 		-8.3833 		6
v -31.6255 		-6.9983 		6
v -34.9533 		-8.6321 		6
v -33.5769 		-8.2197 		6
v -31.1388 		-8.3838 		6
v -33.084 		-8.0847 		6
v -34.9353 		-8.6196 		6
v -31.1697 		-8.3837 		6
v -31.6431 		-7.0102 		6
v -34.9151 		-8.6072 		6
v -31.2003 		-8.3827 		6
v -31.6633 		-7.0219 		6
v -34.8928 		-8.5948 		6
v -31.2325 		-8.3811 		6
v -31.686 		-7.0334 		6
v -31.883 		-7.1052 		6
v -31.2662 		-8.3789 		6
v -31.7097 		-7.0454 		6
v -31.841 		-7.0932 		6
v -31.737 		-7.0573 		6
v -31.8027 		-7.0812 		6
v -31.3015 		-8.3762 		6
v -31.768 		-7.0693 		6
v -31.3384 		-8.373 		6
v -34.8655 		-8.5828 		6
v -31.3769 		-8.3691 		6
v -34.8346 		-8.5706 		6
v -31.416 		-8.3635 		6
v -34.8002 		-8.5583 		6
v -31.457 		-8.3574 		6
v -34.7622 		-8.5458 		6
v -31.4997 		-8.3508 		6
v -34.7206 		-8.5332 		6
v -31.5444 		-8.3437 		6
v -34.6754 		-8.5204 		6
v -31.5908 		-8.3361 		6
v -31.6391 		-8.328 		6
v -33.7541 		-11.5399 		4
v -33.7941 		-11.4855 		4
v -33.8325 		-11.4274 		4
v -33.6691 		-11.6375 		4
v -33.7124 		-11.5906 		4
v -33.5776 		-11.7201 		4
v -33.6241 		-11.6807 		4
v -33.4874 		-11.7908 		4
v -33.5329 		-11.757 		4
v -33.3939 		-11.8494 		4
v -33.4411 		-11.8216 		4
v -33.297 		-11.8958 		4
v -33.3459 		-11.8741 		4
v -33.1958 		-11.9295 		4
v -33.2462 		-11.9141 		4
v -33.0958 		-11.9517 		4
v -33.1456 		-11.942 		4
v -32.9969 		-11.9622 		4
v -33.0462 		-11.9584 		4
v -32.8958 		-11.9626 		4
v -32.946 		-11.9637 		4
v -32.7976 		-11.9526 		4
v -32.8463 		-11.9589 		4
v -32.7023 		-11.9321 		4
v -32.7496 		-11.9436 		4
v -32.5734 		-11.8843 		4
v -32.6325 		-11.9099 		4
v -32.4871 		-11.823 		4
v -32.5249 		-11.8553 		4
v -32.4435 		-11.7483 		4
v -32.4599 		-11.7873 		4
v -31.2696 		-11.6468 		4
v -31.6029 		-11.7381 		4
v -32.3245 		-10.5867 		4
v -31.027 		-11.5728 		4
v -31.1448 		-11.6108 		4
v -30.8122 		-11.4913 		4
v -30.9161 		-11.533 		4
v -30.6255 		-11.4022 		4
v -30.7154 		-11.4477 		4
v -30.4687 		-11.3091 		4
v -30.5436 		-11.3563 		4
v -30.3399 		-11.2104 		4
v -30.4008 		-11.2604 		4
v -30.239 		-11.1062 		4
v -30.286 		-11.159 		4
v -30.1664 		-10.9968 		4
v -30.1991 		-11.0521 		4
v -30.1224 		-10.8828 		4
v -30.1408 		-10.9404 		4
v -30.107 		-10.764 		4
v -30.1111 		-10.824 		4
v -30.1158 		-10.6426 		4
v -30.1079 		-10.7036 		4
v -30.1529 		-10.5191 		4
v -30.1308 		-10.5811 		4
v -30.2183 		-10.3933 		4
v -30.1821 		-10.4565 		4
v -30.315 		-10.2633 		4
v -30.2642 		-10.3262 		4
v -30.4315 		-10.1506 		4
v -30.3708 		-10.2048 		4
v -30.5677 		-10.0552 		4
v -30.4971 		-10.1007 		4
v -30.7227 		-9.9775 		4
v -30.643 		-10.0141 		4
v -30.8957 		-9.9179 		4
v -30.807 		-9.9454 		4
v -31.0867 		-9.8764 		4
v -30.989 		-9.8948 		4
v -31.2986 		-9.8542 		4
v -31.1905 		-9.8629 		4
v -31.5282 		-9.8506 		4
v -31.4112 		-9.8501 		4
v -31.7753 		-9.8658 		4
v -31.6495 		-9.8559 		4
v -32.0392 		-9.9001 		4
v -31.9053 		-9.8805 		4
v -32.319 		-9.9539 		4
v -32.1771 		-9.9246 		4
v -31.7351 		-10.437 		4
v -31.902 		-10.4799 		4
v -31.5221 		-11.086 		4
v -32.6146 		-10.0272 		4
v -32.4648 		-9.9881 		4
v -32.8849 		-10.1088 		4
v -32.7534 		-10.0671 		4
v -33.1262 		-10.1977 		4
v -33.0092 		-10.1523 		4
v -33.3385 		-10.2938 		4
v -33.236 		-10.2448 		4
v -33.5184 		-10.3958 		4
v -33.4322 		-10.344 		4
v -33.6686 		-10.5043 		4
v -33.5972 		-10.4493 		4
v -33.7891 		-10.6192 		4
v -33.7325 		-10.5609 		4
v -33.8787 		-10.7404 		4
v -33.8379 		-10.679 		4
v -33.9362 		-10.8681 		4
v -33.9114 		-10.8035 		4
v -33.9615 		-11.0021 		4
v -33.9529 		-10.9343 		4
v -33.952 		-11.1392 		4
v -33.961 		-11.0701 		4
v -33.909 		-11.2809 		4
v -33.9347 		-11.2095 		4
v -33.875 		-11.3536 		4
v -32.4872 		-11.7478 		4
v -31.5788 		-10.4026 		4
v -32.5304 		-11.7461 		4
v -31.4331 		-10.3768 		4
v -32.5733 		-11.743 		4
v -31.2979 		-10.3594 		4
v -32.6157 		-11.7387 		4
v -31.1733 		-10.3506 		4
v -32.6577 		-11.7331 		4
v -31.0593 		-10.3502 		4
v -32.6993 		-11.7262 		4
v -30.9565 		-10.3587 		4
v -32.7412 		-11.7193 		4
v -30.8667 		-10.3747 		4
v -32.7822 		-11.711 		4
v -30.7899 		-10.3983 		4
v -32.8222 		-11.7012 		4
v -30.7261 		-10.4294 		4
v -32.8613 		-11.69 		4
v -32.8994 		-11.6775 		4
v -30.6753 		-10.468 		4
v -32.9366 		-11.6635 		4
v -30.6376 		-10.5141 		4
v -32.9741 		-11.6485 		4
v -30.6242 		-10.5394 		4
v -33.0101 		-11.6321 		4
v -30.6157 		-10.5645 		4
v -33.0445 		-11.6142 		4
v -30.6123 		-10.5896 		4
v -33.0773 		-11.595 		4
v -30.6137 		-10.6145 		4
v -33.1086 		-11.5743 		4
v -30.6202 		-10.6393 		4
v -33.1383 		-11.5523 		4
v -33.1659 		-11.5296 		4
v -30.6316 		-10.664 		4
v -30.6476 		-10.6885 		4
v -33.192 		-11.5056 		4
v -30.6676 		-10.7128 		4
v -33.2165 		-11.4801 		4
v -30.6918 		-10.7369 		4
v -33.2395 		-11.4532 		4
v -30.72 		-10.7608 		4
v -33.2609 		-11.4249 		4
v -30.7524 		-10.7845 		4
v -33.2807 		-11.3952 		4
v -30.7888 		-10.808 		4
v -33.3016 		-11.3582 		4
v -30.8293 		-10.8314 		4
v -33.3176 		-11.3217 		4
v -30.8738 		-10.8548 		4
v -33.3287 		-11.2857 		4
v -30.9223 		-10.878 		4
v -33.3349 		-11.2502 		4
v -30.9749 		-10.9012 		4
v -33.3363 		-11.2152 		4
v -31.0314 		-10.9244 		4
v -33.3327 		-11.1806 		4
v -31.0919 		-10.9475 		4
v -33.3232 		-11.1451 		4
v -31.1556 		-10.9713 		4
v -33.3086 		-11.1099 		4
v -31.2224 		-10.9948 		4
v -33.2889 		-11.075 		4
v -31.2925 		-11.018 		4
v -31.3658 		-11.0409 		4
v -33.2642 		-11.0403 		4
v -31.4423 		-11.0636 		4
v -33.2344 		-11.0059 		4
v -33.1996 		-10.9718 		4
v -33.1575 		-10.9383 		4
v -33.11 		-10.905 		4
v -32.4309 		-10.6168 		4
v -33.0573 		-10.872 		4
v -32.5309 		-10.6474 		4
v -32.9992 		-10.8391 		4
v -32.6245 		-10.6784 		4
v -32.9359 		-10.8064 		4
v -32.7117 		-10.7098 		4
v -32.8672 		-10.7738 		4
v -32.7926 		-10.7416 		4
v -33.8325 		-11.4274 		6
v -33.7941 		-11.4855 		6
v -33.7541 		-11.5399 		6
v -33.7124 		-11.5906 		6
v -33.6691 		-11.6375 		6
v -33.6241 		-11.6807 		6
v -33.5776 		-11.7201 		6
v -33.5329 		-11.757 		6
v -33.4874 		-11.7908 		6
v -33.4411 		-11.8216 		6
v -33.3939 		-11.8494 		6
v -33.3459 		-11.8741 		6
v -33.297 		-11.8958 		6
v -33.2462 		-11.9141 		6
v -33.1958 		-11.9295 		6
v -33.1456 		-11.942 		6
v -33.0958 		-11.9517 		6
v -33.0462 		-11.9584 		6
v -32.9969 		-11.9622 		6
v -32.946 		-11.9637 		6
v -32.8958 		-11.9626 		6
v -32.8463 		-11.9589 		6
v -32.7976 		-11.9526 		6
v -32.7496 		-11.9436 		6
v -32.7023 		-11.9321 		6
v -32.6325 		-11.9099 		6
v -32.5734 		-11.8843 		6
v -32.5249 		-11.8553 		6
v -32.4871 		-11.823 		6
v -32.4599 		-11.7873 		6
v -32.4435 		-11.7483 		6
v -32.3245 		-10.5867 		6
v -31.6029 		-11.7381 		6
v -31.2696 		-11.6468 		6
v -31.1448 		-11.6108 		6
v -31.027 		-11.5728 		6
v -30.9161 		-11.533 		6
v -30.8122 		-11.4913 		6
v -30.7154 		-11.4477 		6
v -30.6255 		-11.4022 		6
v -30.5436 		-11.3563 		6
v -30.4687 		-11.3091 		6
v -30.4008 		-11.2604 		6
v -30.3399 		-11.2104 		6
v -30.286 		-11.159 		6
v -30.239 		-11.1062 		6
v -30.1991 		-11.0521 		6
v -30.1664 		-10.9968 		6
v -30.1408 		-10.9404 		6
v -30.1224 		-10.8828 		6
v -30.1111 		-10.824 		6
v -30.107 		-10.764 		6
v -30.1079 		-10.7036 		6
v -30.1158 		-10.6426 		6
v -30.1308 		-10.5811 		6
v -30.1529 		-10.5191 		6
v -30.1821 		-10.4565 		6
v -30.2183 		-10.3933 		6
v -30.2642 		-10.3262 		6
v -30.315 		-10.2633 		6
v -30.3708 		-10.2048 		6
v -30.4315 		-10.1506 		6
v -30.4971 		-10.1007 		6
v -30.5677 		-10.0552 		6
v -30.643 		-10.0141 		6
v -30.7227 		-9.9775 		6
v -30.807 		-9.9454 		6
v -30.8957 		-9.9179 		6
v -30.989 		-9.8948 		6
v -31.0867 		-9.8764 		6
v -31.1905 		-9.8629 		6
v -31.2986 		-9.8542 		6
v -31.4112 		-9.8501 		6
v -31.5282 		-9.8506 		6
v -31.6495 		-9.8559 		6
v -31.7753 		-9.8658 		6
v -31.9053 		-9.8805 		6
v -32.0392 		-9.9001 		6
v -32.1771 		-9.9246 		6
v -32.319 		-9.9539 		6
v -31.902 		-10.4799 		6
v -31.7351 		-10.437 		6
v -31.5221 		-11.086 		6
v -32.4648 		-9.9881 		6
v -32.6146 		-10.0272 		6
v -32.7534 		-10.0671 		6
v -32.8849 		-10.1088 		6
v -33.0092 		-10.1523 		6
v -33.1262 		-10.1977 		6
v -33.236 		-10.2448 		6
v -33.3385 		-10.2938 		6
v -33.4322 		-10.344 		6
v -33.5184 		-10.3958 		6
v -33.5972 		-10.4493 		6
v -33.6686 		-10.5043 		6
v -33.7325 		-10.5609 		6
v -33.7891 		-10.6192 		6
v -33.8379 		-10.679 		6
v -33.8787 		-10.7404 		6
v -33.9114 		-10.8035 		6
v -33.9362 		-10.8681 		6
v -33.9529 		-10.9343 		6
v -33.9615 		-11.0021 		6
v -33.961 		-11.0701 		6
v -33.952 		-11.1392 		6
v -33.9347 		-11.2095 		6
v -33.909 		-11.2809 		6
v -33.875 		-11.3536 		6
v -32.4872 		-11.7478 		6
v -31.5788 		-10.4026 		6
v -32.5304 		-11.7461 		6
v -31.4331 		-10.3768 		6
v -32.5733 		-11.743 		6
v -31.2979 		-10.3594 		6
v -32.6157 		-11.7387 		6
v -31.1733 		-10.3506 		6
v -32.6577 		-11.7331 		6
v -31.0593 		-10.3502 		6
v -32.6993 		-11.7262 		6
v -30.9565 		-10.3587 		6
v -32.7412 		-11.7193 		6
v -30.8667 		-10.3747 		6
v -32.7822 		-11.711 		6
v -30.7899 		-10.3983 		6
v -32.8222 		-11.7012 		6
v -30.7261 		-10.4294 		6
v -32.8613 		-11.69 		6
v -32.8994 		-11.6775 		6
v -30.6753 		-10.468 		6
v -32.9366 		-11.6635 		6
v -30.6376 		-10.5141 		6
v -32.9741 		-11.6485 		6
v -30.6242 		-10.5394 		6
v -33.0101 		-11.6321 		6
v -30.6157 		-10.5645 		6
v -33.0445 		-11.6142 		6
v -30.6123 		-10.5896 		6
v -33.0773 		-11.595 		6
v -30.6137 		-10.6145 		6
v -33.1086 		-11.5743 		6
v -30.6202 		-10.6393 		6
v -33.1383 		-11.5523 		6
v -33.1659 		-11.5296 		6
v -30.6316 		-10.664 		6
v -30.6476 		-10.6885 		6
v -33.192 		-11.5056 		6
v -30.6676 		-10.7128 		6
v -33.2165 		-11.4801 		6
v -30.6918 		-10.7369 		6
v -33.2395 		-11.4532 		6
v -30.72 		-10.7608 		6
v -33.2609 		-11.4249 		6
v -30.7524 		-10.7845 		6
v -33.2807 		-11.3952 		6
v -30.7888 		-10.808 		6
v -33.3016 		-11.3582 		6
v -30.8293 		-10.8314 		6
v -33.3176 		-11.3217 		6
v -30.8738 		-10.8548 		6
v -33.3287 		-11.2857 		6
v -30.9223 		-10.878 		6
v -33.3349 		-11.2502 		6
v -30.9749 		-10.9012 		6
v -33.3363 		-11.2152 		6
v -31.0314 		-10.9244 		6
v -33.3327 		-11.1806 		6
v -31.0919 		-10.9475 		6
v -33.3232 		-11.1451 		6
v -31.1556 		-10.9713 		6
v -33.3086 		-11.1099 		6
v -31.2224 		-10.9948 		6
v -33.2889 		-11.075 		6
v -31.2925 		-11.018 		6
v -31.3658 		-11.0409 		6
v -33.2642 		-11.0403 		6
v -31.4423 		-11.0636 		6
v -33.2344 		-11.0059 		6
v -33.1996 		-10.9718 		6
v -33.1575 		-10.9383 		6
v -33.11 		-10.905 		6
v -32.4309 		-10.6168 		6
v -33.0573 		-10.872 		6
v -32.5309 		-10.6474 		6
v -32.9992 		-10.8391 		6
v -32.6245 		-10.6784 		6
v -32.9359 		-10.8064 		6
v -32.7117 		-10.7098 		6
v -32.8672 		-10.7738 		6
v -32.7926 		-10.7416 		6
v -28.9073 		-12.6344 		4
v -28.4098 		-13.4282 		4
v -28.7572 		-13.5233 		4
v -29.2318 		-12.7689 		4
v -29.2547 		-12.7295 		4
v -29.627 		-13.1027 		4
v -29.6107 		-13.1003 		4
v -29.5951 		-13.0989 		4
v -31.1169 		-13.2244 		4
v -29.6938 		-13.1082 		4
v -29.6823 		-13.1079 		4
v -31.1726 		-13.2291 		4
v -31.1561 		-13.2277 		4
v -31.1413 		-13.2265 		4
v -31.2109 		-13.2323 		4
v -31.1909 		-13.2306 		4
v -31.2585 		-13.2354 		4
v -31.2343 		-13.2338 		4
v -31.3092 		-13.2394 		4
v -31.2834 		-13.2373 		4
v -31.363 		-13.2442 		4
v -31.3357 		-13.2417 		4
v -31.4187 		-13.2499 		4
v -31.3907 		-13.247 		4
v -31.4751 		-13.2564 		4
v -31.4468 		-13.2531 		4
v -31.5322 		-13.2638 		4
v -31.5035 		-13.26 		4
v -31.588 		-13.2722 		4
v -31.5605 		-13.2679 		4
v -31.6408 		-13.2817 		4
v -31.6148 		-13.2768 		4
v -31.6903 		-13.2923 		4
v -31.6659 		-13.2868 		4
v -31.646 		-13.2762 		4
v -31.6681 		-13.2842 		4
v -31.6028 		-13.2604 		4
v -31.6243 		-13.2682 		4
v -31.5606 		-13.2448 		4
v -31.5815 		-13.2526 		4
v -31.5159 		-13.2264 		4
v -31.5385 		-13.2357 		4
v -31.4696 		-13.2067 		4
v -31.493 		-13.2167 		4
v -31.4215 		-13.186 		4
v -31.4457 		-13.1965 		4
v -31.3713 		-13.1617 		4
v -31.397 		-13.1741 		4
v -31.3166 		-13.1348 		4
v -31.3445 		-13.1486 		4
v -31.2575 		-13.1054 		4
v -31.2876 		-13.1204 		4
v -31.1959 		-13.075 		4
v -31.2272 		-13.0908 		4
v -31.1298 		-13.0401 		4
v -31.1634 		-13.0581 		4
v -31.0592 		-13.0006 		4
v -31.095 		-13.0209 		4
v -30.9891 		-12.9643 		4
v -31.025 		-12.983 		4
v -30.912 		-12.9234 		4
v -30.9514 		-12.9444 		4
v -30.8281 		-12.8779 		4
v -30.8709 		-12.9012 		4
v -30.5101 		-12.7067 		4
v -30.5564 		-12.7322 		4
v -30.603 		-12.7569 		4
v -30.4174 		-12.6556 		4
v -30.4638 		-12.6811 		4
v -30.3248 		-12.6045 		4
v -30.3711 		-12.63 		4
v -30.1857 		-12.5281 		4
v -30.2314 		-12.5532 		4
v -30.2785 		-12.5789 		4
v -30.0988 		-12.4795 		4
v -30.1415 		-12.5035 		4
v -30.0178 		-12.4332 		4
v -30.0576 		-12.4561 		4
v -29.0599 		-12.3909 		4
v -29.4073 		-12.486 		4
v -29.4297 		-12.4529 		4
v -30.0742 		-11.4919 		4
v -29.6893 		-11.3865 		4
v -34.691 		-12.8658 		4
v -34.3108 		-12.7617 		4
v -34.2712 		-12.8204 		4
v -34.6167 		-12.9827 		4
v -34.6528 		-12.9267 		4
v -34.5433 		-13.0861 		4
v -34.5801 		-13.0358 		4
v -34.4687 		-13.1779 		4
v -34.5061 		-13.1334 		4
v -34.3935 		-13.2596 		4
v -34.4308 		-13.2195 		4
v -34.3162 		-13.3322 		4
v -34.3553 		-13.2972 		4
v -34.2355 		-13.3946 		4
v -34.2763 		-13.3647 		4
v -34.149 		-13.4475 		4
v -34.1939 		-13.422 		4
v -34.0549 		-13.4924 		4
v -34.1027 		-13.471 		4
v -33.9549 		-13.5291 		4
v -34.0057 		-13.5118 		4
v -33.8469 		-13.5574 		4
v -33.9027 		-13.5444 		4
v -33.7272 		-13.5788 		4
v -33.7884 		-13.5688 		4
v -33.5967 		-13.5939 		4
v -33.6633 		-13.5871 		4
v -33.4547 		-13.6036 		4
v -33.5275 		-13.5991 		4
v -33.2992 		-13.6079 		4
v -33.3786 		-13.6065 		4
v -33.1305 		-13.606 		4
v -33.2165 		-13.6077 		4
v -32.9476 		-13.599 		4
v -33.0412 		-13.6027 		4
v -32.7473 		-13.589 		4
v -32.8496 		-13.5944 		4
v -32.5296 		-13.5757 		4
v -32.6406 		-13.5828 		4
v -32.1717 		-13.5528 		4
v -32.2935 		-13.5604 		4
v -32.4142 		-13.5677 		4
v -31.9251 		-13.5368 		4
v -32.049 		-13.5449 		4
v -31.6743 		-13.5196 		4
v -31.8003 		-13.5284 		4
v -31.4225 		-13.5042 		4
v -31.5487 		-13.512 		4
v -31.1685 		-13.4881 		4
v -31.2958 		-13.4962 		4
v -30.9125 		-13.4715 		4
v -31.0408 		-13.4799 		4
v -30.6588 		-13.4552 		4
v -30.7856 		-13.4634 		4
v -30.4053 		-13.4383 		4
v -30.532 		-13.4468 		4
v -30.1523 		-13.4209 		4
v -30.2788 		-13.4297 		4
v -29.9005 		-13.4044 		4
v -30.0258 		-13.4128 		4
v -29.6528 		-13.3871 		4
v -29.7761 		-13.3959 		4
v -29.4093 		-13.369 		4
v -29.5305 		-13.3782 		4
v -28.7692 		-13.5054 		4
v -29.214 		-12.8061 		4
v -29.5796 		-13.0974 		4
v -29.6699 		-13.1073 		4
v -31.1282 		-13.2254 		4
v -30.7841 		-12.854 		4
v -30.649 		-12.7814 		4
v -29.4535 		-12.423 		4
v -30.0666 		-11.5046 		4
v -34.2288 		-12.8749 		4
v -28.7819 		-13.4888 		4
v -29.2012 		-12.8411 		4
v -29.5641 		-13.0957 		4
v -30.6946 		-12.8057 		4
v -29.4786 		-12.3963 		4
v -30.0596 		-11.5173 		4
v -34.1835 		-12.9252 		4
v -28.7952 		-13.4735 		4
v -29.1935 		-12.8738 		4
v -29.6423 		-13.1046 		4
v -30.7396 		-12.8299 		4
v -29.5051 		-12.3728 		4
v -30.0532 		-11.53 		4
v -34.1354 		-12.9712 		4
v -28.8093 		-13.4596 		4
v -29.1909 		-12.9043 		4
v -29.533 		-12.3524 		4
v -30.0473 		-11.5427 		4
v -34.0845 		-13.013 		4
v -28.824 		-13.4471 		4
v -29.1934 		-12.9326 		4
v -30.0035 		-12.4253 		4
v -29.5622 		-12.3353 		4
v -30.0421 		-11.5554 		4
v -34.0308 		-13.0505 		4
v -28.8395 		-13.4359 		4
v -29.2017 		-12.9593 		4
v -29.6566 		-13.1062 		4
v -29.5918 		-12.3225 		4
v -30.0375 		-11.568 		4
v -33.9744 		-13.0843 		4
v -28.8564 		-13.4249 		4
v -29.2175 		-12.9837 		4
v -29.9878 		-12.4168 		4
v -29.6248 		-12.3144 		4
v -30.0344 		-11.58 		4
v -33.9159 		-13.1148 		4
v -28.8747 		-13.4148 		4
v -29.9706 		-12.4077 		4
v -33.8551 		-13.1421 		4
v -28.8942 		-13.4055 		4
v -29.9519 		-12.398 		4
v -29.6612 		-12.3111 		4
v -33.7921 		-13.1661 		4
v -28.9151 		-13.3971 		4
v -29.7011 		-12.3125 		4
v -28.9372 		-13.3896 		4
v -29.7445 		-12.3187 		4
v -33.7268 		-13.1869 		4
v -28.9607 		-13.3829 		4
v -29.7912 		-12.3296 		4
v -33.6593 		-13.2044 		4
v -28.9873 		-13.3775 		4
v -29.8089 		-12.3349 		4
v -33.5877 		-13.2192 		4
v -29.0158 		-13.3729 		4
v -29.8274 		-12.3412 		4
v -33.5141 		-13.2313 		4
v -29.0463 		-13.3692 		4
v -29.8468 		-12.3485 		4
v -33.4387 		-13.2405 		4
v -29.0786 		-13.3663 		4
v -29.867 		-12.357 		4
v -33.3614 		-13.2469 		4
v -29.1129 		-13.3643 		4
v -29.8881 		-12.3665 		4
v -33.2821 		-13.2505 		4
v -29.149 		-13.3631 		4
v -30.0323 		-11.592 		4
v -33.201 		-13.2512 		4
v -29.1859 		-13.3623 		4
v -29.91 		-12.377 		4
v -33.1159 		-13.2502 		4
v -29.2254 		-13.3622 		4
v -29.9317 		-12.3878 		4
v -33.029 		-13.2477 		4
v -29.2674 		-13.3629 		4
v -32.9403 		-13.2437 		4
v -29.3121 		-13.3642 		4
v -30.0314 		-11.6042 		4
v -32.8498 		-13.2383 		4
v -29.3594 		-13.3663 		4
v -30.0316 		-11.6166 		4
v -32.7575 		-13.2313 		4
v -30.0329 		-11.6291 		4
v -32.6633 		-13.2229 		4
v -30.0354 		-11.6417 		4
v -30.1971 		-11.8049 		4
v -29.241 		-13.0058 		4
v -30.0396 		-11.6537 		4
v -30.1727 		-11.79 		4
v -29.2721 		-13.0254 		4
v -30.0453 		-11.6659 		4
v -29.3108 		-13.0427 		4
v -30.0523 		-11.6783 		4
v -29.357 		-13.0576 		4
v -30.0607 		-11.6909 		4
v -29.3669 		-13.0602 		4
v -30.0706 		-11.7038 		4
v -29.3776 		-13.0629 		4
v -30.0818 		-11.7168 		4
v -29.3891 		-13.0656 		4
v -30.0958 		-11.7313 		4
v -29.4016 		-13.0684 		4
v -29.4149 		-13.0713 		4
v -30.1119 		-11.7459 		4
v -29.429 		-13.0743 		4
v -30.13 		-11.7605 		4
v -29.4424 		-13.0769 		4
v -30.1503 		-11.7752 		4
v -29.4564 		-13.0795 		4
v -29.4709 		-13.0821 		4
v -29.4861 		-13.0847 		4
v -29.5019 		-13.0872 		4
v -29.5183 		-13.0898 		4
v -29.5488 		-13.0939 		4
v -29.5335 		-13.0919 		4
v -28.7572 		-13.5233 		6
v -28.4098 		-13.4282 		6
v -28.9073 		-12.6344 		6
v -29.2547 		-12.7295 		6
v -29.2318 		-12.7689 		6
v -29.5951 		-13.0989 		6
v -29.6107 		-13.1003 		6
v -29.627 		-13.1027 		6
v -29.6823 		-13.1079 		6
v -29.6938 		-13.1082 		6
v -31.1169 		-13.2244 		6
v -31.1413 		-13.2265 		6
v -31.1561 		-13.2277 		6
v -31.1726 		-13.2291 		6
v -31.1909 		-13.2306 		6
v -31.2109 		-13.2323 		6
v -31.2343 		-13.2338 		6
v -31.2585 		-13.2354 		6
v -31.2834 		-13.2373 		6
v -31.3092 		-13.2394 		6
v -31.3357 		-13.2417 		6
v -31.363 		-13.2442 		6
v -31.3907 		-13.247 		6
v -31.4187 		-13.2499 		6
v -31.4468 		-13.2531 		6
v -31.4751 		-13.2564 		6
v -31.5035 		-13.26 		6
v -31.5322 		-13.2638 		6
v -31.5605 		-13.2679 		6
v -31.588 		-13.2722 		6
v -31.6148 		-13.2768 		6
v -31.6408 		-13.2817 		6
v -31.6659 		-13.2868 		6
v -31.6903 		-13.2923 		6
v -31.6681 		-13.2842 		6
v -31.646 		-13.2762 		6
v -31.6243 		-13.2682 		6
v -31.6028 		-13.2604 		6
v -31.5815 		-13.2526 		6
v -31.5606 		-13.2448 		6
v -31.5385 		-13.2357 		6
v -31.5159 		-13.2264 		6
v -31.493 		-13.2167 		6
v -31.4696 		-13.2067 		6
v -31.4457 		-13.1965 		6
v -31.4215 		-13.186 		6
v -31.397 		-13.1741 		6
v -31.3713 		-13.1617 		6
v -31.3445 		-13.1486 		6
v -31.3166 		-13.1348 		6
v -31.2876 		-13.1204 		6
v -31.2575 		-13.1054 		6
v -31.2272 		-13.0908 		6
v -31.1959 		-13.075 		6
v -31.1634 		-13.0581 		6
v -31.1298 		-13.0401 		6
v -31.095 		-13.0209 		6
v -31.0592 		-13.0006 		6
v -31.025 		-12.983 		6
v -30.9891 		-12.9643 		6
v -30.9514 		-12.9444 		6
v -30.912 		-12.9234 		6
v -30.8709 		-12.9012 		6
v -30.8281 		-12.8779 		6
v -30.603 		-12.7569 		6
v -30.5564 		-12.7322 		6
v -30.5101 		-12.7067 		6
v -30.4638 		-12.6811 		6
v -30.4174 		-12.6556 		6
v -30.3711 		-12.63 		6
v -30.3248 		-12.6045 		6
v -30.2785 		-12.5789 		6
v -30.2314 		-12.5532 		6
v -30.1857 		-12.5281 		6
v -30.1415 		-12.5035 		6
v -30.0988 		-12.4795 		6
v -30.0576 		-12.4561 		6
v -30.0178 		-12.4332 		6
v -29.4297 		-12.4529 		6
v -29.4073 		-12.486 		6
v -29.0599 		-12.3909 		6
v -29.6893 		-11.3865 		6
v -30.0742 		-11.4919 		6
v -34.2712 		-12.8204 		6
v -34.3108 		-12.7617 		6
v -34.691 		-12.8658 		6
v -34.6528 		-12.9267 		6
v -34.6167 		-12.9827 		6
v -34.5801 		-13.0358 		6
v -34.5433 		-13.0861 		6
v -34.5061 		-13.1334 		6
v -34.4687 		-13.1779 		6
v -34.4308 		-13.2195 		6
v -34.3935 		-13.2596 		6
v -34.3553 		-13.2972 		6
v -34.3162 		-13.3322 		6
v -34.2763 		-13.3647 		6
v -34.2355 		-13.3946 		6
v -34.1939 		-13.422 		6
v -34.149 		-13.4475 		6
v -34.1027 		-13.471 		6
v -34.0549 		-13.4924 		6
v -34.0057 		-13.5118 		6
v -33.9549 		-13.5291 		6
v -33.9027 		-13.5444 		6
v -33.8469 		-13.5574 		6
v -33.7884 		-13.5688 		6
v -33.7272 		-13.5788 		6
v -33.6633 		-13.5871 		6
v -33.5967 		-13.5939 		6
v -33.5275 		-13.5991 		6
v -33.4547 		-13.6036 		6
v -33.3786 		-13.6065 		6
v -33.2992 		-13.6079 		6
v -33.2165 		-13.6077 		6
v -33.1305 		-13.606 		6
v -33.0412 		-13.6027 		6
v -32.9476 		-13.599 		6
v -32.8496 		-13.5944 		6
v -32.7473 		-13.589 		6
v -32.6406 		-13.5828 		6
v -32.5296 		-13.5757 		6
v -32.4142 		-13.5677 		6
v -32.2935 		-13.5604 		6
v -32.1717 		-13.5528 		6
v -32.049 		-13.5449 		6
v -31.9251 		-13.5368 		6
v -31.8003 		-13.5284 		6
v -31.6743 		-13.5196 		6
v -31.5487 		-13.512 		6
v -31.4225 		-13.5042 		6
v -31.2958 		-13.4962 		6
v -31.1685 		-13.4881 		6
v -31.0408 		-13.4799 		6
v -30.9125 		-13.4715 		6
v -30.7856 		-13.4634 		6
v -30.6588 		-13.4552 		6
v -30.532 		-13.4468 		6
v -30.4053 		-13.4383 		6
v -30.2788 		-13.4297 		6
v -30.1523 		-13.4209 		6
v -30.0258 		-13.4128 		6
v -29.9005 		-13.4044 		6
v -29.7761 		-13.3959 		6
v -29.6528 		-13.3871 		6
v -29.5305 		-13.3782 		6
v -29.4093 		-13.369 		6
v -28.7692 		-13.5054 		6
v -29.214 		-12.8061 		6
v -29.5796 		-13.0974 		6
v -29.6699 		-13.1073 		6
v -31.1282 		-13.2254 		6
v -30.7841 		-12.854 		6
v -30.649 		-12.7814 		6
v -29.4535 		-12.423 		6
v -30.0666 		-11.5046 		6
v -34.2288 		-12.8749 		6
v -28.7819 		-13.4888 		6
v -29.2012 		-12.8411 		6
v -29.5641 		-13.0957 		6
v -30.6946 		-12.8057 		6
v -29.4786 		-12.3963 		6
v -30.0596 		-11.5173 		6
v -34.1835 		-12.9252 		6
v -28.7952 		-13.4735 		6
v -29.1935 		-12.8738 		6
v -29.6423 		-13.1046 		6
v -30.7396 		-12.8299 		6
v -29.5051 		-12.3728 		6
v -30.0532 		-11.53 		6
v -34.1354 		-12.9712 		6
v -28.8093 		-13.4596 		6
v -29.1909 		-12.9043 		6
v -29.533 		-12.3524 		6
v -30.0473 		-11.5427 		6
v -34.0845 		-13.013 		6
v -28.824 		-13.4471 		6
v -29.1934 		-12.9326 		6
v -30.0035 		-12.4253 		6
v -29.5622 		-12.3353 		6
v -30.0421 		-11.5554 		6
v -34.0308 		-13.0505 		6
v -28.8395 		-13.4359 		6
v -29.2017 		-12.9593 		6
v -29.6566 		-13.1062 		6
v -29.5918 		-12.3225 		6
v -30.0375 		-11.568 		6
v -33.9744 		-13.0843 		6
v -28.8564 		-13.4249 		6
v -29.2175 		-12.9837 		6
v -29.9878 		-12.4168 		6
v -29.6248 		-12.3144 		6
v -30.0344 		-11.58 		6
v -33.9159 		-13.1148 		6
v -28.8747 		-13.4148 		6
v -29.9706 		-12.4077 		6
v -33.8551 		-13.1421 		6
v -28.8942 		-13.4055 		6
v -29.9519 		-12.398 		6
v -29.6612 		-12.3111 		6
v -33.7921 		-13.1661 		6
v -28.9151 		-13.3971 		6
v -29.7011 		-12.3125 		6
v -28.9372 		-13.3896 		6
v -29.7445 		-12.3187 		6
v -33.7268 		-13.1869 		6
v -28.9607 		-13.3829 		6
v -29.7912 		-12.3296 		6
v -33.6593 		-13.2044 		6
v -28.9873 		-13.3775 		6
v -29.8089 		-12.3349 		6
v -33.5877 		-13.2192 		6
v -29.0158 		-13.3729 		6
v -29.8274 		-12.3412 		6
v -33.5141 		-13.2313 		6
v -29.0463 		-13.3692 		6
v -29.8468 		-12.3485 		6
v -33.4387 		-13.2405 		6
v -29.0786 		-13.3663 		6
v -29.867 		-12.357 		6
v -33.3614 		-13.2469 		6
v -29.1129 		-13.3643 		6
v -29.8881 		-12.3665 		6
v -33.2821 		-13.2505 		6
v -29.149 		-13.3631 		6
v -30.0323 		-11.592 		6
v -33.201 		-13.2512 		6
v -29.1859 		-13.3623 		6
v -29.91 		-12.377 		6
v -33.1159 		-13.2502 		6
v -29.2254 		-13.3622 		6
v -29.9317 		-12.3878 		6
v -33.029 		-13.2477 		6
v -29.2674 		-13.3629 		6
v -32.9403 		-13.2437 		6
v -29.3121 		-13.3642 		6
v -30.0314 		-11.6042 		6
v -32.8498 		-13.2383 		6
v -29.3594 		-13.3663 		6
v -30.0316 		-11.6166 		6
v -32.7575 		-13.2313 		6
v -30.0329 		-11.6291 		6
v -32.6633 		-13.2229 		6
v -30.0354 		-11.6417 		6
v -30.1971 		-11.8049 		6
v -29.241 		-13.0058 		6
v -30.0396 		-11.6537 		6
v -30.1727 		-11.79 		6
v -29.2721 		-13.0254 		6
v -30.0453 		-11.6659 		6
v -29.3108 		-13.0427 		6
v -30.0523 		-11.6783 		6
v -29.357 		-13.0576 		6
v -30.0607 		-11.6909 		6
v -29.3669 		-13.0602 		6
v -30.0706 		-11.7038 		6
v -29.3776 		-13.0629 		6
v -30.0818 		-11.7168 		6
v -29.3891 		-13.0656 		6
v -30.0958 		-11.7313 		6
v -29.4016 		-13.0684 		6
v -29.4149 		-13.0713 		6
v -30.1119 		-11.7459 		6
v -29.429 		-13.0743 		6
v -30.13 		-11.7605 		6
v -29.4424 		-13.0769 		6
v -30.1503 		-11.7752 		6
v -29.4564 		-13.0795 		6
v -29.4709 		-13.0821 		6
v -29.4861 		-13.0847 		6
v -29.5019 		-13.0872 		6
v -29.5183 		-13.0898 		6
v -29.5488 		-13.0939 		6
v -29.5335 		-13.0919 		6
v -33.4417 		-14.8592 		4
v -33.0943 		-14.7641 		4
v -33.0689 		-14.8047 		4
v -32.3711 		-15.9181 		4
v -32.7185 		-16.0132 		4
v -32.458 		-15.7341 		4
v -32.4541 		-15.7506 		4
v -32.4509 		-15.7664 		4
v -31.4233 		-15.2691 		4
v -31.4668 		-15.2813 		4
v -31.5112 		-15.2934 		4
v -31.3389 		-15.244 		4
v -31.3807 		-15.2567 		4
v -31.2575 		-15.2178 		4
v -31.2978 		-15.2311 		4
v -31.1228 		-15.1739 		4
v -31.1705 		-15.1892 		4
v -31.218 		-15.2043 		4
v -31.0269 		-15.1427 		4
v -31.0749 		-15.1584 		4
v -30.9302 		-15.1106 		4
v -30.9786 		-15.1268 		4
v -31.031 		-15.2277 		4
v -30.9779 		-15.1787 		4
v -30.9175 		-15.1309 		4
v -31.1159 		-15.3292 		4
v -31.0771 		-15.2778 		4
v -31.1722 		-15.4354 		4
v -31.1476 		-15.3817 		4
v -31.1923 		-15.5495 		4
v -31.1875 		-15.4915 		4
v -31.1709 		-15.6714 		4
v -31.1868 		-15.6095 		4
v -31.108 		-15.8011 		4
v -31.1447 		-15.7353 		4
v -31.0273 		-15.9084 		4
v -31.0698 		-15.8567 		4
v -30.9293 		-16.0004 		4
v -30.9804 		-15.9563 		4
v -30.814 		-16.0772 		4
v -30.8738 		-16.0407 		4
v -30.6774 		-16.1372 		4
v -30.7481 		-16.1092 		4
v -30.5218 		-16.1807 		4
v -30.602 		-16.161 		4
v -30.3471 		-16.2078 		4
v -30.4368 		-16.1963 		4
v -30.1489 		-16.2189 		4
v -30.2504 		-16.2156 		4
v -29.9309 		-16.2128 		4
v -30.0424 		-16.218 		4
v -29.6933 		-16.1893 		4
v -29.8146 		-16.2032 		4
v -29.4339 		-16.1497 		4
v -29.5663 		-16.1718 		4
v -29.1532 		-16.0916 		4
v -29.2962 		-16.1229 		4
v -28.8509 		-16.0151 		4
v -29.0047 		-16.0557 		4
v -28.5528 		-15.9273 		4
v -28.6974 		-15.9715 		4
v -28.2906 		-15.8367 		4
v -28.4172 		-15.8823 		4
v -28.0643 		-15.7433 		4
v -28.173 		-15.7903 		4
v -27.872 		-15.6475 		4
v -27.9642 		-15.6957 		4
v -27.7118 		-15.5491 		4
v -27.7879 		-15.5986 		4
v -27.5837 		-15.4483 		4
v -27.6438 		-15.499 		4
v -27.4877 		-15.3451 		4
v -27.5317 		-15.397 		4
v -27.4237 		-15.2395 		4
v -27.4517 		-15.2926 		4
v -27.3919 		-15.1314 		4
v -27.4038 		-15.1857 		4
v -27.3909 		-15.0208 		4
v -27.3877 		-15.0764 		4
v -27.4195 		-14.9078 		4
v -27.4015 		-14.9647 		4
v -27.4778 		-14.7924 		4
v -27.445 		-14.8504 		4
v -27.5237 		-14.728 		4
v -27.4999 		-14.7594 		4
v -27.5764 		-14.6702 		4
v -27.5492 		-14.6983 		4
v -27.6361 		-14.6188 		4
v -27.6054 		-14.6437 		4
v -27.7008 		-14.5751 		4
v -27.6678 		-14.5963 		4
v -27.7706 		-14.5368 		4
v -27.7351 		-14.5553 		4
v -27.8457 		-14.5039 		4
v -27.8075 		-14.5197 		4
v -27.928 		-14.4769 		4
v -27.8864 		-14.4898 		4
v -28.0134 		-14.4547 		4
v -27.9703 		-14.4652 		4
v -28.1019 		-14.4373 		4
v -28.0572 		-14.4454 		4
v -28.1962 		-14.4252 		4
v -28.1487 		-14.4308 		4
v -28.293 		-14.417 		4
v -28.2443 		-14.4206 		4
v -28.3922 		-14.4128 		4
v -28.3423 		-14.4144 		4
v -28.3621 		-13.5043 		4
v -27.9314 		-14.1916 		4
v -28.4017 		-14.3976 		4
v -28.6952 		-13.6222 		4
v -28.7095 		-13.5994 		4
v -29.6234 		-14.7826 		4
v -32.4843 		-14.9388 		4
v -29.0011 		-13.9853 		4
v -29.7333 		-14.8131 		4
v -33.0603 		-14.8175 		4
v -32.422 		-15.8369 		4
v -31.5539 		-15.3051 		4
v -28.6853 		-13.639 		4
v -28.9545 		-13.9718 		4
v -29.8378 		-14.8432 		4
v -33.0504 		-14.8303 		4
v -32.4295 		-15.824 		4
v -31.5947 		-15.3163 		4
v -28.6766 		-13.6557 		4
v -28.9118 		-13.9582 		4
v -29.9367 		-14.8728 		4
v -33.0391 		-14.8434 		4
v -32.4361 		-15.8104 		4
v -31.6337 		-15.327 		4
v -28.6693 		-13.6723 		4
v -28.8729 		-13.9442 		4
v -30.0302 		-14.9018 		4
v -33.0266 		-14.8565 		4
v -32.4419 		-15.7963 		4
v -31.6708 		-15.3371 		4
v -28.8378 		-13.93 		4
v -30.1182 		-14.9304 		4
v -33.0128 		-14.8698 		4
v -32.4468 		-15.7817 		4
v -31.7062 		-15.3468 		4
v -28.6633 		-13.6887 		4
v -28.8065 		-13.9155 		4
v -30.2007 		-14.9584 		4
v -32.9976 		-14.8833 		4
v -32.1521 		-15.4689 		4
v -28.6586 		-13.705 		4
v -28.7791 		-13.9007 		4
v -30.2773 		-14.9871 		4
v -32.9833 		-14.8959 		4
v -28.6552 		-13.7212 		4
v -28.7544 		-13.8866 		4
v -30.3487 		-15.0158 		4
v -32.9676 		-14.9077 		4
v -32.4601 		-15.7176 		4
v -32.1971 		-15.482 		4
v -28.6519 		-13.7368 		4
v -28.7321 		-13.8723 		4
v -30.4148 		-15.0445 		4
v -32.9507 		-14.9187 		4
v -32.4603 		-15.7011 		4
v -28.6509 		-13.7524 		4
v -28.7124 		-13.8579 		4
v -30.4757 		-15.0733 		4
v -32.9324 		-14.9288 		4
v -32.4588 		-15.6846 		4
v -28.652 		-13.7679 		4
v -28.6953 		-13.8434 		4
v -30.5314 		-15.1022 		4
v -32.9129 		-14.9381 		4
v -32.4554 		-15.6681 		4
v -28.6553 		-13.7833 		4
v -28.6806 		-13.8288 		4
v -30.5819 		-15.1311 		4
v -32.892 		-14.9465 		4
v -32.4502 		-15.6515 		4
v -28.6608 		-13.7987 		4
v -29.5187 		-14.7544 		4
v -32.5302 		-14.9506 		4
v -32.8678 		-14.9543 		4
v -32.4409 		-15.6354 		4
v -28.6685 		-13.814 		4
v -29.4174 		-14.7281 		4
v -32.5737 		-14.96 		4
v -32.8421 		-14.9608 		4
v -32.4294 		-15.6194 		4
v -29.3194 		-14.7038 		4
v -32.6151 		-14.9672 		4
v -32.815 		-14.9662 		4
v -32.4157 		-15.6034 		4
v -32.6541 		-14.9721 		4
v -32.691 		-14.9748 		4
v -32.7866 		-14.9704 		4
v -32.7256 		-14.9752 		4
v -32.7568 		-14.9734 		4
v -29.2248 		-14.6814 		4
v -32.3998 		-15.5876 		4
v -29.1337 		-14.6609 		4
v -32.3818 		-15.5717 		4
v -29.0459 		-14.6423 		4
v -32.3616 		-15.556 		4
v -28.9596 		-14.6263 		4
v -32.3367 		-15.5401 		4
v -28.8772 		-14.613 		4
v -32.3078 		-15.5247 		4
v -28.7988 		-14.6021 		4
v -32.2749 		-15.5099 		4
v -28.7242 		-14.5938 		4
v -32.238 		-15.4957 		4
v -28.6536 		-14.5881 		4
v -28.5868 		-14.5849 		4
v -28.5232 		-14.5852 		4
v -28.4632 		-14.5881 		4
v -30.6249 		-15.1606 		4
v -28.4068 		-14.5936 		4
v -30.6623 		-15.1901 		4
v -28.3539 		-14.6017 		4
v -30.6941 		-15.2198 		4
v -28.3045 		-14.6125 		4
v -30.7203 		-15.2496 		4
v -28.2587 		-14.6259 		4
v -30.741 		-15.2795 		4
v -28.216 		-14.643 		4
v -30.7561 		-15.3096 		4
v -28.177 		-14.6636 		4
v -30.7655 		-15.34 		4
v -28.1417 		-14.6874 		4
v -28.1102 		-14.7146 		4
v -30.7693 		-15.3713 		4
v -28.0823 		-14.7451 		4
v -30.7674 		-15.4033 		4
v -28.0582 		-14.779 		4
v -30.7599 		-15.4361 		4
v -30.7467 		-15.4696 		4
v -28.0335 		-14.8364 		4
v -28.0315 		-14.8938 		4
v -30.7278 		-15.5039 		4
v -28.0521 		-14.9511 		4
v -30.6833 		-15.5577 		4
v -28.0954 		-15.0083 		4
v -30.6242 		-15.601 		4
v -28.1613 		-15.0655 		4
v -30.5503 		-15.6335 		4
v -28.2498 		-15.1226 		4
v -30.4617 		-15.6555 		4
v -28.3591 		-15.1807 		4
v -30.3583 		-15.6668 		4
v -28.488 		-15.239 		4
v -30.2402 		-15.6675 		4
v -28.6366 		-15.2976 		4
v -30.1064 		-15.659 		4
v -28.8048 		-15.3564 		4
v -29.9568 		-15.6411 		4
v -28.9928 		-15.4156 		4
v -29.7914 		-15.6137 		4
v -29.6102 		-15.5769 		4
v -29.2005 		-15.475 		4
v -29.4132 		-15.5307 		4
v -33.0689 		-14.8047 		6
v -33.0943 		-14.7641 		6
v -33.4417 		-14.8592 		6
v -32.7185 		-16.0132 		6
v -32.3711 		-15.9181 		6
v -32.4509 		-15.7664 		6
v -32.4541 		-15.7506 		6
v -32.458 		-15.7341 		6
v -31.5112 		-15.2934 		6
v -31.4668 		-15.2813 		6
v -31.4233 		-15.2691 		6
v -31.3807 		-15.2567 		6
v -31.3389 		-15.244 		6
v -31.2978 		-15.2311 		6
v -31.2575 		-15.2178 		6
v -31.218 		-15.2043 		6
v -31.1705 		-15.1892 		6
v -31.1228 		-15.1739 		6
v -31.0749 		-15.1584 		6
v -31.0269 		-15.1427 		6
v -30.9786 		-15.1268 		6
v -30.9302 		-15.1106 		6
v -30.9175 		-15.1309 		6
v -30.9779 		-15.1787 		6
v -31.031 		-15.2277 		6
v -31.0771 		-15.2778 		6
v -31.1159 		-15.3292 		6
v -31.1476 		-15.3817 		6
v -31.1722 		-15.4354 		6
v -31.1875 		-15.4915 		6
v -31.1923 		-15.5495 		6
v -31.1868 		-15.6095 		6
v -31.1709 		-15.6714 		6
v -31.1447 		-15.7353 		6
v -31.108 		-15.8011 		6
v -31.0698 		-15.8567 		6
v -31.0273 		-15.9084 		6
v -30.9804 		-15.9563 		6
v -30.9293 		-16.0004 		6
v -30.8738 		-16.0407 		6
v -30.814 		-16.0772 		6
v -30.7481 		-16.1092 		6
v -30.6774 		-16.1372 		6
v -30.602 		-16.161 		6
v -30.5218 		-16.1807 		6
v -30.4368 		-16.1963 		6
v -30.3471 		-16.2078 		6
v -30.2504 		-16.2156 		6
v -30.1489 		-16.2189 		6
v -30.0424 		-16.218 		6
v -29.9309 		-16.2128 		6
v -29.8146 		-16.2032 		6
v -29.6933 		-16.1893 		6
v -29.5663 		-16.1718 		6
v -29.4339 		-16.1497 		6
v -29.2962 		-16.1229 		6
v -29.1532 		-16.0916 		6
v -29.0047 		-16.0557 		6
v -28.8509 		-16.0151 		6
v -28.6974 		-15.9715 		6
v -28.5528 		-15.9273 		6
v -28.4172 		-15.8823 		6
v -28.2906 		-15.8367 		6
v -28.173 		-15.7903 		6
v -28.0643 		-15.7433 		6
v -27.9642 		-15.6957 		6
v -27.872 		-15.6475 		6
v -27.7879 		-15.5986 		6
v -27.7118 		-15.5491 		6
v -27.6438 		-15.499 		6
v -27.5837 		-15.4483 		6
v -27.5317 		-15.397 		6
v -27.4877 		-15.3451 		6
v -27.4517 		-15.2926 		6
v -27.4237 		-15.2395 		6
v -27.4038 		-15.1857 		6
v -27.3919 		-15.1314 		6
v -27.3877 		-15.0764 		6
v -27.3909 		-15.0208 		6
v -27.4015 		-14.9647 		6
v -27.4195 		-14.9078 		6
v -27.445 		-14.8504 		6
v -27.4778 		-14.7924 		6
v -27.4999 		-14.7594 		6
v -27.5237 		-14.728 		6
v -27.5492 		-14.6983 		6
v -27.5764 		-14.6702 		6
v -27.6054 		-14.6437 		6
v -27.6361 		-14.6188 		6
v -27.6678 		-14.5963 		6
v -27.7008 		-14.5751 		6
v -27.7351 		-14.5553 		6
v -27.7706 		-14.5368 		6
v -27.8075 		-14.5197 		6
v -27.8457 		-14.5039 		6
v -27.8864 		-14.4898 		6
v -27.928 		-14.4769 		6
v -27.9703 		-14.4652 		6
v -28.0134 		-14.4547 		6
v -28.0572 		-14.4454 		6
v -28.1019 		-14.4373 		6
v -28.1487 		-14.4308 		6
v -28.1962 		-14.4252 		6
v -28.2443 		-14.4206 		6
v -28.293 		-14.417 		6
v -28.3423 		-14.4144 		6
v -28.3922 		-14.4128 		6
v -28.4017 		-14.3976 		6
v -27.9314 		-14.1916 		6
v -28.3621 		-13.5043 		6
v -28.7095 		-13.5994 		6
v -28.6952 		-13.6222 		6
v -29.0011 		-13.9853 		6
v -32.4843 		-14.9388 		6
v -29.6234 		-14.7826 		6
v -29.7333 		-14.8131 		6
v -33.0603 		-14.8175 		6
v -32.422 		-15.8369 		6
v -31.5539 		-15.3051 		6
v -28.6853 		-13.639 		6
v -28.9545 		-13.9718 		6
v -29.8378 		-14.8432 		6
v -33.0504 		-14.8303 		6
v -32.4295 		-15.824 		6
v -31.5947 		-15.3163 		6
v -28.6766 		-13.6557 		6
v -28.9118 		-13.9582 		6
v -29.9367 		-14.8728 		6
v -33.0391 		-14.8434 		6
v -32.4361 		-15.8104 		6
v -31.6337 		-15.327 		6
v -28.6693 		-13.6723 		6
v -28.8729 		-13.9442 		6
v -30.0302 		-14.9018 		6
v -33.0266 		-14.8565 		6
v -32.4419 		-15.7963 		6
v -31.6708 		-15.3371 		6
v -28.8378 		-13.93 		6
v -30.1182 		-14.9304 		6
v -33.0128 		-14.8698 		6
v -32.4468 		-15.7817 		6
v -31.7062 		-15.3468 		6
v -28.6633 		-13.6887 		6
v -28.8065 		-13.9155 		6
v -30.2007 		-14.9584 		6
v -32.9976 		-14.8833 		6
v -32.1521 		-15.4689 		6
v -28.6586 		-13.705 		6
v -28.7791 		-13.9007 		6
v -30.2773 		-14.9871 		6
v -32.9833 		-14.8959 		6
v -28.6552 		-13.7212 		6
v -28.7544 		-13.8866 		6
v -30.3487 		-15.0158 		6
v -32.9676 		-14.9077 		6
v -32.4601 		-15.7176 		6
v -32.1971 		-15.482 		6
v -28.6519 		-13.7368 		6
v -28.7321 		-13.8723 		6
v -30.4148 		-15.0445 		6
v -32.9507 		-14.9187 		6
v -32.4603 		-15.7011 		6
v -28.6509 		-13.7524 		6
v -28.7124 		-13.8579 		6
v -30.4757 		-15.0733 		6
v -32.9324 		-14.9288 		6
v -32.4588 		-15.6846 		6
v -28.652 		-13.7679 		6
v -28.6953 		-13.8434 		6
v -30.5314 		-15.1022 		6
v -32.9129 		-14.9381 		6
v -32.4554 		-15.6681 		6
v -28.6553 		-13.7833 		6
v -28.6806 		-13.8288 		6
v -30.5819 		-15.1311 		6
v -32.892 		-14.9465 		6
v -32.4502 		-15.6515 		6
v -28.6608 		-13.7987 		6
v -29.5187 		-14.7544 		6
v -32.5302 		-14.9506 		6
v -32.8678 		-14.9543 		6
v -32.4409 		-15.6354 		6
v -28.6685 		-13.814 		6
v -29.4174 		-14.7281 		6
v -32.5737 		-14.96 		6
v -32.8421 		-14.9608 		6
v -32.4294 		-15.6194 		6
v -29.3194 		-14.7038 		6
v -32.6151 		-14.9672 		6
v -32.815 		-14.9662 		6
v -32.4157 		-15.6034 		6
v -32.6541 		-14.9721 		6
v -32.691 		-14.9748 		6
v -32.7866 		-14.9704 		6
v -32.7256 		-14.9752 		6
v -32.7568 		-14.9734 		6
v -29.2248 		-14.6814 		6
v -32.3998 		-15.5876 		6
v -29.1337 		-14.6609 		6
v -32.3818 		-15.5717 		6
v -29.0459 		-14.6423 		6
v -32.3616 		-15.556 		6
v -28.9596 		-14.6263 		6
v -32.3367 		-15.5401 		6
v -28.8772 		-14.613 		6
v -32.3078 		-15.5247 		6
v -28.7988 		-14.6021 		6
v -32.2749 		-15.5099 		6
v -28.7242 		-14.5938 		6
v -32.238 		-15.4957 		6
v -28.6536 		-14.5881 		6
v -28.5868 		-14.5849 		6
v -28.5232 		-14.5852 		6
v -28.4632 		-14.5881 		6
v -30.6249 		-15.1606 		6
v -28.4068 		-14.5936 		6
v -30.6623 		-15.1901 		6
v -28.3539 		-14.6017 		6
v -30.6941 		-15.2198 		6
v -28.3045 		-14.6125 		6
v -30.7203 		-15.2496 		6
v -28.2587 		-14.6259 		6
v -30.741 		-15.2795 		6
v -28.216 		-14.643 		6
v -30.7561 		-15.3096 		6
v -28.177 		-14.6636 		6
v -30.7655 		-15.34 		6
v -28.1417 		-14.6874 		6
v -28.1102 		-14.7146 		6
v -30.7693 		-15.3713 		6
v -28.0823 		-14.7451 		6
v -30.7674 		-15.4033 		6
v -28.0582 		-14.779 		6
v -30.7599 		-15.4361 		6
v -30.7467 		-15.4696 		6
v -28.0335 		-14.8364 		6
v -28.0315 		-14.8938 		6
v -30.7278 		-15.5039 		6
v -28.0521 		-14.9511 		6
v -30.6833 		-15.5577 		6
v -28.0954 		-15.0083 		6
v -30.6242 		-15.601 		6
v -28.1613 		-15.0655 		6
v -30.5503 		-15.6335 		6
v -28.2498 		-15.1226 		6
v -30.4617 		-15.6555 		6
v -28.3591 		-15.1807 		6
v -30.3583 		-15.6668 		6
v -28.488 		-15.239 		6
v -30.2402 		-15.6675 		6
v -28.6366 		-15.2976 		6
v -30.1064 		-15.659 		6
v -28.8048 		-15.3564 		6
v -29.9568 		-15.6411 		6
v -28.9928 		-15.4156 		6
v -29.7914 		-15.6137 		6
v -29.6102 		-15.5769 		6
v -29.2005 		-15.475 		6
v -29.4132 		-15.5307 		6
v -27.9172 		-16.9129 		4
v -27.8308 		-17.0373 		4
v -27.6496 		-17.3264 		4
v -28.1124 		-16.7088 		4
v -28.0111 		-16.8034 		4
v -28.3373 		-16.5644 		4
v -28.2211 		-16.6291 		4
v -28.5921 		-16.4805 		4
v -28.461 		-16.5145 		4
v -28.8802 		-16.4577 		4
v -28.7319 		-16.4616 		4
v -29.2026 		-16.4951 		4
v -29.0371 		-16.4689 		4
v -29.0662 		-17.0933 		4
v -29.3767 		-16.5364 		4
v -29.1554 		-17.1192 		4
v -29.5476 		-16.5885 		4
v -29.4648 		-16.5619 		4
v -29.6971 		-16.6453 		4
v -29.625 		-16.6163 		4
v -29.8254 		-16.7068 		4
v -29.7639 		-16.6755 		4
v -29.9318 		-16.7739 		4
v -29.8811 		-16.74 		4
v -30.018 		-16.8441 		4
v -29.9775 		-16.8086 		4
v -30.084 		-16.9173 		4
v -30.0535 		-16.8803 		4
v -30.1337 		-16.992 		4
v -30.1114 		-16.9544 		4
v -30.1629 		-17.0683 		4
v -30.1509 		-17.0299 		4
v -30.1715 		-17.1462 		4
v -30.1698 		-17.1071 		4
v -30.1619 		-17.2248 		4
v -30.1687 		-17.1856 		4
v -30.1367 		-17.3031 		4
v -30.1513 		-17.264 		4
v -30.0958 		-17.3811 		4
v -30.1182 		-17.3421 		4
v -30.0531 		-17.4433 		4
v -30.0748 		-17.4131 		4
v -30.0077 		-17.4982 		4
v -30.0307 		-17.4717 		4
v -29.9596 		-17.5458 		4
v -29.984 		-17.5229 		4
v -29.9054 		-17.5864 		4
v -29.9329 		-17.5667 		4
v -29.8481 		-17.6223 		4
v -29.8771 		-17.605 		4
v -29.7877 		-17.6533 		4
v -29.8183 		-17.6384 		4
v -29.7164 		-17.6783 		4
v -29.7528 		-17.6663 		4
v -29.6389 		-17.6997 		4
v -29.6784 		-17.6895 		4
v -29.5551 		-17.7174 		4
v -29.5977 		-17.709 		4
v -29.4664 		-17.734 		4
v -29.512 		-17.7257 		4
v -29.368 		-17.7507 		4
v -29.4184 		-17.7423 		4
v -29.2598 		-17.7673 		4
v -29.3151 		-17.759 		4
v -29.2305 		-18.6477 		4
v -29.6406 		-17.9933 		4
v -29.2407 		-17.7977 		4
v -28.8911 		-18.5399 		4
v -28.8831 		-18.5526 		4
v -26.8029 		-17.72 		4
v -26.9012 		-17.7485 		4
v -28.563 		-18.2034 		4
v -26.6271 		-17.6593 		4
v -26.7115 		-17.6903 		4
v -26.4788 		-17.5937 		4
v -26.5495 		-17.6271 		4
v -26.3571 		-17.5238 		4
v -26.415 		-17.5589 		4
v -26.2595 		-17.4495 		4
v -26.3053 		-17.4873 		4
v -26.1859 		-17.3699 		4
v -26.2197 		-17.4104 		4
v -26.1381 		-17.2846 		4
v -26.1581 		-17.3282 		4
v -26.1134 		-17.1933 		4
v -26.1231 		-17.2397 		4
v -26.1093 		-17.0965 		4
v -26.1088 		-17.1456 		4
v -26.1263 		-16.9931 		4
v -26.115 		-17.046 		4
v -26.1638 		-16.8825 		4
v -26.1426 		-16.9386 		4
v -26.2212 		-16.7655 		4
v -26.19 		-16.8248 		4
v -26.2894 		-16.6555 		4
v -26.2574 		-16.7046 		4
v -26.3578 		-16.562 		4
v -26.3229 		-16.608 		4
v -26.4321 		-16.4747 		4
v -26.3942 		-16.5176 		4
v -26.5121 		-16.3941 		4
v -26.4714 		-16.4334 		4
v -26.597 		-16.3229 		4
v -26.5539 		-16.3573 		4
v -26.6867 		-16.2617 		4
v -26.6413 		-16.2911 		4
v -26.7812 		-16.2106 		4
v -26.7334 		-16.2347 		4
v -26.8802 		-16.1717 		4
v -26.8302 		-16.1896 		4
v -26.9836 		-16.1452 		4
v -26.9313 		-16.1568 		4
v -27.0918 		-16.1307 		4
v -27.0369 		-16.1366 		4
v -27.204 		-16.1311 		4
v -27.1475 		-16.1289 		4
v -27.3196 		-16.1475 		4
v -27.2614 		-16.1373 		4
v -27.4524 		-16.1859 		4
v -27.3786 		-16.1618 		4
v -27.5641 		-16.2475 		4
v -27.5143 		-16.2144 		4
v -27.6279 		-16.327 		4
v -27.602 		-16.285 		4
v -27.645 		-16.4248 		4
v -27.6419 		-16.3735 		4
v -27.6224 		-16.5427 		4
v -27.6386 		-16.4812 		4
v -27.5614 		-16.6812 		4
v -27.5967 		-16.6094 		4
v -27.4666 		-16.7448 		4
v -27.5164 		-16.7581 		4
v -29.0062 		-17.0774 		4
v -29.2352 		-17.1455 		4
v -28.9024 		-18.5208 		4
v -27.4176 		-16.7324 		4
v -29.3055 		-17.1721 		4
v -28.9121 		-18.5024 		4
v -28.9482 		-17.0632 		4
v -29.3665 		-17.1992 		4
v -28.6069 		-18.2158 		4
v -27.3692 		-16.7208 		4
v -28.8921 		-17.0508 		4
v -29.418 		-17.2267 		4
v -28.9202 		-18.4847 		4
v -28.6478 		-18.228 		4
v -28.838 		-17.04 		4
v -29.4601 		-17.2546 		4
v -28.9265 		-18.4677 		4
v -27.3216 		-16.7101 		4
v -28.786 		-17.031 		4
v -29.4921 		-17.284 		4
v -28.9312 		-18.4514 		4
v -27.2746 		-16.7002 		4
v -28.7359 		-17.0236 		4
v -29.5143 		-17.3143 		4
v -28.9343 		-18.4358 		4
v -27.2283 		-16.6911 		4
v -28.689 		-17.0185 		4
v -29.5268 		-17.3456 		4
v -28.9343 		-18.4197 		4
v -27.1841 		-16.6845 		4
v -28.6433 		-17.0154 		4
v -28.9321 		-18.4042 		4
v -27.1411 		-16.6791 		4
v -28.5987 		-17.0143 		4
v -29.5295 		-17.3779 		4
v -28.9276 		-18.3894 		4
v -27.0995 		-16.6752 		4
v -28.5554 		-17.0152 		4
v -29.5224 		-17.4111 		4
v -28.9209 		-18.3754 		4
v -27.0591 		-16.6725 		4
v -28.5133 		-17.018 		4
v -29.5056 		-17.4453 		4
v -28.9118 		-18.362 		4
v -27.02 		-16.6712 		4
v -28.4724 		-17.0228 		4
v -29.4884 		-17.4698 		4
v -28.9005 		-18.3493 		4
v -26.9823 		-16.6713 		4
v -28.4328 		-17.0298 		4
v -29.4686 		-17.4926 		4
v -28.8873 		-18.3363 		4
v -26.9465 		-16.6721 		4
v -28.3944 		-17.0391 		4
v -29.4462 		-17.5137 		4
v -26.9124 		-16.6746 		4
v -28.3573 		-17.0507 		4
v -29.4212 		-17.5331 		4
v -28.8714 		-18.3235 		4
v -26.8799 		-16.6789 		4
v -29.3936 		-17.5508 		4
v -28.853 		-18.3111 		4
v -26.849 		-16.685 		4
v -28.3215 		-17.0647 		4
v -29.3634 		-17.5668 		4
v -28.8319 		-18.2989 		4
v -26.8198 		-16.6929 		4
v -28.287 		-17.081 		4
v -29.3294 		-17.5807 		4
v -28.8082 		-18.2869 		4
v -26.7922 		-16.7025 		4
v -28.2538 		-17.0996 		4
v -29.2933 		-17.5929 		4
v -28.7819 		-18.2753 		4
v -26.7651 		-16.7136 		4
v -28.2212 		-17.1195 		4
v -29.2553 		-17.6033 		4
v -28.7528 		-18.2637 		4
v -26.7403 		-16.7269 		4
v -28.1905 		-17.1421 		4
v -29.2153 		-17.6121 		4
v -28.7208 		-18.2519 		4
v -26.7178 		-16.7423 		4
v -28.1619 		-17.1673 		4
v -29.1733 		-17.6192 		4
v -28.6858 		-18.24 		4
v -26.6977 		-16.7598 		4
v -28.1352 		-17.1953 		4
v -29.1292 		-17.6245 		4
v -26.6799 		-16.7794 		4
v -28.1105 		-17.2259 		4
v -29.0847 		-17.6285 		4
v -26.6644 		-16.8012 		4
v -28.0878 		-17.2592 		4
v -26.6516 		-16.8245 		4
v -27.9876 		-17.419 		4
v -29.0381 		-17.6306 		4
v -28.9892 		-17.6308 		4
v -26.6429 		-16.8471 		4
v -28.9382 		-17.629 		4
v -26.6383 		-16.8691 		4
v -28.8851 		-17.6254 		4
v -26.6379 		-16.8903 		4
v -28.8297 		-17.6198 		4
v -26.6415 		-16.9109 		4
v -28.7738 		-17.6136 		4
v -26.6492 		-16.9307 		4
v -28.7166 		-17.6053 		4
v -26.6601 		-16.9507 		4
v -28.6582 		-17.5951 		4
v -26.6741 		-16.9699 		4
v -28.5986 		-17.5829 		4
v -26.6915 		-16.9884 		4
v -28.5378 		-17.5688 		4
v -26.712 		-17.006 		4
v -28.4758 		-17.5526 		4
v -26.7358 		-17.0229 		4
v -26.7628 		-17.0391 		4
v -26.7938 		-17.056 		4
v -26.8273 		-17.0726 		4
v -27.2835 		-17.2262 		4
v -26.8635 		-17.089 		4
v -27.2296 		-17.2112 		4
v -26.9023 		-17.105 		4
v -27.1776 		-17.1962 		4
v -26.9438 		-17.1208 		4
v -27.1274 		-17.1813 		4
v -26.9878 		-17.1363 		4
v -27.0791 		-17.1663 		4
v -27.0325 		-17.1513 		4
v -27.6496 		-17.3264 		6
v -27.8308 		-17.0373 		6
v -27.9172 		-16.9129 		6
v -28.0111 		-16.8034 		6
v -28.1124 		-16.7088 		6
v -28.2211 		-16.6291 		6
v -28.3373 		-16.5644 		6
v -28.461 		-16.5145 		6
v -28.5921 		-16.4805 		6
v -28.7319 		-16.4616 		6
v -28.8802 		-16.4577 		6
v -29.0371 		-16.4689 		6
v -29.2026 		-16.4951 		6
v -29.3767 		-16.5364 		6
v -29.0662 		-17.0933 		6
v -29.1554 		-17.1192 		6
v -29.4648 		-16.5619 		6
v -29.5476 		-16.5885 		6
v -29.625 		-16.6163 		6
v -29.6971 		-16.6453 		6
v -29.7639 		-16.6755 		6
v -29.8254 		-16.7068 		6
v -29.8811 		-16.74 		6
v -29.9318 		-16.7739 		6
v -29.9775 		-16.8086 		6
v -30.018 		-16.8441 		6
v -30.0535 		-16.8803 		6
v -30.084 		-16.9173 		6
v -30.1114 		-16.9544 		6
v -30.1337 		-16.992 		6
v -30.1509 		-17.0299 		6
v -30.1629 		-17.0683 		6
v -30.1698 		-17.1071 		6
v -30.1715 		-17.1462 		6
v -30.1687 		-17.1856 		6
v -30.1619 		-17.2248 		6
v -30.1513 		-17.264 		6
v -30.1367 		-17.3031 		6
v -30.1182 		-17.3421 		6
v -30.0958 		-17.3811 		6
v -30.0748 		-17.4131 		6
v -30.0531 		-17.4433 		6
v -30.0307 		-17.4717 		6
v -30.0077 		-17.4982 		6
v -29.984 		-17.5229 		6
v -29.9596 		-17.5458 		6
v -29.9329 		-17.5667 		6
v -29.9054 		-17.5864 		6
v -29.8771 		-17.605 		6
v -29.8481 		-17.6223 		6
v -29.8183 		-17.6384 		6
v -29.7877 		-17.6533 		6
v -29.7528 		-17.6663 		6
v -29.7164 		-17.6783 		6
v -29.6784 		-17.6895 		6
v -29.6389 		-17.6997 		6
v -29.5977 		-17.709 		6
v -29.5551 		-17.7174 		6
v -29.512 		-17.7257 		6
v -29.4664 		-17.734 		6
v -29.4184 		-17.7423 		6
v -29.368 		-17.7507 		6
v -29.3151 		-17.759 		6
v -29.2598 		-17.7673 		6
v -29.2407 		-17.7977 		6
v -29.6406 		-17.9933 		6
v -29.2305 		-18.6477 		6
v -28.8831 		-18.5526 		6
v -28.8911 		-18.5399 		6
v -28.563 		-18.2034 		6
v -26.9012 		-17.7485 		6
v -26.8029 		-17.72 		6
v -26.7115 		-17.6903 		6
v -26.6271 		-17.6593 		6
v -26.5495 		-17.6271 		6
v -26.4788 		-17.5937 		6
v -26.415 		-17.5589 		6
v -26.3571 		-17.5238 		6
v -26.3053 		-17.4873 		6
v -26.2595 		-17.4495 		6
v -26.2197 		-17.4104 		6
v -26.1859 		-17.3699 		6
v -26.1581 		-17.3282 		6
v -26.1381 		-17.2846 		6
v -26.1231 		-17.2397 		6
v -26.1134 		-17.1933 		6
v -26.1088 		-17.1456 		6
v -26.1093 		-17.0965 		6
v -26.115 		-17.046 		6
v -26.1263 		-16.9931 		6
v -26.1426 		-16.9386 		6
v -26.1638 		-16.8825 		6
v -26.19 		-16.8248 		6
v -26.2212 		-16.7655 		6
v -26.2574 		-16.7046 		6
v -26.2894 		-16.6555 		6
v -26.3229 		-16.608 		6
v -26.3578 		-16.562 		6
v -26.3942 		-16.5176 		6
v -26.4321 		-16.4747 		6
v -26.4714 		-16.4334 		6
v -26.5121 		-16.3941 		6
v -26.5539 		-16.3573 		6
v -26.597 		-16.3229 		6
v -26.6413 		-16.2911 		6
v -26.6867 		-16.2617 		6
v -26.7334 		-16.2347 		6
v -26.7812 		-16.2106 		6
v -26.8302 		-16.1896 		6
v -26.8802 		-16.1717 		6
v -26.9313 		-16.1568 		6
v -26.9836 		-16.1452 		6
v -27.0369 		-16.1366 		6
v -27.0918 		-16.1307 		6
v -27.1475 		-16.1289 		6
v -27.204 		-16.1311 		6
v -27.2614 		-16.1373 		6
v -27.3196 		-16.1475 		6
v -27.3786 		-16.1618 		6
v -27.4524 		-16.1859 		6
v -27.5143 		-16.2144 		6
v -27.5641 		-16.2475 		6
v -27.602 		-16.285 		6
v -27.6279 		-16.327 		6
v -27.6419 		-16.3735 		6
v -27.645 		-16.4248 		6
v -27.6386 		-16.4812 		6
v -27.6224 		-16.5427 		6
v -27.5967 		-16.6094 		6
v -27.5614 		-16.6812 		6
v -27.5164 		-16.7581 		6
v -27.4666 		-16.7448 		6
v -29.0062 		-17.0774 		6
v -29.2352 		-17.1455 		6
v -28.9024 		-18.5208 		6
v -27.4176 		-16.7324 		6
v -29.3055 		-17.1721 		6
v -28.9121 		-18.5024 		6
v -28.9482 		-17.0632 		6
v -29.3665 		-17.1992 		6
v -28.6069 		-18.2158 		6
v -27.3692 		-16.7208 		6
v -28.8921 		-17.0508 		6
v -29.418 		-17.2267 		6
v -28.9202 		-18.4847 		6
v -28.6478 		-18.228 		6
v -28.838 		-17.04 		6
v -29.4601 		-17.2546 		6
v -28.9265 		-18.4677 		6
v -27.3216 		-16.7101 		6
v -28.786 		-17.031 		6
v -29.4921 		-17.284 		6
v -28.9312 		-18.4514 		6
v -27.2746 		-16.7002 		6
v -28.7359 		-17.0236 		6
v -29.5143 		-17.3143 		6
v -28.9343 		-18.4358 		6
v -27.2283 		-16.6911 		6
v -28.689 		-17.0185 		6
v -29.5268 		-17.3456 		6
v -28.9343 		-18.4197 		6
v -27.1841 		-16.6845 		6
v -28.6433 		-17.0154 		6
v -28.9321 		-18.4042 		6
v -27.1411 		-16.6791 		6
v -28.5987 		-17.0143 		6
v -29.5295 		-17.3779 		6
v -28.9276 		-18.3894 		6
v -27.0995 		-16.6752 		6
v -28.5554 		-17.0152 		6
v -29.5224 		-17.4111 		6
v -28.9209 		-18.3754 		6
v -27.0591 		-16.6725 		6
v -28.5133 		-17.018 		6
v -29.5056 		-17.4453 		6
v -28.9118 		-18.362 		6
v -27.02 		-16.6712 		6
v -28.4724 		-17.0228 		6
v -29.4884 		-17.4698 		6
v -28.9005 		-18.3493 		6
v -26.9823 		-16.6713 		6
v -28.4328 		-17.0298 		6
v -29.4686 		-17.4926 		6
v -28.8873 		-18.3363 		6
v -26.9465 		-16.6721 		6
v -28.3944 		-17.0391 		6
v -29.4462 		-17.5137 		6
v -26.9124 		-16.6746 		6
v -28.3573 		-17.0507 		6
v -29.4212 		-17.5331 		6
v -28.8714 		-18.3235 		6
v -26.8799 		-16.6789 		6
v -29.3936 		-17.5508 		6
v -28.853 		-18.3111 		6
v -26.849 		-16.685 		6
v -28.3215 		-17.0647 		6
v -29.3634 		-17.5668 		6
v -28.8319 		-18.2989 		6
v -26.8198 		-16.6929 		6
v -28.287 		-17.081 		6
v -29.3294 		-17.5807 		6
v -28.8082 		-18.2869 		6
v -26.7922 		-16.7025 		6
v -28.2538 		-17.0996 		6
v -29.2933 		-17.5929 		6
v -28.7819 		-18.2753 		6
v -26.7651 		-16.7136 		6
v -28.2212 		-17.1195 		6
v -29.2553 		-17.6033 		6
v -28.7528 		-18.2637 		6
v -26.7403 		-16.7269 		6
v -28.1905 		-17.1421 		6
v -29.2153 		-17.6121 		6
v -28.7208 		-18.2519 		6
v -26.7178 		-16.7423 		6
v -28.1619 		-17.1673 		6
v -29.1733 		-17.6192 		6
v -28.6858 		-18.24 		6
v -26.6977 		-16.7598 		6
v -28.1352 		-17.1953 		6
v -29.1292 		-17.6245 		6
v -26.6799 		-16.7794 		6
v -28.1105 		-17.2259 		6
v -29.0847 		-17.6285 		6
v -26.6644 		-16.8012 		6
v -28.0878 		-17.2592 		6
v -26.6516 		-16.8245 		6
v -27.9876 		-17.419 		6
v -29.0381 		-17.6306 		6
v -28.9892 		-17.6308 		6
v -26.6429 		-16.8471 		6
v -28.9382 		-17.629 		6
v -26.6383 		-16.8691 		6
v -28.8851 		-17.6254 		6
v -26.6379 		-16.8903 		6
v -28.8297 		-17.6198 		6
v -26.6415 		-16.9109 		6
v -28.7738 		-17.6136 		6
v -26.6492 		-16.9307 		6
v -28.7166 		-17.6053 		6
v -26.6601 		-16.9507 		6
v -28.6582 		-17.5951 		6
v -26.6741 		-16.9699 		6
v -28.5986 		-17.5829 		6
v -26.6915 		-16.9884 		6
v -28.5378 		-17.5688 		6
v -26.712 		-17.006 		6
v -28.4758 		-17.5526 		6
v -26.7358 		-17.0229 		6
v -26.7628 		-17.0391 		6
v -26.7938 		-17.056 		6
v -26.8273 		-17.0726 		6
v -27.2835 		-17.2262 		6
v -26.8635 		-17.089 		6
v -27.2296 		-17.2112 		6
v -26.9023 		-17.105 		6
v -27.1776 		-17.1962 		6
v -26.9438 		-17.1208 		6
v -27.1274 		-17.1813 		6
v -26.9878 		-17.1363 		6
v -27.0791 		-17.1663 		6
v -27.0325 		-17.1513 		6
v -23.8752 		-18.584 		4
v -23.5325 		-18.4902 		4
v -23 		-19.3398 		4
v -24.4531 		-19.1107 		4
v -24.4432 		-19.108 		4
v -24.0865 		-19.0103 		4
v -24.4761 		-19.117 		4
v -24.4641 		-19.1137 		4
v -24.5032 		-19.1244 		4
v -24.4891 		-19.1205 		4
v -24.5357 		-19.1335 		4
v -24.5183 		-19.1285 		4
v -24.5715 		-19.1446 		4
v -24.5535 		-19.1388 		4
v -24.6087 		-19.1574 		4
v -24.59 		-19.1508 		4
v -24.8479 		-19.2306 		4
v -24.8253 		-19.2245 		4
v -24.8025 		-19.2182 		4
v -24.9448 		-19.2593 		4
v -24.8922 		-19.2428 		4
v -24.8702 		-19.2367 		4
v -25.053 		-19.2935 		4
v -24.9984 		-19.2761 		4
v -25.1649 		-19.3294 		4
v -25.1084 		-19.3112 		4
v -25.1779 		-19.2824 		4
v -25.2056 		-19.3053 		4
v -25.235 		-19.3277 		4
v -25.127 		-19.2348 		4
v -25.1517 		-19.2588 		4
v -25.0825 		-19.1849 		4
v -25.104 		-19.2101 		4
v -25.0425 		-19.1327 		4
v -25.0614 		-19.1589 		4
v -25.0116 		-19.0797 		4
v -25.0259 		-19.1063 		4
v -24.9897 		-19.0258 		4
v -24.9995 		-19.0528 		4
v -24.9741 		-18.9697 		4
v -24.9807 		-18.998 		4
v -24.9683 		-18.9117 		4
v -24.97 		-18.9409 		4
v -24.9723 		-18.8517 		4
v -24.9691 		-18.8819 		4
v -24.984 		-18.7892 		4
v -24.9767 		-18.8206 		4
v -25.0075 		-18.7253 		4
v -24.9943 		-18.7574 		4
v -25.0429 		-18.6601 		4
v -25.0238 		-18.6929 		4
v -25.1238 		-18.5544 		4
v -25.0809 		-18.6053 		4
v -25.2244 		-18.4641 		4
v -25.1716 		-18.5074 		4
v -25.3447 		-18.3891 		4
v -25.2821 		-18.4247 		4
v -25.482 		-18.329 		4
v -25.4108 		-18.357 		4
v -25.6398 		-18.285 		4
v -25.5583 		-18.305 		4
v -25.8179 		-18.2572 		4
v -25.7263 		-18.2691 		4
v -26.0163 		-18.2458 		4
v -25.9146 		-18.2494 		4
v -26.2348 		-18.2511 		4
v -26.123 		-18.2464 		4
v -26.4733 		-18.2732 		4
v -26.3516 		-18.2601 		4
v -26.7344 		-18.3149 		4
v -26.6013 		-18.2919 		4
v -27.0162 		-18.3742 		4
v -26.8727 		-18.3424 		4
v -27.3188 		-18.4511 		4
v -27.1649 		-18.4105 		4
v -26.8663 		-18.9637 		4
v -26.9739 		-18.9926 		4
v -27.184 		-19.0525 		4
v -27.6139 		-18.5379 		4
v -27.4708 		-18.4942 		4
v -27.8736 		-18.6268 		4
v -27.7482 		-18.5821 		4
v -28.0976 		-18.7178 		4
v -27.99 		-18.672 		4
v -28.2893 		-18.8136 		4
v -28.1976 		-18.7654 		4
v -28.448 		-18.9115 		4
v -28.3728 		-18.8623 		4
v -28.5735 		-19.0115 		4
v -28.5149 		-18.9612 		4
v -28.6669 		-19.114 		4
v -28.6241 		-19.0625 		4
v -28.7293 		-19.2193 		4
v -28.702 		-19.1663 		4
v -28.7606 		-19.3272 		4
v -28.7488 		-19.2729 		4
v -28.7592 		-19.4368 		4
v -28.7634 		-19.3817 		4
v -28.7295 		-19.5485 		4
v -28.7479 		-19.4924 		4
v -28.6716 		-19.6624 		4
v -28.7041 		-19.6052 		4
v -28.625 		-19.7279 		4
v -28.6491 		-19.6961 		4
v -28.5723 		-19.7857 		4
v -28.5994 		-19.7578 		4
v -28.5133 		-19.836 		4
v -28.5436 		-19.8118 		4
v -28.453 		-19.8825 		4
v -28.484 		-19.86 		4
v -28.3857 		-19.9225 		4
v -28.4202 		-19.9033 		4
v -28.3116 		-19.956 		4
v -28.3495 		-19.9401 		4
v -28.2313 		-19.9836 		4
v -28.2721 		-19.9705 		4
v -28.1459 		-20.0058 		4
v -28.1893 		-19.9954 		4
v -28.0554 		-20.0226 		4
v -28.1013 		-20.0148 		4
v -27.9625 		-20.0351 		4
v -28.0096 		-20.0295 		4
v -27.8642 		-20.0429 		4
v -27.9141 		-20.0396 		4
v -27.7603 		-20.0458 		4
v -27.813 		-20.0449 		4
v -27.7618 		-21 		4
v -28.1893 		-20.3178 		4
v -27.7397 		-20.0788 		4
v -27.4224 		-20.8922 		4
v -27.4144 		-20.9049 		4
v -23.8577 		-18.6119 		4
v -24.6278 		-19.1645 		4
v -24.7794 		-19.2119 		4
v -26.7625 		-18.937 		4
v -27.373 		-19.1114 		4
v -27.4341 		-20.8728 		4
v -23.846 		-18.6312 		4
v -24.6475 		-19.1716 		4
v -24.7561 		-19.2055 		4
v -26.6625 		-18.9125 		4
v -27.541 		-19.1694 		4
v -27.4448 		-20.8535 		4
v -23.8354 		-18.6504 		4
v -26.5663 		-18.8903 		4
v -27.6879 		-19.2263 		4
v -27.4546 		-20.8342 		4
v -23.8258 		-18.6693 		4
v -24.733 		-19.199 		4
v -27.8136 		-19.2823 		4
v -27.4634 		-20.815 		4
v -23.8173 		-18.688 		4
v -24.6678 		-19.1787 		4
v -24.7105 		-19.1924 		4
v -26.474 		-18.8702 		4
v -27.9183 		-19.3373 		4
v -27.4713 		-20.7958 		4
v -23.8098 		-18.7065 		4
v -24.6888 		-19.1856 		4
v -25.2223 		-19.348 		4
v -26.3854 		-18.8523 		4
v -28.0011 		-19.3929 		4
v -23.8034 		-18.7248 		4
v -26.3005 		-18.8366 		4
v -28.0622 		-19.449 		4
v -27.4782 		-20.7768 		4
v -23.798 		-18.7436 		4
v -26.2191 		-18.8232 		4
v -27.4835 		-20.7578 		4
v -23.7947 		-18.7621 		4
v -24.0431 		-18.9976 		4
v -26.1411 		-18.8121 		4
v -28.1016 		-19.5056 		4
v -27.4865 		-20.7391 		4
v -23.7935 		-18.7801 		4
v -26.0666 		-18.8033 		4
v -28.1193 		-19.5627 		4
v -27.4873 		-20.7206 		4
v -23.7944 		-18.7976 		4
v -25.9955 		-18.7967 		4
v -28.1153 		-19.6203 		4
v -27.4858 		-20.7023 		4
v -23.7974 		-18.8148 		4
v -25.9279 		-18.7924 		4
v -28.0896 		-19.6784 		4
v -27.482 		-20.6841 		4
v -23.8025 		-18.8315 		4
v -25.8654 		-18.791 		4
v -28.0658 		-19.7122 		4
v -27.476 		-20.6662 		4
v -23.81 		-18.8479 		4
v -25.8065 		-18.7922 		4
v -28.0389 		-19.7427 		4
v -27.4659 		-20.6482 		4
v -23.82 		-18.8641 		4
v -25.7511 		-18.796 		4
v -28.0088 		-19.7699 		4
v -27.4531 		-20.6306 		4
v -23.8327 		-18.8799 		4
v -25.6992 		-18.8024 		4
v -27.9757 		-19.7938 		4
v -27.4376 		-20.6134 		4
v -23.848 		-18.8955 		4
v -25.6509 		-18.8115 		4
v -27.9395 		-19.8143 		4
v -27.4194 		-20.5966 		4
v -23.8659 		-18.9108 		4
v -25.6062 		-18.8232 		4
v -27.9001 		-19.8315 		4
v -27.3985 		-20.5802 		4
v -23.8864 		-18.9258 		4
v -25.5653 		-18.8375 		4
v -27.8569 		-19.8464 		4
v -23.9097 		-18.9413 		4
v -25.5286 		-18.8544 		4
v -27.81 		-19.8583 		4
v -27.3749 		-20.5643 		4
v -23.9371 		-18.9562 		4
v -25.496 		-18.874 		4
v -27.7595 		-19.8673 		4
v -27.348 		-20.5487 		4
v -27.1545 		-20.4772 		4
v -25.4676 		-18.8962 		4
v -27.7053 		-19.8733 		4
v -27.3171 		-20.5336 		4
v -27.201 		-20.4907 		4
v -25.4433 		-18.921 		4
v -27.6475 		-19.8763 		4
v -27.2823 		-20.5189 		4
v -27.2437 		-20.5046 		4
v -25.4232 		-18.9484 		4
v -27.5861 		-19.8763 		4
v -23.9684 		-18.9706 		4
v -25.4041 		-18.9835 		4
v -24.0037 		-18.9844 		4
v -27.519 		-19.8739 		4
v -25.3913 		-19.0179 		4
v -27.4483 		-19.8689 		4
v -25.3847 		-19.0515 		4
v -27.3741 		-19.8613 		4
v -25.3844 		-19.0844 		4
v -27.2963 		-19.8511 		4
v -25.3904 		-19.1165 		4
v -27.215 		-19.8382 		4
v -25.4027 		-19.1478 		4
v -27.1301 		-19.8228 		4
v -25.4204 		-19.1794 		4
v -27.0413 		-19.8048 		4
v -25.4435 		-19.2105 		4
v -26.9482 		-19.7845 		4
v -25.4721 		-19.2411 		4
v -26.8507 		-19.7619 		4
v -25.5063 		-19.2712 		4
v -26.7489 		-19.7369 		4
v -25.5459 		-19.3009 		4
v -26.6427 		-19.7095 		4
v -25.591 		-19.3301 		4
v -26.5322 		-19.6799 		4
v -25.6411 		-19.3598 		4
v -26.4281 		-19.6508 		4
v -25.6968 		-19.3894 		4
v -26.3285 		-19.6218 		4
v -25.7581 		-19.4189 		4
v -25.8249 		-19.4483 		4
v -26.2334 		-19.5929 		4
v -25.8973 		-19.4775 		4
v -26.1428 		-19.564 		4
v -25.9753 		-19.5066 		4
v -26.0568 		-19.5353 		4
v -23 		-19.3398 		6
v -23.5325 		-18.4902 		6
v -23.8752 		-18.584 		6
v -24.0865 		-19.0103 		6
v -24.4432 		-19.108 		6
v -24.4531 		-19.1107 		6
v -24.4641 		-19.1137 		6
v -24.4761 		-19.117 		6
v -24.4891 		-19.1205 		6
v -24.5032 		-19.1244 		6
v -24.5183 		-19.1285 		6
v -24.5357 		-19.1335 		6
v -24.5535 		-19.1388 		6
v -24.5715 		-19.1446 		6
v -24.59 		-19.1508 		6
v -24.6087 		-19.1574 		6
v -24.8025 		-19.2182 		6
v -24.8253 		-19.2245 		6
v -24.8479 		-19.2306 		6
v -24.8702 		-19.2367 		6
v -24.8922 		-19.2428 		6
v -24.9448 		-19.2593 		6
v -24.9984 		-19.2761 		6
v -25.053 		-19.2935 		6
v -25.1084 		-19.3112 		6
v -25.1649 		-19.3294 		6
v -25.235 		-19.3277 		6
v -25.2056 		-19.3053 		6
v -25.1779 		-19.2824 		6
v -25.1517 		-19.2588 		6
v -25.127 		-19.2348 		6
v -25.104 		-19.2101 		6
v -25.0825 		-19.1849 		6
v -25.0614 		-19.1589 		6
v -25.0425 		-19.1327 		6
v -25.0259 		-19.1063 		6
v -25.0116 		-19.0797 		6
v -24.9995 		-19.0528 		6
v -24.9897 		-19.0258 		6
v -24.9807 		-18.998 		6
v -24.9741 		-18.9697 		6
v -24.97 		-18.9409 		6
v -24.9683 		-18.9117 		6
v -24.9691 		-18.8819 		6
v -24.9723 		-18.8517 		6
v -24.9767 		-18.8206 		6
v -24.984 		-18.7892 		6
v -24.9943 		-18.7574 		6
v -25.0075 		-18.7253 		6
v -25.0238 		-18.6929 		6
v -25.0429 		-18.6601 		6
v -25.0809 		-18.6053 		6
v -25.1238 		-18.5544 		6
v -25.1716 		-18.5074 		6
v -25.2244 		-18.4641 		6
v -25.2821 		-18.4247 		6
v -25.3447 		-18.3891 		6
v -25.4108 		-18.357 		6
v -25.482 		-18.329 		6
v -25.5583 		-18.305 		6
v -25.6398 		-18.285 		6
v -25.7263 		-18.2691 		6
v -25.8179 		-18.2572 		6
v -25.9146 		-18.2494 		6
v -26.0163 		-18.2458 		6
v -26.123 		-18.2464 		6
v -26.2348 		-18.2511 		6
v -26.3516 		-18.2601 		6
v -26.4733 		-18.2732 		6
v -26.6013 		-18.2919 		6
v -26.7344 		-18.3149 		6
v -26.8727 		-18.3424 		6
v -27.0162 		-18.3742 		6
v -27.1649 		-18.4105 		6
v -27.3188 		-18.4511 		6
v -26.9739 		-18.9926 		6
v -26.8663 		-18.9637 		6
v -27.184 		-19.0525 		6
v -27.4708 		-18.4942 		6
v -27.6139 		-18.5379 		6
v -27.7482 		-18.5821 		6
v -27.8736 		-18.6268 		6
v -27.99 		-18.672 		6
v -28.0976 		-18.7178 		6
v -28.1976 		-18.7654 		6
v -28.2893 		-18.8136 		6
v -28.3728 		-18.8623 		6
v -28.448 		-18.9115 		6
v -28.5149 		-18.9612 		6
v -28.5735 		-19.0115 		6
v -28.6241 		-19.0625 		6
v -28.6669 		-19.114 		6
v -28.702 		-19.1663 		6
v -28.7293 		-19.2193 		6
v -28.7488 		-19.2729 		6
v -28.7606 		-19.3272 		6
v -28.7634 		-19.3817 		6
v -28.7592 		-19.4368 		6
v -28.7479 		-19.4924 		6
v -28.7295 		-19.5485 		6
v -28.7041 		-19.6052 		6
v -28.6716 		-19.6624 		6
v -28.6491 		-19.6961 		6
v -28.625 		-19.7279 		6
v -28.5994 		-19.7578 		6
v -28.5723 		-19.7857 		6
v -28.5436 		-19.8118 		6
v -28.5133 		-19.836 		6
v -28.484 		-19.86 		6
v -28.453 		-19.8825 		6
v -28.4202 		-19.9033 		6
v -28.3857 		-19.9225 		6
v -28.3495 		-19.9401 		6
v -28.3116 		-19.956 		6
v -28.2721 		-19.9705 		6
v -28.2313 		-19.9836 		6
v -28.1893 		-19.9954 		6
v -28.1459 		-20.0058 		6
v -28.1013 		-20.0148 		6
v -28.0554 		-20.0226 		6
v -28.0096 		-20.0295 		6
v -27.9625 		-20.0351 		6
v -27.9141 		-20.0396 		6
v -27.8642 		-20.0429 		6
v -27.813 		-20.0449 		6
v -27.7603 		-20.0458 		6
v -27.7397 		-20.0788 		6
v -28.1893 		-20.3178 		6
v -27.7618 		-21 		6
v -27.4144 		-20.9049 		6
v -27.4224 		-20.8922 		6
v -23.8577 		-18.6119 		6
v -24.6278 		-19.1645 		6
v -24.7794 		-19.2119 		6
v -26.7625 		-18.937 		6
v -27.373 		-19.1114 		6
v -27.4341 		-20.8728 		6
v -23.846 		-18.6312 		6
v -24.6475 		-19.1716 		6
v -24.7561 		-19.2055 		6
v -26.6625 		-18.9125 		6
v -27.541 		-19.1694 		6
v -27.4448 		-20.8535 		6
v -23.8354 		-18.6504 		6
v -26.5663 		-18.8903 		6
v -27.6879 		-19.2263 		6
v -27.4546 		-20.8342 		6
v -23.8258 		-18.6693 		6
v -24.733 		-19.199 		6
v -27.8136 		-19.2823 		6
v -27.4634 		-20.815 		6
v -23.8173 		-18.688 		6
v -24.6678 		-19.1787 		6
v -24.7105 		-19.1924 		6
v -26.474 		-18.8702 		6
v -27.9183 		-19.3373 		6
v -27.4713 		-20.7958 		6
v -23.8098 		-18.7065 		6
v -24.6888 		-19.1856 		6
v -25.2223 		-19.348 		6
v -26.3854 		-18.8523 		6
v -28.0011 		-19.3929 		6
v -23.8034 		-18.7248 		6
v -26.3005 		-18.8366 		6
v -28.0622 		-19.449 		6
v -27.4782 		-20.7768 		6
v -23.798 		-18.7436 		6
v -26.2191 		-18.8232 		6
v -27.4835 		-20.7578 		6
v -23.7947 		-18.7621 		6
v -24.0431 		-18.9976 		6
v -26.1411 		-18.8121 		6
v -28.1016 		-19.5056 		6
v -27.4865 		-20.7391 		6
v -23.7935 		-18.7801 		6
v -26.0666 		-18.8033 		6
v -28.1193 		-19.5627 		6
v -27.4873 		-20.7206 		6
v -23.7944 		-18.7976 		6
v -25.9955 		-18.7967 		6
v -28.1153 		-19.6203 		6
v -27.4858 		-20.7023 		6
v -23.7974 		-18.8148 		6
v -25.9279 		-18.7924 		6
v -28.0896 		-19.6784 		6
v -27.482 		-20.6841 		6
v -23.8025 		-18.8315 		6
v -25.8654 		-18.791 		6
v -28.0658 		-19.7122 		6
v -27.476 		-20.6662 		6
v -23.81 		-18.8479 		6
v -25.8065 		-18.7922 		6
v -28.0389 		-19.7427 		6
v -27.4659 		-20.6482 		6
v -23.82 		-18.8641 		6
v -25.7511 		-18.796 		6
v -28.0088 		-19.7699 		6
v -27.4531 		-20.6306 		6
v -23.8327 		-18.8799 		6
v -25.6992 		-18.8024 		6
v -27.9757 		-19.7938 		6
v -27.4376 		-20.6134 		6
v -23.848 		-18.8955 		6
v -25.6509 		-18.8115 		6
v -27.9395 		-19.8143 		6
v -27.4194 		-20.5966 		6
v -23.8659 		-18.9108 		6
v -25.6062 		-18.8232 		6
v -27.9001 		-19.8315 		6
v -27.3985 		-20.5802 		6
v -23.8864 		-18.9258 		6
v -25.5653 		-18.8375 		6
v -27.8569 		-19.8464 		6
v -23.9097 		-18.9413 		6
v -25.5286 		-18.8544 		6
v -27.81 		-19.8583 		6
v -27.3749 		-20.5643 		6
v -23.9371 		-18.9562 		6
v -25.496 		-18.874 		6
v -27.7595 		-19.8673 		6
v -27.348 		-20.5487 		6
v -27.1545 		-20.4772 		6
v -25.4676 		-18.8962 		6
v -27.7053 		-19.8733 		6
v -27.3171 		-20.5336 		6
v -27.201 		-20.4907 		6
v -25.4433 		-18.921 		6
v -27.6475 		-19.8763 		6
v -27.2823 		-20.5189 		6
v -27.2437 		-20.5046 		6
v -25.4232 		-18.9484 		6
v -27.5861 		-19.8763 		6
v -23.9684 		-18.9706 		6
v -25.4041 		-18.9835 		6
v -24.0037 		-18.9844 		6
v -27.519 		-19.8739 		6
v -25.3913 		-19.0179 		6
v -27.4483 		-19.8689 		6
v -25.3847 		-19.0515 		6
v -27.3741 		-19.8613 		6
v -25.3844 		-19.0844 		6
v -27.2963 		-19.8511 		6
v -25.3904 		-19.1165 		6
v -27.215 		-19.8382 		6
v -25.4027 		-19.1478 		6
v -27.1301 		-19.8228 		6
v -25.4204 		-19.1794 		6
v -27.0413 		-19.8048 		6
v -25.4435 		-19.2105 		6
v -26.9482 		-19.7845 		6
v -25.4721 		-19.2411 		6
v -26.8507 		-19.7619 		6
v -25.5063 		-19.2712 		6
v -26.7489 		-19.7369 		6
v -25.5459 		-19.3009 		6
v -26.6427 		-19.7095 		6
v -25.591 		-19.3301 		6
v -26.5322 		-19.6799 		6
v -25.6411 		-19.3598 		6
v -26.4281 		-19.6508 		6
v -25.6968 		-19.3894 		6
v -26.3285 		-19.6218 		6
v -25.7581 		-19.4189 		6
v -25.8249 		-19.4483 		6
v -26.2334 		-19.5929 		6
v -25.8973 		-19.4775 		6
v -26.1428 		-19.564 		6
v -25.9753 		-19.5066 		6
v -26.0568 		-19.5353 		6
# 2986 vertices

g group_7_15277357

usemtl color_15277357
s 0

f 4843 	4844 	4845
f 4846 	4847 	4848
f 4849 	4850 	4846
f 4851 	4852 	4853
f 4854 	4855 	4856
f 4857 	4858 	4854
f 4859 	4860 	4861
f 4862 	4863 	4859
f 4864 	4865 	4862
f 4866 	4867 	4864
f 4868 	4869 	4866
f 4870 	4871 	4868
f 4872 	4873 	4870
f 4874 	4875 	4872
f 4876 	4877 	4874
f 4878 	4879 	4876
f 4880 	4881 	4878
f 4882 	4883 	4880
f 4884 	4885 	4882
f 4886 	4887 	4884
f 4888 	4889 	4886
f 4890 	4891 	4888
f 4892 	4893 	4890
f 4894 	4895 	4892
f 4896 	4897 	4894
f 4898 	4899 	4896
f 4900 	4901 	4902
f 4903 	4904 	4905
f 4906 	4907 	4903
f 4846 	4848 	4908
f 4909 	4849 	4846
f 4854 	4856 	4910
f 4911 	4857 	4854
f 4862 	4859 	4861
f 4866 	4864 	4862
f 4870 	4868 	4866
f 4874 	4872 	4870
f 4878 	4876 	4874
f 4882 	4880 	4878
f 4886 	4884 	4882
f 4890 	4888 	4886
f 4894 	4892 	4890
f 4898 	4896 	4894
f 4903 	4905 	4912
f 4913 	4906 	4903
f 4846 	4908 	4914
f 4915 	4909 	4846
f 4854 	4910 	4916
f 4917 	4911 	4854
f 4866 	4862 	4861
f 4874 	4870 	4866
f 4882 	4878 	4874
f 4890 	4886 	4882
f 4898 	4894 	4890
f 4903 	4912 	4918
f 4919 	4913 	4903
f 4846 	4914 	4920
f 4921 	4915 	4846
f 4854 	4916 	4922
f 4923 	4917 	4854
f 4874 	4866 	4861
f 4890 	4882 	4874
f 4924 	4898 	4890
f 4903 	4918 	4925
f 4926 	4919 	4903
f 4846 	4920 	4927
f 4928 	4921 	4846
f 4854 	4922 	4929
f 4930 	4923 	4854
f 4890 	4874 	4861
f 4931 	4924 	4890
f 4903 	4925 	4932
f 4933 	4926 	4903
f 4846 	4927 	4843
f 4934 	4928 	4846
f 4854 	4929 	4935
f 4936 	4930 	4854
f 4937 	4931 	4890
f 4903 	4932 	4938
f 4939 	4933 	4903
f 4846 	4843 	4845
f 4853 	4934 	4846
f 4854 	4935 	4940
f 4941 	4936 	4854
f 4942 	4937 	4890
f 4903 	4938 	4943
f 4944 	4939 	4903
f 4846 	4845 	4945
f 4851 	4853 	4846
f 4854 	4940 	4946
f 4947 	4941 	4854
f 4948 	4942 	4890
f 4903 	4943 	4949
f 4950 	4944 	4903
f 4846 	4945 	4951
f 4952 	4851 	4846
f 4854 	4946 	4953
f 4954 	4947 	4854
f 4955 	4948 	4890
f 4903 	4949 	4956
f 4957 	4950 	4903
f 4846 	4951 	4958
f 4959 	4952 	4846
f 4854 	4953 	4960
f 4961 	4954 	4854
f 4962 	4955 	4890
f 4903 	4956 	4963
f 4964 	4957 	4903
f 4846 	4958 	4965
f 4966 	4959 	4846
f 4854 	4960 	4967
f 4968 	4961 	4854
f 4969 	4962 	4890
f 4903 	4963 	4970
f 4971 	4964 	4903
f 4966 	4846 	4965
f 4854 	4967 	4972
f 4973 	4968 	4854
f 4974 	4969 	4890
f 4903 	4970 	4975
f 4976 	4971 	4903
f 4966 	4965 	4977
f 4854 	4972 	4978
f 4979 	4973 	4854
f 4980 	4974 	4890
f 4903 	4975 	4981
f 4982 	4976 	4903
f 4966 	4977 	4983
f 4979 	4854 	4978
f 4984 	4980 	4890
f 4903 	4981 	4985
f 4986 	4982 	4903
f 4966 	4983 	4987
f 4979 	4978 	4988
f 4989 	4984 	4890
f 4903 	4985 	4990
f 4991 	4986 	4903
f 4966 	4987 	4992
f 4979 	4988 	4993
f 4994 	4989 	4890
f 4903 	4990 	4995
f 4996 	4991 	4903
f 4966 	4992 	4997
f 4979 	4993 	4998
f 4994 	4890 	4861
f 4903 	4995 	4999
f 5000 	4996 	4903
f 4966 	4997 	5001
f 4979 	4998 	5002
f 5003 	4994 	4861
f 4903 	4999 	5004
f 5005 	5000 	4903
f 4966 	5001 	5006
f 4979 	5002 	5007
f 5008 	5003 	4861
f 4903 	5004 	5009
f 5010 	5005 	4903
f 4966 	5006 	5011
f 4979 	5007 	5012
f 5013 	5008 	4861
f 5010 	4903 	5009
f 4966 	5011 	5014
f 4979 	5012 	5015
f 5016 	5013 	4861
f 5010 	5009 	5017
f 4966 	5014 	5018
f 4979 	5015 	5019
f 5020 	5016 	4861
f 5010 	5017 	5021
f 4966 	5018 	5022
f 4979 	5019 	5023
f 5024 	5020 	4861
f 5010 	5021 	5025
f 4966 	5022 	5026
f 4979 	5023 	5027
f 5028 	5024 	4861
f 5010 	5025 	4900
f 4966 	5026 	5029
f 4979 	5027 	5030
f 5031 	5028 	4861
f 5032 	5010 	4900
f 5033 	4966 	5029
f 4979 	5030 	5034
f 5035 	5031 	4861
f 5032 	4900 	4902
f 5036 	5033 	5029
f 5037 	4979 	5034
f 5038 	5035 	4861
f 5039 	5032 	4902
f 5040 	5036 	5029
f 5041 	5037 	5034
f 5042 	5038 	4861
f 5043 	5039 	4902
f 5044 	5040 	5029
f 5045 	5041 	5034
f 4902 	5042 	4861
f 5046 	5043 	4902
f 5047 	5044 	5029
f 5048 	5045 	5034
f 4902 	4861 	5049
f 5050 	5046 	4902
f 5047 	5029 	5051
f 5052 	5048 	5034
f 5053 	5050 	4902
f 5054 	5047 	5051
f 5055 	5052 	5034
f 5056 	5053 	4902
f 5057 	5054 	5051
f 5058 	5055 	5034
f 5059 	5056 	4902
f 5060 	5057 	5051
f 5058 	5034 	5061
f 5062 	5059 	4902
f 5063 	5060 	5051
f 5058 	5061 	5064
f 5062 	4902 	5049
f 5065 	5063 	5051
f 5058 	5064 	5066
f 5067 	5062 	5049
f 5068 	5065 	5051
f 5058 	5066 	5068
f 5069 	5067 	5049
f 5070 	5058 	5068
f 5071 	5069 	5049
f 5072 	5070 	5068
f 5073 	5071 	5049
f 5074 	5072 	5068
f 5075 	5073 	5049
f 5076 	5074 	5068
f 5077 	5075 	5049
f 5078 	5076 	5068
f 5079 	5077 	5049
f 5080 	5078 	5068
f 5081 	5079 	5049
f 5049 	5080 	5068
f 5082 	5081 	5049
f 5049 	5068 	5051
f 5051 	5082 	5049
f 5083 	5084 	5085
f 5086 	5087 	5088
f 5088 	5089 	5090
f 5091 	5092 	5093
f 5094 	5095 	5096
f 5096 	5097 	5098
f 5099 	5100 	5101
f 5101 	5102 	5103
f 5103 	5104 	5105
f 5105 	5106 	5107
f 5107 	5108 	5109
f 5109 	5110 	5111
f 5111 	5112 	5113
f 5113 	5114 	5115
f 5115 	5116 	5117
f 5117 	5118 	5119
f 5119 	5120 	5121
f 5121 	5122 	5123
f 5123 	5124 	5125
f 5125 	5126 	5127
f 5127 	5128 	5129
f 5129 	5130 	5131
f 5131 	5132 	5133
f 5133 	5134 	5135
f 5135 	5136 	5137
f 5137 	5138 	5139
f 5140 	5141 	5142
f 5143 	5144 	5145
f 5145 	5146 	5147
f 5148 	5086 	5088
f 5088 	5090 	5149
f 5150 	5094 	5096
f 5096 	5098 	5151
f 5099 	5101 	5103
f 5103 	5105 	5107
f 5107 	5109 	5111
f 5111 	5113 	5115
f 5115 	5117 	5119
f 5119 	5121 	5123
f 5123 	5125 	5127
f 5127 	5129 	5131
f 5131 	5133 	5135
f 5135 	5137 	5139
f 5152 	5143 	5145
f 5145 	5147 	5153
f 5154 	5148 	5088
f 5088 	5149 	5155
f 5156 	5150 	5096
f 5096 	5151 	5157
f 5099 	5103 	5107
f 5107 	5111 	5115
f 5115 	5119 	5123
f 5123 	5127 	5131
f 5131 	5135 	5139
f 5158 	5152 	5145
f 5145 	5153 	5159
f 5160 	5154 	5088
f 5088 	5155 	5161
f 5162 	5156 	5096
f 5096 	5157 	5163
f 5099 	5107 	5115
f 5115 	5123 	5131
f 5131 	5139 	5164
f 5165 	5158 	5145
f 5145 	5159 	5166
f 5167 	5160 	5088
f 5088 	5161 	5168
f 5169 	5162 	5096
f 5096 	5163 	5170
f 5099 	5115 	5131
f 5131 	5164 	5171
f 5172 	5165 	5145
f 5145 	5166 	5173
f 5085 	5167 	5088
f 5088 	5168 	5174
f 5175 	5169 	5096
f 5096 	5170 	5176
f 5131 	5171 	5177
f 5178 	5172 	5145
f 5145 	5173 	5179
f 5083 	5085 	5088
f 5088 	5174 	5091
f 5180 	5175 	5096
f 5096 	5176 	5181
f 5131 	5177 	5182
f 5183 	5178 	5145
f 5145 	5179 	5184
f 5185 	5083 	5088
f 5088 	5091 	5093
f 5186 	5180 	5096
f 5096 	5181 	5187
f 5131 	5182 	5188
f 5189 	5183 	5145
f 5145 	5184 	5190
f 5191 	5185 	5088
f 5088 	5093 	5192
f 5193 	5186 	5096
f 5096 	5187 	5194
f 5131 	5188 	5195
f 5196 	5189 	5145
f 5145 	5190 	5197
f 5198 	5191 	5088
f 5088 	5192 	5199
f 5200 	5193 	5096
f 5096 	5194 	5201
f 5131 	5195 	5202
f 5203 	5196 	5145
f 5145 	5197 	5204
f 5205 	5198 	5088
f 5088 	5199 	5206
f 5207 	5200 	5096
f 5096 	5201 	5208
f 5131 	5202 	5209
f 5210 	5203 	5145
f 5145 	5204 	5211
f 5205 	5088 	5206
f 5212 	5207 	5096
f 5096 	5208 	5213
f 5131 	5209 	5214
f 5215 	5210 	5145
f 5145 	5211 	5216
f 5217 	5205 	5206
f 5218 	5212 	5096
f 5096 	5213 	5219
f 5131 	5214 	5220
f 5221 	5215 	5145
f 5145 	5216 	5222
f 5223 	5217 	5206
f 5218 	5096 	5219
f 5131 	5220 	5224
f 5225 	5221 	5145
f 5145 	5222 	5226
f 5227 	5223 	5206
f 5228 	5218 	5219
f 5131 	5224 	5229
f 5230 	5225 	5145
f 5145 	5226 	5231
f 5232 	5227 	5206
f 5233 	5228 	5219
f 5131 	5229 	5234
f 5235 	5230 	5145
f 5145 	5231 	5236
f 5237 	5232 	5206
f 5238 	5233 	5219
f 5099 	5131 	5234
f 5239 	5235 	5145
f 5145 	5236 	5240
f 5241 	5237 	5206
f 5242 	5238 	5219
f 5099 	5234 	5243
f 5244 	5239 	5145
f 5145 	5240 	5245
f 5246 	5241 	5206
f 5247 	5242 	5219
f 5099 	5243 	5248
f 5249 	5244 	5145
f 5145 	5245 	5250
f 5251 	5246 	5206
f 5252 	5247 	5219
f 5099 	5248 	5253
f 5249 	5145 	5250
f 5254 	5251 	5206
f 5255 	5252 	5219
f 5099 	5253 	5256
f 5257 	5249 	5250
f 5258 	5254 	5206
f 5259 	5255 	5219
f 5099 	5256 	5260
f 5261 	5257 	5250
f 5262 	5258 	5206
f 5263 	5259 	5219
f 5099 	5260 	5264
f 5265 	5261 	5250
f 5266 	5262 	5206
f 5267 	5263 	5219
f 5099 	5264 	5268
f 5142 	5265 	5250
f 5269 	5266 	5206
f 5270 	5267 	5219
f 5099 	5268 	5271
f 5142 	5250 	5272
f 5269 	5206 	5273
f 5274 	5270 	5219
f 5099 	5271 	5275
f 5140 	5142 	5272
f 5269 	5273 	5276
f 5274 	5219 	5277
f 5099 	5275 	5278
f 5140 	5272 	5279
f 5269 	5276 	5280
f 5274 	5277 	5281
f 5099 	5278 	5282
f 5140 	5279 	5283
f 5269 	5280 	5284
f 5274 	5281 	5285
f 5099 	5282 	5140
f 5140 	5283 	5286
f 5269 	5284 	5287
f 5274 	5285 	5288
f 5289 	5099 	5140
f 5140 	5286 	5290
f 5291 	5269 	5287
f 5274 	5288 	5292
f 5140 	5290 	5293
f 5291 	5287 	5294
f 5274 	5292 	5295
f 5140 	5293 	5296
f 5291 	5294 	5297
f 5274 	5295 	5298
f 5140 	5296 	5299
f 5291 	5297 	5300
f 5301 	5274 	5298
f 5140 	5299 	5302
f 5291 	5300 	5303
f 5304 	5301 	5298
f 5289 	5140 	5302
f 5291 	5303 	5305
f 5306 	5304 	5298
f 5289 	5302 	5307
f 5291 	5305 	5308
f 5308 	5306 	5298
f 5289 	5307 	5309
f 5308 	5298 	5310
f 5289 	5309 	5311
f 5308 	5310 	5312
f 5289 	5311 	5313
f 5308 	5312 	5314
f 5289 	5313 	5315
f 5308 	5314 	5316
f 5289 	5315 	5317
f 5308 	5316 	5318
f 5289 	5317 	5319
f 5308 	5318 	5320
f 5289 	5319 	5321
f 5308 	5320 	5289
f 5289 	5321 	5322
f 5291 	5308 	5289
f 5289 	5322 	5291
f 5051 	5029 	5291
f 5029 	5269 	5291
f 5029 	5026 	5269
f 5026 	5266 	5269
f 5026 	5022 	5266
f 5022 	5262 	5266
f 5022 	5018 	5262
f 5018 	5258 	5262
f 5018 	5014 	5258
f 5014 	5254 	5258
f 5014 	5011 	5254
f 5011 	5251 	5254
f 5011 	5006 	5251
f 5006 	5246 	5251
f 5006 	5001 	5246
f 5001 	5241 	5246
f 5001 	4997 	5241
f 4997 	5237 	5241
f 4997 	4992 	5237
f 4992 	5232 	5237
f 4992 	4987 	5232
f 4987 	5227 	5232
f 4987 	4983 	5227
f 4983 	5223 	5227
f 4983 	4977 	5223
f 4977 	5217 	5223
f 4977 	4965 	5217
f 4965 	5205 	5217
f 4965 	4958 	5205
f 4958 	5198 	5205
f 4958 	4951 	5198
f 4951 	5191 	5198
f 4951 	4945 	5191
f 4945 	5185 	5191
f 4945 	4845 	5185
f 4845 	5083 	5185
f 4845 	4844 	5083
f 4844 	5084 	5083
f 4844 	4843 	5084
f 4843 	5085 	5084
f 4843 	4927 	5085
f 4927 	5167 	5085
f 4927 	4920 	5167
f 4920 	5160 	5167
f 4920 	4914 	5160
f 4914 	5154 	5160
f 4914 	4908 	5154
f 4908 	5148 	5154
f 4908 	4848 	5148
f 4848 	5086 	5148
f 4848 	4847 	5086
f 4847 	5087 	5086
f 4847 	4846 	5087
f 4846 	5088 	5087
f 4846 	4850 	5088
f 4850 	5089 	5088
f 4850 	4849 	5089
f 4849 	5090 	5089
f 4849 	4909 	5090
f 4909 	5149 	5090
f 4909 	4915 	5149
f 4915 	5155 	5149
f 4915 	4921 	5155
f 4921 	5161 	5155
f 4921 	4928 	5161
f 4928 	5168 	5161
f 4928 	4934 	5168
f 4934 	5174 	5168
f 4934 	4853 	5174
f 4853 	5091 	5174
f 4853 	4852 	5091
f 4852 	5092 	5091
f 4852 	4851 	5092
f 4851 	5093 	5092
f 4851 	4952 	5093
f 4952 	5192 	5093
f 4952 	4959 	5192
f 4959 	5199 	5192
f 4959 	4966 	5199
f 4966 	5206 	5199
f 4966 	5033 	5206
f 5033 	5273 	5206
f 5033 	5036 	5273
f 5036 	5276 	5273
f 5036 	5040 	5276
f 5040 	5280 	5276
f 5040 	5044 	5280
f 5044 	5284 	5280
f 5044 	5047 	5284
f 5047 	5287 	5284
f 5047 	5054 	5287
f 5054 	5294 	5287
f 5054 	5057 	5294
f 5057 	5297 	5294
f 5057 	5060 	5297
f 5060 	5300 	5297
f 5060 	5063 	5300
f 5063 	5303 	5300
f 5063 	5065 	5303
f 5065 	5305 	5303
f 5065 	5068 	5305
f 5068 	5308 	5305
f 5068 	5066 	5308
f 5066 	5306 	5308
f 5066 	5064 	5306
f 5064 	5304 	5306
f 5064 	5061 	5304
f 5061 	5301 	5304
f 5061 	5034 	5301
f 5034 	5274 	5301
f 5034 	5030 	5274
f 5030 	5270 	5274
f 5030 	5027 	5270
f 5027 	5267 	5270
f 5027 	5023 	5267
f 5023 	5263 	5267
f 5023 	5019 	5263
f 5019 	5259 	5263
f 5019 	5015 	5259
f 5015 	5255 	5259
f 5015 	5012 	5255
f 5012 	5252 	5255
f 5012 	5007 	5252
f 5007 	5247 	5252
f 5007 	5002 	5247
f 5002 	5242 	5247
f 5002 	4998 	5242
f 4998 	5238 	5242
f 4998 	4993 	5238
f 4993 	5233 	5238
f 4993 	4988 	5233
f 4988 	5228 	5233
f 4988 	4978 	5228
f 4978 	5218 	5228
f 4978 	4972 	5218
f 4972 	5212 	5218
f 4972 	4967 	5212
f 4967 	5207 	5212
f 4967 	4960 	5207
f 4960 	5200 	5207
f 4960 	4953 	5200
f 4953 	5193 	5200
f 4953 	4946 	5193
f 4946 	5186 	5193
f 4946 	4940 	5186
f 4940 	5180 	5186
f 4940 	4935 	5180
f 4935 	5175 	5180
f 4935 	4929 	5175
f 4929 	5169 	5175
f 4929 	4922 	5169
f 4922 	5162 	5169
f 4922 	4916 	5162
f 4916 	5156 	5162
f 4916 	4910 	5156
f 4910 	5150 	5156
f 4910 	4856 	5150
f 4856 	5094 	5150
f 4856 	4855 	5094
f 4855 	5095 	5094
f 4855 	4854 	5095
f 4854 	5096 	5095
f 4854 	4858 	5096
f 4858 	5097 	5096
f 4858 	4857 	5097
f 4857 	5098 	5097
f 4857 	4911 	5098
f 4911 	5151 	5098
f 4911 	4917 	5151
f 4917 	5157 	5151
f 4917 	4923 	5157
f 4923 	5163 	5157
f 4923 	4930 	5163
f 4930 	5170 	5163
f 4930 	4936 	5170
f 4936 	5176 	5170
f 4936 	4941 	5176
f 4941 	5181 	5176
f 4941 	4947 	5181
f 4947 	5187 	5181
f 4947 	4954 	5187
f 4954 	5194 	5187
f 4954 	4961 	5194
f 4961 	5201 	5194
f 4961 	4968 	5201
f 4968 	5208 	5201
f 4968 	4973 	5208
f 4973 	5213 	5208
f 4973 	4979 	5213
f 4979 	5219 	5213
f 4979 	5037 	5219
f 5037 	5277 	5219
f 5037 	5041 	5277
f 5041 	5281 	5277
f 5041 	5045 	5281
f 5045 	5285 	5281
f 5045 	5048 	5285
f 5048 	5288 	5285
f 5048 	5052 	5288
f 5052 	5292 	5288
f 5052 	5055 	5292
f 5055 	5295 	5292
f 5055 	5058 	5295
f 5058 	5298 	5295
f 5058 	5070 	5298
f 5070 	5310 	5298
f 5070 	5072 	5310
f 5072 	5312 	5310
f 5072 	5074 	5312
f 5074 	5314 	5312
f 5074 	5076 	5314
f 5076 	5316 	5314
f 5076 	5078 	5316
f 5078 	5318 	5316
f 5078 	5080 	5318
f 5080 	5320 	5318
f 5080 	5049 	5320
f 5049 	5289 	5320
f 5049 	4861 	5289
f 4861 	5099 	5289
f 4861 	4860 	5099
f 4860 	5100 	5099
f 4860 	4859 	5100
f 4859 	5101 	5100
f 4859 	4863 	5101
f 4863 	5102 	5101
f 4863 	4862 	5102
f 4862 	5103 	5102
f 4862 	4865 	5103
f 4865 	5104 	5103
f 4865 	4864 	5104
f 4864 	5105 	5104
f 4864 	4867 	5105
f 4867 	5106 	5105
f 4867 	4866 	5106
f 4866 	5107 	5106
f 4866 	4869 	5107
f 4869 	5108 	5107
f 4869 	4868 	5108
f 4868 	5109 	5108
f 4868 	4871 	5109
f 4871 	5110 	5109
f 4871 	4870 	5110
f 4870 	5111 	5110
f 4870 	4873 	5111
f 4873 	5112 	5111
f 4873 	4872 	5112
f 4872 	5113 	5112
f 4872 	4875 	5113
f 4875 	5114 	5113
f 4875 	4874 	5114
f 4874 	5115 	5114
f 4874 	4877 	5115
f 4877 	5116 	5115
f 4877 	4876 	5116
f 4876 	5117 	5116
f 4876 	4879 	5117
f 4879 	5118 	5117
f 4879 	4878 	5118
f 4878 	5119 	5118
f 4878 	4881 	5119
f 4881 	5120 	5119
f 4881 	4880 	5120
f 4880 	5121 	5120
f 4880 	4883 	5121
f 4883 	5122 	5121
f 4883 	4882 	5122
f 4882 	5123 	5122
f 4882 	4885 	5123
f 4885 	5124 	5123
f 4885 	4884 	5124
f 4884 	5125 	5124
f 4884 	4887 	5125
f 4887 	5126 	5125
f 4887 	4886 	5126
f 4886 	5127 	5126
f 4886 	4889 	5127
f 4889 	5128 	5127
f 4889 	4888 	5128
f 4888 	5129 	5128
f 4888 	4891 	5129
f 4891 	5130 	5129
f 4891 	4890 	5130
f 4890 	5131 	5130
f 4890 	4893 	5131
f 4893 	5132 	5131
f 4893 	4892 	5132
f 4892 	5133 	5132
f 4892 	4895 	5133
f 4895 	5134 	5133
f 4895 	4894 	5134
f 4894 	5135 	5134
f 4894 	4897 	5135
f 4897 	5136 	5135
f 4897 	4896 	5136
f 4896 	5137 	5136
f 4896 	4899 	5137
f 4899 	5138 	5137
f 4899 	4898 	5138
f 4898 	5139 	5138
f 4898 	4924 	5139
f 4924 	5164 	5139
f 4924 	4931 	5164
f 4931 	5171 	5164
f 4931 	4937 	5171
f 4937 	5177 	5171
f 4937 	4942 	5177
f 4942 	5182 	5177
f 4942 	4948 	5182
f 4948 	5188 	5182
f 4948 	4955 	5188
f 4955 	5195 	5188
f 4955 	4962 	5195
f 4962 	5202 	5195
f 4962 	4969 	5202
f 4969 	5209 	5202
f 4969 	4974 	5209
f 4974 	5214 	5209
f 4974 	4980 	5214
f 4980 	5220 	5214
f 4980 	4984 	5220
f 4984 	5224 	5220
f 4984 	4989 	5224
f 4989 	5229 	5224
f 4989 	4994 	5229
f 4994 	5234 	5229
f 4994 	5003 	5234
f 5003 	5243 	5234
f 5003 	5008 	5243
f 5008 	5248 	5243
f 5008 	5013 	5248
f 5013 	5253 	5248
f 5013 	5016 	5253
f 5016 	5256 	5253
f 5016 	5020 	5256
f 5020 	5260 	5256
f 5020 	5024 	5260
f 5024 	5264 	5260
f 5024 	5028 	5264
f 5028 	5268 	5264
f 5028 	5031 	5268
f 5031 	5271 	5268
f 5031 	5035 	5271
f 5035 	5275 	5271
f 5035 	5038 	5275
f 5038 	5278 	5275
f 5038 	5042 	5278
f 5042 	5282 	5278
f 5042 	4902 	5282
f 4902 	5140 	5282
f 4902 	4901 	5140
f 4901 	5141 	5140
f 4901 	4900 	5141
f 4900 	5142 	5141
f 4900 	5025 	5142
f 5025 	5265 	5142
f 5025 	5021 	5265
f 5021 	5261 	5265
f 5021 	5017 	5261
f 5017 	5257 	5261
f 5017 	5009 	5257
f 5009 	5249 	5257
f 5009 	5004 	5249
f 5004 	5244 	5249
f 5004 	4999 	5244
f 4999 	5239 	5244
f 4999 	4995 	5239
f 4995 	5235 	5239
f 4995 	4990 	5235
f 4990 	5230 	5235
f 4990 	4985 	5230
f 4985 	5225 	5230
f 4985 	4981 	5225
f 4981 	5221 	5225
f 4981 	4975 	5221
f 4975 	5215 	5221
f 4975 	4970 	5215
f 4970 	5210 	5215
f 4970 	4963 	5210
f 4963 	5203 	5210
f 4963 	4956 	5203
f 4956 	5196 	5203
f 4956 	4949 	5196
f 4949 	5189 	5196
f 4949 	4943 	5189
f 4943 	5183 	5189
f 4943 	4938 	5183
f 4938 	5178 	5183
f 4938 	4932 	5178
f 4932 	5172 	5178
f 4932 	4925 	5172
f 4925 	5165 	5172
f 4925 	4918 	5165
f 4918 	5158 	5165
f 4918 	4912 	5158
f 4912 	5152 	5158
f 4912 	4905 	5152
f 4905 	5143 	5152
f 4905 	4904 	5143
f 4904 	5144 	5143
f 4904 	4903 	5144
f 4903 	5145 	5144
f 4903 	4907 	5145
f 4907 	5146 	5145
f 4907 	4906 	5146
f 4906 	5147 	5146
f 4906 	4913 	5147
f 4913 	5153 	5147
f 4913 	4919 	5153
f 4919 	5159 	5153
f 4919 	4926 	5159
f 4926 	5166 	5159
f 4926 	4933 	5166
f 4933 	5173 	5166
f 4933 	4939 	5173
f 4939 	5179 	5173
f 4939 	4944 	5179
f 4944 	5184 	5179
f 4944 	4950 	5184
f 4950 	5190 	5184
f 4950 	4957 	5190
f 4957 	5197 	5190
f 4957 	4964 	5197
f 4964 	5204 	5197
f 4964 	4971 	5204
f 4971 	5211 	5204
f 4971 	4976 	5211
f 4976 	5216 	5211
f 4976 	4982 	5216
f 4982 	5222 	5216
f 4982 	4986 	5222
f 4986 	5226 	5222
f 4986 	4991 	5226
f 4991 	5231 	5226
f 4991 	4996 	5231
f 4996 	5236 	5231
f 4996 	5000 	5236
f 5000 	5240 	5236
f 5000 	5005 	5240
f 5005 	5245 	5240
f 5005 	5010 	5245
f 5010 	5250 	5245
f 5010 	5032 	5250
f 5032 	5272 	5250
f 5032 	5039 	5272
f 5039 	5279 	5272
f 5039 	5043 	5279
f 5043 	5283 	5279
f 5043 	5046 	5283
f 5046 	5286 	5283
f 5046 	5050 	5286
f 5050 	5290 	5286
f 5050 	5053 	5290
f 5053 	5293 	5290
f 5053 	5056 	5293
f 5056 	5296 	5293
f 5056 	5059 	5296
f 5059 	5299 	5296
f 5059 	5062 	5299
f 5062 	5302 	5299
f 5062 	5067 	5302
f 5067 	5307 	5302
f 5067 	5069 	5307
f 5069 	5309 	5307
f 5069 	5071 	5309
f 5071 	5311 	5309
f 5071 	5073 	5311
f 5073 	5313 	5311
f 5073 	5075 	5313
f 5075 	5315 	5313
f 5075 	5077 	5315
f 5077 	5317 	5315
f 5077 	5079 	5317
f 5079 	5319 	5317
f 5079 	5081 	5319
f 5081 	5321 	5319
f 5081 	5082 	5321
f 5082 	5322 	5321
f 5082 	5051 	5322
f 5051 	5291 	5322
f 5323 	5324 	5325
f 5326 	5327 	5323
f 5328 	5329 	5326
f 5330 	5331 	5328
f 5332 	5333 	5330
f 5334 	5335 	5332
f 5336 	5337 	5334
f 5338 	5339 	5336
f 5340 	5341 	5338
f 5342 	5343 	5340
f 5344 	5345 	5342
f 5346 	5347 	5344
f 5348 	5349 	5346
f 5350 	5351 	5348
f 5352 	5353 	5350
f 5354 	5355 	5356
f 5357 	5358 	5354
f 5359 	5360 	5357
f 5361 	5362 	5359
f 5363 	5364 	5361
f 5365 	5366 	5363
f 5367 	5368 	5365
f 5369 	5370 	5367
f 5371 	5372 	5369
f 5373 	5374 	5371
f 5375 	5376 	5373
f 5377 	5378 	5375
f 5379 	5380 	5377
f 5381 	5382 	5379
f 5383 	5384 	5381
f 5385 	5386 	5383
f 5387 	5388 	5385
f 5389 	5390 	5387
f 5391 	5392 	5389
f 5393 	5394 	5391
f 5395 	5396 	5393
f 5397 	5398 	5395
f 5399 	5400 	5397
f 5401 	5402 	5399
f 5403 	5404 	5401
f 5401 	5404 	5405
f 5406 	5407 	5401
f 5408 	5409 	5406
f 5410 	5411 	5408
f 5412 	5413 	5410
f 5414 	5415 	5412
f 5416 	5417 	5414
f 5418 	5419 	5416
f 5420 	5421 	5418
f 5422 	5423 	5420
f 5424 	5425 	5422
f 5426 	5427 	5424
f 5428 	5429 	5426
f 5325 	5430 	5428
f 5326 	5323 	5325
f 5330 	5328 	5326
f 5334 	5332 	5330
f 5338 	5336 	5334
f 5342 	5340 	5338
f 5346 	5344 	5342
f 5350 	5348 	5346
f 5431 	5352 	5350
f 5357 	5354 	5356
f 5361 	5359 	5357
f 5365 	5363 	5361
f 5369 	5367 	5365
f 5373 	5371 	5369
f 5377 	5375 	5373
f 5381 	5379 	5377
f 5385 	5383 	5381
f 5389 	5387 	5385
f 5393 	5391 	5389
f 5397 	5395 	5393
f 5401 	5399 	5397
f 5432 	5403 	5401
f 5406 	5401 	5405
f 5410 	5408 	5406
f 5414 	5412 	5410
f 5418 	5416 	5414
f 5422 	5420 	5418
f 5426 	5424 	5422
f 5325 	5428 	5426
f 5330 	5326 	5325
f 5338 	5334 	5330
f 5346 	5342 	5338
f 5431 	5350 	5346
f 5365 	5361 	5357
f 5373 	5369 	5365
f 5381 	5377 	5373
f 5389 	5385 	5381
f 5397 	5393 	5389
f 5432 	5401 	5397
f 5414 	5410 	5406
f 5422 	5418 	5414
f 5325 	5426 	5422
f 5338 	5330 	5325
f 5431 	5346 	5338
f 5373 	5365 	5357
f 5389 	5381 	5373
f 5432 	5397 	5389
f 5422 	5414 	5406
f 5338 	5325 	5422
f 5433 	5431 	5338
f 5434 	5432 	5389
f 5435 	5433 	5338
f 5436 	5434 	5389
f 5437 	5435 	5338
f 5438 	5436 	5389
f 5439 	5437 	5338
f 5440 	5438 	5389
f 5441 	5439 	5338
f 5442 	5440 	5389
f 5443 	5441 	5338
f 5444 	5442 	5389
f 5445 	5443 	5338
f 5446 	5444 	5389
f 5447 	5445 	5338
f 5448 	5446 	5389
f 5449 	5447 	5338
f 5448 	5389 	5373
f 5450 	5449 	5338
f 5451 	5448 	5373
f 5452 	5450 	5338
f 5453 	5451 	5373
f 5454 	5452 	5338
f 5455 	5453 	5373
f 5456 	5454 	5338
f 5457 	5455 	5373
f 5458 	5456 	5338
f 5459 	5457 	5373
f 5460 	5458 	5338
f 5461 	5459 	5373
f 5462 	5460 	5338
f 5463 	5461 	5373
f 5464 	5462 	5338
f 5463 	5373 	5357
f 5465 	5464 	5338
f 5466 	5463 	5357
f 5465 	5338 	5422
f 5467 	5466 	5357
f 5468 	5465 	5422
f 5469 	5467 	5357
f 5470 	5468 	5422
f 5471 	5469 	5357
f 5472 	5470 	5422
f 5473 	5471 	5357
f 5474 	5472 	5422
f 5475 	5473 	5357
f 5476 	5474 	5422
f 5477 	5475 	5357
f 5478 	5476 	5422
f 5479 	5477 	5357
f 5480 	5478 	5422
f 5481 	5479 	5357
f 5482 	5480 	5422
f 5483 	5481 	5357
f 5484 	5482 	5422
f 5485 	5483 	5357
f 5486 	5484 	5422
f 5487 	5485 	5357
f 5488 	5486 	5422
f 5489 	5487 	5357
f 5490 	5488 	5422
f 5491 	5489 	5357
f 5492 	5490 	5422
f 5493 	5491 	5357
f 5494 	5492 	5422
f 5495 	5493 	5357
f 5494 	5422 	5406
f 5496 	5495 	5357
f 5497 	5494 	5406
f 5498 	5496 	5357
f 5499 	5497 	5406
f 5405 	5498 	5357
f 5500 	5499 	5406
f 5405 	5357 	5356
f 5501 	5500 	5406
f 5406 	5405 	5356
f 5502 	5501 	5406
f 5406 	5356 	5503
f 5504 	5502 	5406
f 5406 	5503 	5505
f 5506 	5504 	5406
f 5406 	5505 	5507
f 5508 	5506 	5406
f 5406 	5507 	5509
f 5510 	5508 	5406
f 5406 	5509 	5511
f 5511 	5510 	5406
f 5512 	5513 	5514
f 5514 	5515 	5516
f 5516 	5517 	5518
f 5518 	5519 	5520
f 5520 	5521 	5522
f 5522 	5523 	5524
f 5524 	5525 	5526
f 5526 	5527 	5528
f 5528 	5529 	5530
f 5530 	5531 	5532
f 5532 	5533 	5534
f 5534 	5535 	5536
f 5536 	5537 	5538
f 5538 	5539 	5540
f 5540 	5541 	5542
f 5543 	5544 	5545
f 5545 	5546 	5547
f 5547 	5548 	5549
f 5549 	5550 	5551
f 5551 	5552 	5553
f 5553 	5554 	5555
f 5555 	5556 	5557
f 5557 	5558 	5559
f 5559 	5560 	5561
f 5561 	5562 	5563
f 5563 	5564 	5565
f 5565 	5566 	5567
f 5567 	5568 	5569
f 5569 	5570 	5571
f 5571 	5572 	5573
f 5573 	5574 	5575
f 5575 	5576 	5577
f 5577 	5578 	5579
f 5579 	5580 	5581
f 5581 	5582 	5583
f 5583 	5584 	5585
f 5585 	5586 	5587
f 5587 	5588 	5589
f 5589 	5590 	5591
f 5591 	5592 	5593
f 5594 	5592 	5591
f 5591 	5595 	5596
f 5596 	5597 	5598
f 5598 	5599 	5600
f 5600 	5601 	5602
f 5602 	5603 	5604
f 5604 	5605 	5606
f 5606 	5607 	5608
f 5608 	5609 	5610
f 5610 	5611 	5612
f 5612 	5613 	5614
f 5614 	5615 	5616
f 5616 	5617 	5618
f 5618 	5619 	5512
f 5512 	5514 	5516
f 5516 	5518 	5520
f 5520 	5522 	5524
f 5524 	5526 	5528
f 5528 	5530 	5532
f 5532 	5534 	5536
f 5536 	5538 	5540
f 5540 	5542 	5620
f 5543 	5545 	5547
f 5547 	5549 	5551
f 5551 	5553 	5555
f 5555 	5557 	5559
f 5559 	5561 	5563
f 5563 	5565 	5567
f 5567 	5569 	5571
f 5571 	5573 	5575
f 5575 	5577 	5579
f 5579 	5581 	5583
f 5583 	5585 	5587
f 5587 	5589 	5591
f 5591 	5593 	5621
f 5594 	5591 	5596
f 5596 	5598 	5600
f 5600 	5602 	5604
f 5604 	5606 	5608
f 5608 	5610 	5612
f 5612 	5614 	5616
f 5616 	5618 	5512
f 5512 	5516 	5520
f 5520 	5524 	5528
f 5528 	5532 	5536
f 5536 	5540 	5620
f 5547 	5551 	5555
f 5555 	5559 	5563
f 5563 	5567 	5571
f 5571 	5575 	5579
f 5579 	5583 	5587
f 5587 	5591 	5621
f 5596 	5600 	5604
f 5604 	5608 	5612
f 5612 	5616 	5512
f 5512 	5520 	5528
f 5528 	5536 	5620
f 5547 	5555 	5563
f 5563 	5571 	5579
f 5579 	5587 	5621
f 5596 	5604 	5612
f 5612 	5512 	5528
f 5528 	5620 	5622
f 5579 	5621 	5623
f 5528 	5622 	5624
f 5579 	5623 	5625
f 5528 	5624 	5626
f 5579 	5625 	5627
f 5528 	5626 	5628
f 5579 	5627 	5629
f 5528 	5628 	5630
f 5579 	5629 	5631
f 5528 	5630 	5632
f 5579 	5631 	5633
f 5528 	5632 	5634
f 5579 	5633 	5635
f 5528 	5634 	5636
f 5579 	5635 	5637
f 5528 	5636 	5638
f 5563 	5579 	5637
f 5528 	5638 	5639
f 5563 	5637 	5640
f 5528 	5639 	5641
f 5563 	5640 	5642
f 5528 	5641 	5643
f 5563 	5642 	5644
f 5528 	5643 	5645
f 5563 	5644 	5646
f 5528 	5645 	5647
f 5563 	5646 	5648
f 5528 	5647 	5649
f 5563 	5648 	5650
f 5528 	5649 	5651
f 5563 	5650 	5652
f 5528 	5651 	5653
f 5547 	5563 	5652
f 5528 	5653 	5654
f 5547 	5652 	5655
f 5612 	5528 	5654
f 5547 	5655 	5656
f 5612 	5654 	5657
f 5547 	5656 	5658
f 5612 	5657 	5659
f 5547 	5658 	5660
f 5612 	5659 	5661
f 5547 	5660 	5662
f 5612 	5661 	5663
f 5547 	5662 	5664
f 5612 	5663 	5665
f 5547 	5664 	5666
f 5612 	5665 	5667
f 5547 	5666 	5668
f 5612 	5667 	5669
f 5547 	5668 	5670
f 5612 	5669 	5671
f 5547 	5670 	5672
f 5612 	5671 	5673
f 5547 	5672 	5674
f 5612 	5673 	5675
f 5547 	5674 	5676
f 5612 	5675 	5677
f 5547 	5676 	5678
f 5612 	5677 	5679
f 5547 	5678 	5680
f 5612 	5679 	5681
f 5547 	5680 	5682
f 5612 	5681 	5683
f 5547 	5682 	5684
f 5596 	5612 	5683
f 5547 	5684 	5685
f 5596 	5683 	5686
f 5547 	5685 	5687
f 5596 	5686 	5688
f 5547 	5687 	5594
f 5596 	5688 	5689
f 5543 	5547 	5594
f 5596 	5689 	5690
f 5543 	5594 	5596
f 5596 	5690 	5691
f 5692 	5543 	5596
f 5596 	5691 	5693
f 5694 	5692 	5596
f 5596 	5693 	5695
f 5696 	5694 	5596
f 5596 	5695 	5697
f 5698 	5696 	5596
f 5596 	5697 	5699
f 5700 	5698 	5596
f 5596 	5699 	5700
f 5324 	5323 	5513
f 5323 	5514 	5513
f 5323 	5327 	5514
f 5327 	5515 	5514
f 5327 	5326 	5515
f 5326 	5516 	5515
f 5326 	5329 	5516
f 5329 	5517 	5516
f 5329 	5328 	5517
f 5328 	5518 	5517
f 5328 	5331 	5518
f 5331 	5519 	5518
f 5331 	5330 	5519
f 5330 	5520 	5519
f 5330 	5333 	5520
f 5333 	5521 	5520
f 5333 	5332 	5521
f 5332 	5522 	5521
f 5332 	5335 	5522
f 5335 	5523 	5522
f 5335 	5334 	5523
f 5334 	5524 	5523
f 5334 	5337 	5524
f 5337 	5525 	5524
f 5337 	5336 	5525
f 5336 	5526 	5525
f 5336 	5339 	5526
f 5339 	5527 	5526
f 5339 	5338 	5527
f 5338 	5528 	5527
f 5338 	5341 	5528
f 5341 	5529 	5528
f 5341 	5340 	5529
f 5340 	5530 	5529
f 5340 	5343 	5530
f 5343 	5531 	5530
f 5343 	5342 	5531
f 5342 	5532 	5531
f 5342 	5345 	5532
f 5345 	5533 	5532
f 5345 	5344 	5533
f 5344 	5534 	5533
f 5344 	5347 	5534
f 5347 	5535 	5534
f 5347 	5346 	5535
f 5346 	5536 	5535
f 5346 	5349 	5536
f 5349 	5537 	5536
f 5349 	5348 	5537
f 5348 	5538 	5537
f 5348 	5351 	5538
f 5351 	5539 	5538
f 5351 	5350 	5539
f 5350 	5540 	5539
f 5350 	5353 	5540
f 5353 	5541 	5540
f 5353 	5352 	5541
f 5352 	5542 	5541
f 5352 	5431 	5542
f 5431 	5620 	5542
f 5431 	5433 	5620
f 5433 	5622 	5620
f 5433 	5435 	5622
f 5435 	5624 	5622
f 5435 	5437 	5624
f 5437 	5626 	5624
f 5437 	5439 	5626
f 5439 	5628 	5626
f 5439 	5441 	5628
f 5441 	5630 	5628
f 5441 	5443 	5630
f 5443 	5632 	5630
f 5443 	5445 	5632
f 5445 	5634 	5632
f 5445 	5447 	5634
f 5447 	5636 	5634
f 5447 	5449 	5636
f 5449 	5638 	5636
f 5449 	5450 	5638
f 5450 	5639 	5638
f 5450 	5452 	5639
f 5452 	5641 	5639
f 5452 	5454 	5641
f 5454 	5643 	5641
f 5454 	5456 	5643
f 5456 	5645 	5643
f 5456 	5458 	5645
f 5458 	5647 	5645
f 5458 	5460 	5647
f 5460 	5649 	5647
f 5460 	5462 	5649
f 5462 	5651 	5649
f 5462 	5464 	5651
f 5464 	5653 	5651
f 5464 	5465 	5653
f 5465 	5654 	5653
f 5465 	5468 	5654
f 5468 	5657 	5654
f 5468 	5470 	5657
f 5470 	5659 	5657
f 5470 	5472 	5659
f 5472 	5661 	5659
f 5472 	5474 	5661
f 5474 	5663 	5661
f 5474 	5476 	5663
f 5476 	5665 	5663
f 5476 	5478 	5665
f 5478 	5667 	5665
f 5478 	5480 	5667
f 5480 	5669 	5667
f 5480 	5482 	5669
f 5482 	5671 	5669
f 5482 	5484 	5671
f 5484 	5673 	5671
f 5484 	5486 	5673
f 5486 	5675 	5673
f 5486 	5488 	5675
f 5488 	5677 	5675
f 5488 	5490 	5677
f 5490 	5679 	5677
f 5490 	5492 	5679
f 5492 	5681 	5679
f 5492 	5494 	5681
f 5494 	5683 	5681
f 5494 	5497 	5683
f 5497 	5686 	5683
f 5497 	5499 	5686
f 5499 	5688 	5686
f 5499 	5500 	5688
f 5500 	5689 	5688
f 5500 	5501 	5689
f 5501 	5690 	5689
f 5501 	5502 	5690
f 5502 	5691 	5690
f 5502 	5504 	5691
f 5504 	5693 	5691
f 5504 	5506 	5693
f 5506 	5695 	5693
f 5506 	5508 	5695
f 5508 	5697 	5695
f 5508 	5510 	5697
f 5510 	5699 	5697
f 5510 	5511 	5699
f 5511 	5700 	5699
f 5511 	5509 	5700
f 5509 	5698 	5700
f 5509 	5507 	5698
f 5507 	5696 	5698
f 5507 	5505 	5696
f 5505 	5694 	5696
f 5505 	5503 	5694
f 5503 	5692 	5694
f 5503 	5356 	5692
f 5356 	5543 	5692
f 5356 	5355 	5543
f 5355 	5544 	5543
f 5355 	5354 	5544
f 5354 	5545 	5544
f 5354 	5358 	5545
f 5358 	5546 	5545
f 5358 	5357 	5546
f 5357 	5547 	5546
f 5357 	5360 	5547
f 5360 	5548 	5547
f 5360 	5359 	5548
f 5359 	5549 	5548
f 5359 	5362 	5549
f 5362 	5550 	5549
f 5362 	5361 	5550
f 5361 	5551 	5550
f 5361 	5364 	5551
f 5364 	5552 	5551
f 5364 	5363 	5552
f 5363 	5553 	5552
f 5363 	5366 	5553
f 5366 	5554 	5553
f 5366 	5365 	5554
f 5365 	5555 	5554
f 5365 	5368 	5555
f 5368 	5556 	5555
f 5368 	5367 	5556
f 5367 	5557 	5556
f 5367 	5370 	5557
f 5370 	5558 	5557
f 5370 	5369 	5558
f 5369 	5559 	5558
f 5369 	5372 	5559
f 5372 	5560 	5559
f 5372 	5371 	5560
f 5371 	5561 	5560
f 5371 	5374 	5561
f 5374 	5562 	5561
f 5374 	5373 	5562
f 5373 	5563 	5562
f 5373 	5376 	5563
f 5376 	5564 	5563
f 5376 	5375 	5564
f 5375 	5565 	5564
f 5375 	5378 	5565
f 5378 	5566 	5565
f 5378 	5377 	5566
f 5377 	5567 	5566
f 5377 	5380 	5567
f 5380 	5568 	5567
f 5380 	5379 	5568
f 5379 	5569 	5568
f 5379 	5382 	5569
f 5382 	5570 	5569
f 5382 	5381 	5570
f 5381 	5571 	5570
f 5381 	5384 	5571
f 5384 	5572 	5571
f 5384 	5383 	5572
f 5383 	5573 	5572
f 5383 	5386 	5573
f 5386 	5574 	5573
f 5386 	5385 	5574
f 5385 	5575 	5574
f 5385 	5388 	5575
f 5388 	5576 	5575
f 5388 	5387 	5576
f 5387 	5577 	5576
f 5387 	5390 	5577
f 5390 	5578 	5577
f 5390 	5389 	5578
f 5389 	5579 	5578
f 5389 	5392 	5579
f 5392 	5580 	5579
f 5392 	5391 	5580
f 5391 	5581 	5580
f 5391 	5394 	5581
f 5394 	5582 	5581
f 5394 	5393 	5582
f 5393 	5583 	5582
f 5393 	5396 	5583
f 5396 	5584 	5583
f 5396 	5395 	5584
f 5395 	5585 	5584
f 5395 	5398 	5585
f 5398 	5586 	5585
f 5398 	5397 	5586
f 5397 	5587 	5586
f 5397 	5400 	5587
f 5400 	5588 	5587
f 5400 	5399 	5588
f 5399 	5589 	5588
f 5399 	5402 	5589
f 5402 	5590 	5589
f 5402 	5401 	5590
f 5401 	5591 	5590
f 5401 	5407 	5591
f 5407 	5595 	5591
f 5407 	5406 	5595
f 5406 	5596 	5595
f 5406 	5409 	5596
f 5409 	5597 	5596
f 5409 	5408 	5597
f 5408 	5598 	5597
f 5408 	5411 	5598
f 5411 	5599 	5598
f 5411 	5410 	5599
f 5410 	5600 	5599
f 5410 	5413 	5600
f 5413 	5601 	5600
f 5413 	5412 	5601
f 5412 	5602 	5601
f 5412 	5415 	5602
f 5415 	5603 	5602
f 5415 	5414 	5603
f 5414 	5604 	5603
f 5414 	5417 	5604
f 5417 	5605 	5604
f 5417 	5416 	5605
f 5416 	5606 	5605
f 5416 	5419 	5606
f 5419 	5607 	5606
f 5419 	5418 	5607
f 5418 	5608 	5607
f 5418 	5421 	5608
f 5421 	5609 	5608
f 5421 	5420 	5609
f 5420 	5610 	5609
f 5420 	5423 	5610
f 5423 	5611 	5610
f 5423 	5422 	5611
f 5422 	5612 	5611
f 5422 	5425 	5612
f 5425 	5613 	5612
f 5425 	5424 	5613
f 5424 	5614 	5613
f 5424 	5427 	5614
f 5427 	5615 	5614
f 5427 	5426 	5615
f 5426 	5616 	5615
f 5426 	5429 	5616
f 5429 	5617 	5616
f 5429 	5428 	5617
f 5428 	5618 	5617
f 5428 	5430 	5618
f 5430 	5619 	5618
f 5430 	5325 	5619
f 5325 	5512 	5619
f 5325 	5324 	5512
f 5324 	5513 	5512
f 5455 	5457 	5644
f 5457 	5646 	5644
f 5457 	5459 	5646
f 5459 	5648 	5646
f 5459 	5461 	5648
f 5461 	5650 	5648
f 5461 	5463 	5650
f 5463 	5652 	5650
f 5463 	5466 	5652
f 5466 	5655 	5652
f 5466 	5467 	5655
f 5467 	5656 	5655
f 5467 	5469 	5656
f 5469 	5658 	5656
f 5469 	5471 	5658
f 5471 	5660 	5658
f 5471 	5473 	5660
f 5473 	5662 	5660
f 5473 	5475 	5662
f 5475 	5664 	5662
f 5475 	5477 	5664
f 5477 	5666 	5664
f 5477 	5479 	5666
f 5479 	5668 	5666
f 5479 	5481 	5668
f 5481 	5670 	5668
f 5481 	5483 	5670
f 5483 	5672 	5670
f 5483 	5485 	5672
f 5485 	5674 	5672
f 5485 	5487 	5674
f 5487 	5676 	5674
f 5487 	5489 	5676
f 5489 	5678 	5676
f 5489 	5491 	5678
f 5491 	5680 	5678
f 5491 	5493 	5680
f 5493 	5682 	5680
f 5493 	5495 	5682
f 5495 	5684 	5682
f 5495 	5496 	5684
f 5496 	5685 	5684
f 5496 	5498 	5685
f 5498 	5687 	5685
f 5498 	5405 	5687
f 5405 	5594 	5687
f 5405 	5404 	5594
f 5404 	5592 	5594
f 5404 	5403 	5592
f 5403 	5593 	5592
f 5403 	5432 	5593
f 5432 	5621 	5593
f 5432 	5434 	5621
f 5434 	5623 	5621
f 5434 	5436 	5623
f 5436 	5625 	5623
f 5436 	5438 	5625
f 5438 	5627 	5625
f 5438 	5440 	5627
f 5440 	5629 	5627
f 5440 	5442 	5629
f 5442 	5631 	5629
f 5442 	5444 	5631
f 5444 	5633 	5631
f 5444 	5446 	5633
f 5446 	5635 	5633
f 5446 	5448 	5635
f 5448 	5637 	5635
f 5448 	5451 	5637
f 5451 	5640 	5637
f 5451 	5453 	5640
f 5453 	5642 	5640
f 5453 	5455 	5642
f 5455 	5644 	5642
f 5701 	5702 	5703
f 5704 	5705 	5701
f 5706 	5707 	5708
f 5709 	5710 	5711
f 5712 	5713 	5714
f 5715 	5716 	5712
f 5717 	5718 	5715
f 5719 	5720 	5717
f 5721 	5722 	5719
f 5723 	5724 	5721
f 5725 	5726 	5723
f 5727 	5728 	5725
f 5729 	5730 	5727
f 5731 	5732 	5729
f 5733 	5734 	5731
f 5735 	5736 	5733
f 5737 	5738 	5735
f 5739 	5740 	5737
f 5741 	5742 	5739
f 5743 	5744 	5741
f 5745 	5746 	5743
f 5747 	5748 	5745
f 5749 	5750 	5747
f 5751 	5752 	5749
f 5753 	5754 	5751
f 5755 	5756 	5753
f 5757 	5758 	5755
f 5759 	5760 	5757
f 5761 	5762 	5759
f 5763 	5764 	5761
f 5765 	5766 	5767
f 5768 	5769 	5765
f 5770 	5771 	5768
f 5772 	5773 	5774
f 5775 	5776 	5772
f 5777 	5778 	5775
f 5779 	5780 	5781
f 5782 	5783 	5779
f 5784 	5785 	5786
f 5787 	5788 	5784
f 5789 	5790 	5787
f 5791 	5792 	5789
f 5793 	5794 	5791
f 5795 	5796 	5793
f 5797 	5798 	5795
f 5799 	5800 	5797
f 5801 	5802 	5799
f 5803 	5804 	5801
f 5805 	5806 	5803
f 5807 	5808 	5805
f 5809 	5810 	5807
f 5811 	5812 	5809
f 5813 	5814 	5811
f 5815 	5816 	5813
f 5817 	5818 	5815
f 5819 	5820 	5817
f 5821 	5822 	5819
f 5823 	5824 	5825
f 5826 	5827 	5823
f 5828 	5829 	5826
f 5830 	5831 	5828
f 5832 	5833 	5830
f 5834 	5835 	5832
f 5836 	5837 	5834
f 5838 	5839 	5836
f 5840 	5841 	5838
f 5842 	5843 	5840
f 5844 	5845 	5842
f 5846 	5847 	5844
f 5701 	5703 	5848
f 5849 	5704 	5701
f 5706 	5708 	5850
f 5709 	5711 	5851
f 5712 	5714 	5852
f 5719 	5717 	5715
f 5723 	5721 	5719
f 5727 	5725 	5723
f 5731 	5729 	5727
f 5737 	5735 	5733
f 5741 	5739 	5737
f 5745 	5743 	5741
f 5749 	5747 	5745
f 5755 	5753 	5751
f 5761 	5759 	5757
f 5853 	5763 	5761
f 5765 	5767 	5854
f 5774 	5770 	5768
f 5775 	5772 	5774
f 5779 	5781 	5855
f 5856 	5782 	5779
f 5784 	5786 	5857
f 5789 	5787 	5784
f 5793 	5791 	5789
f 5797 	5795 	5793
f 5801 	5799 	5797
f 5805 	5803 	5801
f 5809 	5807 	5805
f 5813 	5811 	5809
f 5817 	5815 	5813
f 5821 	5819 	5817
f 5826 	5823 	5825
f 5832 	5830 	5828
f 5838 	5836 	5834
f 5844 	5842 	5840
f 5701 	5848 	5858
f 5859 	5849 	5701
f 5706 	5850 	5860
f 5852 	5709 	5851
f 5723 	5719 	5715
f 5731 	5727 	5723
f 5741 	5737 	5733
f 5749 	5745 	5741
f 5755 	5751 	5749
f 5853 	5761 	5757
f 5765 	5854 	5861
f 5775 	5774 	5768
f 5779 	5855 	5862
f 5863 	5856 	5779
f 5784 	5857 	5864
f 5793 	5789 	5784
f 5801 	5797 	5793
f 5809 	5805 	5801
f 5817 	5813 	5809
f 5825 	5821 	5817
f 5828 	5826 	5825
f 5834 	5832 	5828
f 5840 	5838 	5834
f 5846 	5844 	5840
f 5701 	5858 	5865
f 5866 	5859 	5701
f 5867 	5706 	5860
f 5712 	5852 	5851
f 5723 	5715 	5712
f 5733 	5731 	5723
f 5749 	5741 	5733
f 5757 	5755 	5749
f 5868 	5853 	5757
f 5768 	5765 	5861
f 5777 	5775 	5768
f 5779 	5862 	5869
f 5870 	5863 	5779
f 5784 	5864 	5871
f 5801 	5793 	5784
f 5817 	5809 	5801
f 5828 	5825 	5817
f 5840 	5834 	5828
f 5701 	5865 	5872
f 5873 	5866 	5701
f 5723 	5712 	5851
f 5757 	5749 	5733
f 5861 	5868 	5757
f 5777 	5768 	5861
f 5779 	5869 	5874
f 5875 	5870 	5779
f 5784 	5871 	5876
f 5817 	5801 	5784
f 5840 	5828 	5817
f 5701 	5872 	5877
f 5878 	5873 	5701
f 5733 	5723 	5851
f 5861 	5757 	5733
f 5879 	5777 	5861
f 5779 	5874 	5880
f 5881 	5875 	5779
f 5784 	5876 	5882
f 5846 	5840 	5817
f 5701 	5877 	5883
f 5884 	5878 	5701
f 5733 	5851 	5885
f 5879 	5861 	5733
f 5779 	5880 	5886
f 5887 	5881 	5779
f 5784 	5882 	5888
f 5701 	5883 	5889
f 5890 	5884 	5701
f 5891 	5879 	5733
f 5779 	5886 	5892
f 5893 	5887 	5779
f 5784 	5888 	5894
f 5701 	5889 	5895
f 5896 	5891 	5733
f 5893 	5779 	5892
f 5784 	5894 	5897
f 5701 	5895 	5898
f 5899 	5896 	5733
f 5893 	5892 	5900
f 5784 	5897 	5901
f 5701 	5898 	5902
f 5893 	5900 	5903
f 5817 	5784 	5901
f 5701 	5902 	5904
f 5893 	5903 	5905
f 5817 	5901 	5906
f 5701 	5904 	5907
f 5893 	5905 	5908
f 5817 	5906 	5909
f 5701 	5907 	5910
f 5893 	5908 	5911
f 5817 	5909 	5912
f 5701 	5910 	5913
f 5893 	5911 	5914
f 5817 	5912 	5915
f 5701 	5913 	5916
f 5893 	5914 	5917
f 5817 	5915 	5918
f 5701 	5916 	5919
f 5893 	5917 	5920
f 5817 	5918 	5921
f 5701 	5919 	5922
f 5893 	5920 	5923
f 5817 	5921 	5924
f 5701 	5922 	5925
f 5926 	5893 	5923
f 5817 	5924 	5927
f 5701 	5925 	5928
f 5926 	5923 	5929
f 5817 	5927 	5930
f 5701 	5928 	5931
f 5926 	5929 	5932
f 5817 	5930 	5933
f 5701 	5931 	5934
f 5926 	5932 	5899
f 5817 	5933 	5935
f 5701 	5934 	5936
f 5937 	5926 	5899
f 5817 	5935 	5938
f 5701 	5936 	5939
f 5940 	5937 	5899
f 5817 	5938 	5941
f 5701 	5939 	5846
f 5942 	5940 	5899
f 5817 	5941 	5943
f 5890 	5701 	5846
f 5944 	5942 	5899
f 5817 	5943 	5945
f 5946 	5890 	5846
f 5947 	5944 	5899
f 5817 	5945 	5948
f 5949 	5946 	5846
f 5950 	5947 	5899
f 5951 	5949 	5846
f 5952 	5950 	5899
f 5953 	5951 	5846
f 5954 	5952 	5899
f 5955 	5953 	5846
f 5956 	5954 	5899
f 5957 	5955 	5846
f 5958 	5956 	5899
f 5959 	5957 	5846
f 5960 	5958 	5899
f 5961 	5959 	5846
f 5960 	5899 	5733
f 5962 	5961 	5846
f 5963 	5960 	5733
f 5964 	5962 	5846
f 5965 	5963 	5733
f 5966 	5964 	5846
f 5967 	5965 	5733
f 5968 	5966 	5846
f 5948 	5967 	5733
f 5969 	5968 	5846
f 5817 	5948 	5733
f 5970 	5969 	5846
f 5817 	5733 	5885
f 5971 	5970 	5846
f 5817 	5885 	5867
f 5972 	5971 	5846
f 5817 	5867 	5860
f 5972 	5846 	5817
f 5817 	5860 	5973
f 5974 	5972 	5817
f 5817 	5973 	5974
f 5975 	5976 	5977
f 5977 	5978 	5979
f 5980 	5981 	5982
f 5983 	5984 	5985
f 5986 	5987 	5988
f 5988 	5989 	5990
f 5990 	5991 	5992
f 5992 	5993 	5994
f 5994 	5995 	5996
f 5996 	5997 	5998
f 5998 	5999 	6000
f 6000 	6001 	6002
f 6002 	6003 	6004
f 6004 	6005 	6006
f 6006 	6007 	6008
f 6008 	6009 	6010
f 6010 	6011 	6012
f 6012 	6013 	6014
f 6014 	6015 	6016
f 6016 	6017 	6018
f 6018 	6019 	6020
f 6020 	6021 	6022
f 6022 	6023 	6024
f 6024 	6025 	6026
f 6026 	6027 	6028
f 6028 	6029 	6030
f 6030 	6031 	6032
f 6032 	6033 	6034
f 6034 	6035 	6036
f 6036 	6037 	6038
f 6039 	6040 	6041
f 6041 	6042 	6043
f 6043 	6044 	6045
f 6046 	6047 	6048
f 6048 	6049 	6050
f 6050 	6051 	6052
f 6053 	6054 	6055
f 6055 	6056 	6057
f 6058 	6059 	6060
f 6060 	6061 	6062
f 6062 	6063 	6064
f 6064 	6065 	6066
f 6066 	6067 	6068
f 6068 	6069 	6070
f 6070 	6071 	6072
f 6072 	6073 	6074
f 6074 	6075 	6076
f 6076 	6077 	6078
f 6078 	6079 	6080
f 6080 	6081 	6082
f 6082 	6083 	6084
f 6084 	6085 	6086
f 6086 	6087 	6088
f 6088 	6089 	6090
f 6090 	6091 	6092
f 6092 	6093 	6094
f 6094 	6095 	6096
f 6097 	6098 	6099
f 6099 	6100 	6101
f 6101 	6102 	6103
f 6103 	6104 	6105
f 6105 	6106 	6107
f 6107 	6108 	6109
f 6109 	6110 	6111
f 6111 	6112 	6113
f 6113 	6114 	6115
f 6115 	6116 	6117
f 6117 	6118 	6119
f 6119 	6120 	6121
f 6122 	5975 	5977
f 5977 	5979 	6123
f 6124 	5980 	5982
f 6125 	5983 	5985
f 6126 	5986 	5988
f 5990 	5992 	5994
f 5994 	5996 	5998
f 5998 	6000 	6002
f 6002 	6004 	6006
f 6008 	6010 	6012
f 6012 	6014 	6016
f 6016 	6018 	6020
f 6020 	6022 	6024
f 6026 	6028 	6030
f 6032 	6034 	6036
f 6036 	6038 	6127
f 6128 	6039 	6041
f 6043 	6045 	6046
f 6046 	6048 	6050
f 6129 	6053 	6055
f 6055 	6057 	6130
f 6131 	6058 	6060
f 6060 	6062 	6064
f 6064 	6066 	6068
f 6068 	6070 	6072
f 6072 	6074 	6076
f 6076 	6078 	6080
f 6080 	6082 	6084
f 6084 	6086 	6088
f 6088 	6090 	6092
f 6092 	6094 	6096
f 6097 	6099 	6101
f 6103 	6105 	6107
f 6109 	6111 	6113
f 6115 	6117 	6119
f 6132 	6122 	5977
f 5977 	6123 	6133
f 6134 	6124 	5982
f 6125 	5985 	6126
f 5990 	5994 	5998
f 5998 	6002 	6006
f 6008 	6012 	6016
f 6016 	6020 	6024
f 6024 	6026 	6030
f 6032 	6036 	6127
f 6135 	6128 	6041
f 6043 	6046 	6050
f 6136 	6129 	6055
f 6055 	6130 	6137
f 6138 	6131 	6060
f 6060 	6064 	6068
f 6068 	6072 	6076
f 6076 	6080 	6084
f 6084 	6088 	6092
f 6092 	6096 	6097
f 6097 	6101 	6103
f 6103 	6107 	6109
f 6109 	6113 	6115
f 6115 	6119 	6121
f 6139 	6132 	5977
f 5977 	6133 	6140
f 6134 	5982 	6141
f 6125 	6126 	5988
f 5988 	5990 	5998
f 5998 	6006 	6008
f 6008 	6016 	6024
f 6024 	6030 	6032
f 6032 	6127 	6142
f 6135 	6041 	6043
f 6043 	6050 	6052
f 6143 	6136 	6055
f 6055 	6137 	6144
f 6145 	6138 	6060
f 6060 	6068 	6076
f 6076 	6084 	6092
f 6092 	6097 	6103
f 6103 	6109 	6115
f 6146 	6139 	5977
f 5977 	6140 	6147
f 6125 	5988 	5998
f 6008 	6024 	6032
f 6032 	6142 	6135
f 6135 	6043 	6052
f 6148 	6143 	6055
f 6055 	6144 	6149
f 6150 	6145 	6060
f 6060 	6076 	6092
f 6092 	6103 	6115
f 6151 	6146 	5977
f 5977 	6147 	6152
f 6125 	5998 	6008
f 6008 	6032 	6135
f 6135 	6052 	6153
f 6154 	6148 	6055
f 6055 	6149 	6155
f 6156 	6150 	6060
f 6092 	6115 	6121
f 6157 	6151 	5977
f 5977 	6152 	6158
f 6159 	6125 	6008
f 6008 	6135 	6153
f 6160 	6154 	6055
f 6055 	6155 	6161
f 6162 	6156 	6060
f 6163 	6157 	5977
f 5977 	6158 	6164
f 6008 	6153 	6165
f 6166 	6160 	6055
f 6055 	6161 	6167
f 6168 	6162 	6060
f 6169 	6163 	5977
f 6008 	6165 	6170
f 6166 	6055 	6167
f 6171 	6168 	6060
f 6172 	6169 	5977
f 6008 	6170 	6173
f 6174 	6166 	6167
f 6175 	6171 	6060
f 6176 	6172 	5977
f 6177 	6174 	6167
f 6175 	6060 	6092
f 6178 	6176 	5977
f 6179 	6177 	6167
f 6180 	6175 	6092
f 6181 	6178 	5977
f 6182 	6179 	6167
f 6183 	6180 	6092
f 6184 	6181 	5977
f 6185 	6182 	6167
f 6186 	6183 	6092
f 6187 	6184 	5977
f 6188 	6185 	6167
f 6189 	6186 	6092
f 6190 	6187 	5977
f 6191 	6188 	6167
f 6192 	6189 	6092
f 6193 	6190 	5977
f 6194 	6191 	6167
f 6195 	6192 	6092
f 6196 	6193 	5977
f 6197 	6194 	6167
f 6198 	6195 	6092
f 6199 	6196 	5977
f 6197 	6167 	6200
f 6201 	6198 	6092
f 6202 	6199 	5977
f 6203 	6197 	6200
f 6204 	6201 	6092
f 6205 	6202 	5977
f 6206 	6203 	6200
f 6207 	6204 	6092
f 6208 	6205 	5977
f 6173 	6206 	6200
f 6209 	6207 	6092
f 6210 	6208 	5977
f 6173 	6200 	6211
f 6212 	6209 	6092
f 6213 	6210 	5977
f 6173 	6211 	6214
f 6215 	6212 	6092
f 6121 	6213 	5977
f 6173 	6214 	6216
f 6217 	6215 	6092
f 6121 	5977 	6164
f 6173 	6216 	6218
f 6219 	6217 	6092
f 6121 	6164 	6220
f 6173 	6218 	6221
f 6222 	6219 	6092
f 6121 	6220 	6223
f 6173 	6221 	6224
f 6121 	6223 	6225
f 6173 	6224 	6226
f 6121 	6225 	6227
f 6173 	6226 	6228
f 6121 	6227 	6229
f 6173 	6228 	6230
f 6121 	6229 	6231
f 6173 	6230 	6232
f 6121 	6231 	6233
f 6173 	6232 	6234
f 6121 	6233 	6235
f 6008 	6173 	6234
f 6121 	6235 	6236
f 6008 	6234 	6237
f 6121 	6236 	6238
f 6008 	6237 	6239
f 6121 	6238 	6240
f 6008 	6239 	6241
f 6121 	6240 	6242
f 6008 	6241 	6222
f 6121 	6242 	6243
f 6008 	6222 	6092
f 6121 	6243 	6244
f 6159 	6008 	6092
f 6121 	6244 	6245
f 6141 	6159 	6092
f 6121 	6245 	6246
f 6134 	6141 	6092
f 6092 	6121 	6246
f 6247 	6134 	6092
f 6092 	6246 	6248
f 6248 	6247 	6092
f 5701 	5705 	5977
f 5705 	5978 	5977
f 5705 	5704 	5978
f 5704 	5979 	5978
f 5704 	5849 	5979
f 5849 	6123 	5979
f 5849 	5859 	6123
f 5859 	6133 	6123
f 5859 	5866 	6133
f 5866 	6140 	6133
f 5866 	5873 	6140
f 5873 	6147 	6140
f 5873 	5878 	6147
f 5878 	6152 	6147
f 5878 	5884 	6152
f 5884 	6158 	6152
f 5884 	5890 	6158
f 5890 	6164 	6158
f 5890 	5946 	6164
f 5946 	6220 	6164
f 5946 	5949 	6220
f 5949 	6223 	6220
f 5949 	5951 	6223
f 5951 	6225 	6223
f 5951 	5953 	6225
f 5953 	6227 	6225
f 5953 	5955 	6227
f 5955 	6229 	6227
f 5955 	5957 	6229
f 5957 	6231 	6229
f 5957 	5959 	6231
f 5959 	6233 	6231
f 5959 	5961 	6233
f 5961 	6235 	6233
f 5961 	5962 	6235
f 5962 	6236 	6235
f 5962 	5964 	6236
f 5964 	6238 	6236
f 5964 	5966 	6238
f 5966 	6240 	6238
f 5966 	5968 	6240
f 5968 	6242 	6240
f 5968 	5969 	6242
f 5969 	6243 	6242
f 5969 	5970 	6243
f 5970 	6244 	6243
f 5970 	5971 	6244
f 5971 	6245 	6244
f 5971 	5972 	6245
f 5972 	6246 	6245
f 5972 	5974 	6246
f 5974 	6248 	6246
f 5974 	5973 	6248
f 5973 	6247 	6248
f 5973 	5860 	6247
f 5860 	6134 	6247
f 5860 	5850 	6134
f 5850 	6124 	6134
f 5850 	5708 	6124
f 5708 	5980 	6124
f 5708 	5707 	5980
f 5707 	5981 	5980
f 5707 	5706 	5981
f 5706 	5982 	5981
f 5706 	5867 	5982
f 5867 	6141 	5982
f 5867 	5885 	6141
f 5885 	6159 	6141
f 5885 	5851 	6159
f 5851 	6125 	6159
f 5851 	5711 	6125
f 5711 	5983 	6125
f 5711 	5710 	5983
f 5710 	5984 	5983
f 5710 	5709 	5984
f 5709 	5985 	5984
f 5709 	5852 	5985
f 5852 	6126 	5985
f 5852 	5714 	6126
f 5714 	5986 	6126
f 5714 	5713 	5986
f 5713 	5987 	5986
f 5713 	5712 	5987
f 5712 	5988 	5987
f 5712 	5716 	5988
f 5716 	5989 	5988
f 5716 	5715 	5989
f 5715 	5990 	5989
f 5715 	5718 	5990
f 5718 	5991 	5990
f 5718 	5717 	5991
f 5717 	5992 	5991
f 5717 	5720 	5992
f 5720 	5993 	5992
f 5720 	5719 	5993
f 5719 	5994 	5993
f 5719 	5722 	5994
f 5722 	5995 	5994
f 5722 	5721 	5995
f 5721 	5996 	5995
f 5721 	5724 	5996
f 5724 	5997 	5996
f 5724 	5723 	5997
f 5723 	5998 	5997
f 5723 	5726 	5998
f 5726 	5999 	5998
f 5726 	5725 	5999
f 5725 	6000 	5999
f 5725 	5728 	6000
f 5728 	6001 	6000
f 5728 	5727 	6001
f 5727 	6002 	6001
f 5727 	5730 	6002
f 5730 	6003 	6002
f 5730 	5729 	6003
f 5729 	6004 	6003
f 5729 	5732 	6004
f 5732 	6005 	6004
f 5732 	5731 	6005
f 5731 	6006 	6005
f 5731 	5734 	6006
f 5734 	6007 	6006
f 5734 	5733 	6007
f 5733 	6008 	6007
f 5733 	5736 	6008
f 5736 	6009 	6008
f 5736 	5735 	6009
f 5735 	6010 	6009
f 5735 	5738 	6010
f 5738 	6011 	6010
f 5738 	5737 	6011
f 5737 	6012 	6011
f 5737 	5740 	6012
f 5740 	6013 	6012
f 5740 	5739 	6013
f 5739 	6014 	6013
f 5739 	5742 	6014
f 5742 	6015 	6014
f 5742 	5741 	6015
f 5741 	6016 	6015
f 5741 	5744 	6016
f 5744 	6017 	6016
f 5744 	5743 	6017
f 5743 	6018 	6017
f 5743 	5746 	6018
f 5746 	6019 	6018
f 5746 	5745 	6019
f 5745 	6020 	6019
f 5745 	5748 	6020
f 5748 	6021 	6020
f 5748 	5747 	6021
f 5747 	6022 	6021
f 5747 	5750 	6022
f 5750 	6023 	6022
f 5750 	5749 	6023
f 5749 	6024 	6023
f 5749 	5752 	6024
f 5752 	6025 	6024
f 5752 	5751 	6025
f 5751 	6026 	6025
f 5751 	5754 	6026
f 5754 	6027 	6026
f 5754 	5753 	6027
f 5753 	6028 	6027
f 5753 	5756 	6028
f 5756 	6029 	6028
f 5756 	5755 	6029
f 5755 	6030 	6029
f 5755 	5758 	6030
f 5758 	6031 	6030
f 5758 	5757 	6031
f 5757 	6032 	6031
f 5757 	5760 	6032
f 5760 	6033 	6032
f 5760 	5759 	6033
f 5759 	6034 	6033
f 5759 	5762 	6034
f 5762 	6035 	6034
f 5762 	5761 	6035
f 5761 	6036 	6035
f 5761 	5764 	6036
f 5764 	6037 	6036
f 5764 	5763 	6037
f 5763 	6038 	6037
f 5763 	5853 	6038
f 5853 	6127 	6038
f 5853 	5868 	6127
f 5868 	6142 	6127
f 5868 	5861 	6142
f 5861 	6135 	6142
f 5861 	5854 	6135
f 5854 	6128 	6135
f 5854 	5767 	6128
f 5767 	6039 	6128
f 5767 	5766 	6039
f 5766 	6040 	6039
f 5766 	5765 	6040
f 5765 	6041 	6040
f 5765 	5769 	6041
f 5769 	6042 	6041
f 5769 	5768 	6042
f 5768 	6043 	6042
f 5768 	5771 	6043
f 5771 	6044 	6043
f 5771 	5770 	6044
f 5770 	6045 	6044
f 5770 	5774 	6045
f 5774 	6046 	6045
f 5774 	5773 	6046
f 5773 	6047 	6046
f 5773 	5772 	6047
f 5772 	6048 	6047
f 5772 	5776 	6048
f 5776 	6049 	6048
f 5776 	5775 	6049
f 5775 	6050 	6049
f 5775 	5778 	6050
f 5778 	6051 	6050
f 5778 	5777 	6051
f 5777 	6052 	6051
f 5777 	5879 	6052
f 5879 	6153 	6052
f 5879 	5891 	6153
f 5891 	6165 	6153
f 5891 	5896 	6165
f 5896 	6170 	6165
f 5896 	5899 	6170
f 5899 	6173 	6170
f 5899 	5932 	6173
f 5932 	6206 	6173
f 5932 	5929 	6206
f 5929 	6203 	6206
f 5929 	5923 	6203
f 5923 	6197 	6203
f 5923 	5920 	6197
f 5920 	6194 	6197
f 5920 	5917 	6194
f 5917 	6191 	6194
f 5917 	5914 	6191
f 5914 	6188 	6191
f 5914 	5911 	6188
f 5911 	6185 	6188
f 5911 	5908 	6185
f 5908 	6182 	6185
f 5908 	5905 	6182
f 5905 	6179 	6182
f 5905 	5903 	6179
f 5903 	6177 	6179
f 5903 	5900 	6177
f 5900 	6174 	6177
f 5900 	5892 	6174
f 5892 	6166 	6174
f 5892 	5886 	6166
f 5886 	6160 	6166
f 5886 	5880 	6160
f 5880 	6154 	6160
f 5880 	5874 	6154
f 5874 	6148 	6154
f 5874 	5869 	6148
f 5869 	6143 	6148
f 5869 	5862 	6143
f 5862 	6136 	6143
f 5862 	5855 	6136
f 5855 	6129 	6136
f 5855 	5781 	6129
f 5781 	6053 	6129
f 5781 	5780 	6053
f 5780 	6054 	6053
f 5780 	5779 	6054
f 5779 	6055 	6054
f 5779 	5783 	6055
f 5783 	6056 	6055
f 5783 	5782 	6056
f 5782 	6057 	6056
f 5782 	5856 	6057
f 5856 	6130 	6057
f 5856 	5863 	6130
f 5863 	6137 	6130
f 5863 	5870 	6137
f 5870 	6144 	6137
f 5870 	5875 	6144
f 5875 	6149 	6144
f 5875 	5881 	6149
f 5881 	6155 	6149
f 5881 	5887 	6155
f 5887 	6161 	6155
f 5887 	5893 	6161
f 5893 	6167 	6161
f 5893 	5926 	6167
f 5926 	6200 	6167
f 5926 	5937 	6200
f 5937 	6211 	6200
f 5937 	5940 	6211
f 5940 	6214 	6211
f 5940 	5942 	6214
f 5942 	6216 	6214
f 5942 	5944 	6216
f 5944 	6218 	6216
f 5944 	5947 	6218
f 5947 	6221 	6218
f 5947 	5950 	6221
f 5950 	6224 	6221
f 5950 	5952 	6224
f 5952 	6226 	6224
f 5952 	5954 	6226
f 5954 	6228 	6226
f 5954 	5956 	6228
f 5956 	6230 	6228
f 5956 	5958 	6230
f 5958 	6232 	6230
f 5958 	5960 	6232
f 5960 	6234 	6232
f 5960 	5963 	6234
f 5963 	6237 	6234
f 5963 	5965 	6237
f 5965 	6239 	6237
f 5965 	5967 	6239
f 5967 	6241 	6239
f 5967 	5948 	6241
f 5948 	6222 	6241
f 5948 	5945 	6222
f 5945 	6219 	6222
f 5945 	5943 	6219
f 5943 	6217 	6219
f 5943 	5941 	6217
f 5941 	6215 	6217
f 5941 	5938 	6215
f 5938 	6212 	6215
f 5938 	5935 	6212
f 5935 	6209 	6212
f 5935 	5933 	6209
f 5933 	6207 	6209
f 5933 	5930 	6207
f 5930 	6204 	6207
f 5930 	5927 	6204
f 5927 	6201 	6204
f 5927 	5924 	6201
f 5924 	6198 	6201
f 5924 	5921 	6198
f 5921 	6195 	6198
f 5921 	5918 	6195
f 5918 	6192 	6195
f 5918 	5915 	6192
f 5915 	6189 	6192
f 5915 	5912 	6189
f 5912 	6186 	6189
f 5912 	5909 	6186
f 5909 	6183 	6186
f 5909 	5906 	6183
f 5906 	6180 	6183
f 5906 	5901 	6180
f 5901 	6175 	6180
f 5901 	5897 	6175
f 5897 	6171 	6175
f 5897 	5894 	6171
f 5894 	6168 	6171
f 5894 	5888 	6168
f 5888 	6162 	6168
f 5888 	5882 	6162
f 5882 	6156 	6162
f 5882 	5876 	6156
f 5876 	6150 	6156
f 5876 	5871 	6150
f 5871 	6145 	6150
f 5871 	5864 	6145
f 5864 	6138 	6145
f 5864 	5857 	6138
f 5857 	6131 	6138
f 5857 	5786 	6131
f 5786 	6058 	6131
f 5786 	5785 	6058
f 5785 	6059 	6058
f 5785 	5784 	6059
f 5784 	6060 	6059
f 5784 	5788 	6060
f 5788 	6061 	6060
f 5788 	5787 	6061
f 5787 	6062 	6061
f 5787 	5790 	6062
f 5790 	6063 	6062
f 5790 	5789 	6063
f 5789 	6064 	6063
f 5789 	5792 	6064
f 5792 	6065 	6064
f 5792 	5791 	6065
f 5791 	6066 	6065
f 5791 	5794 	6066
f 5794 	6067 	6066
f 5794 	5793 	6067
f 5793 	6068 	6067
f 5793 	5796 	6068
f 5796 	6069 	6068
f 5796 	5795 	6069
f 5795 	6070 	6069
f 5795 	5798 	6070
f 5798 	6071 	6070
f 5798 	5797 	6071
f 5797 	6072 	6071
f 5797 	5800 	6072
f 5800 	6073 	6072
f 5800 	5799 	6073
f 5799 	6074 	6073
f 5799 	5802 	6074
f 5802 	6075 	6074
f 5802 	5801 	6075
f 5801 	6076 	6075
f 5801 	5804 	6076
f 5804 	6077 	6076
f 5804 	5803 	6077
f 5803 	6078 	6077
f 5803 	5806 	6078
f 5806 	6079 	6078
f 5806 	5805 	6079
f 5805 	6080 	6079
f 5805 	5808 	6080
f 5808 	6081 	6080
f 5808 	5807 	6081
f 5807 	6082 	6081
f 5807 	5810 	6082
f 5810 	6083 	6082
f 5810 	5809 	6083
f 5809 	6084 	6083
f 5809 	5812 	6084
f 5812 	6085 	6084
f 5812 	5811 	6085
f 5811 	6086 	6085
f 5811 	5814 	6086
f 5814 	6087 	6086
f 5814 	5813 	6087
f 5813 	6088 	6087
f 5813 	5816 	6088
f 5816 	6089 	6088
f 5816 	5815 	6089
f 5815 	6090 	6089
f 5815 	5818 	6090
f 5818 	6091 	6090
f 5818 	5817 	6091
f 5817 	6092 	6091
f 5817 	5820 	6092
f 5820 	6093 	6092
f 5820 	5819 	6093
f 5819 	6094 	6093
f 5819 	5822 	6094
f 5822 	6095 	6094
f 5822 	5821 	6095
f 5821 	6096 	6095
f 5821 	5825 	6096
f 5825 	6097 	6096
f 5825 	5824 	6097
f 5824 	6098 	6097
f 5824 	5823 	6098
f 5823 	6099 	6098
f 5823 	5827 	6099
f 5827 	6100 	6099
f 5827 	5826 	6100
f 5826 	6101 	6100
f 5826 	5829 	6101
f 5829 	6102 	6101
f 5829 	5828 	6102
f 5828 	6103 	6102
f 5828 	5831 	6103
f 5831 	6104 	6103
f 5831 	5830 	6104
f 5830 	6105 	6104
f 5830 	5833 	6105
f 5833 	6106 	6105
f 5833 	5832 	6106
f 5832 	6107 	6106
f 5832 	5835 	6107
f 5835 	6108 	6107
f 5835 	5834 	6108
f 5834 	6109 	6108
f 5834 	5837 	6109
f 5837 	6110 	6109
f 5837 	5836 	6110
f 5836 	6111 	6110
f 5836 	5839 	6111
f 5839 	6112 	6111
f 5839 	5838 	6112
f 5838 	6113 	6112
f 5838 	5841 	6113
f 5841 	6114 	6113
f 5841 	5840 	6114
f 5840 	6115 	6114
f 5840 	5843 	6115
f 5843 	6116 	6115
f 5843 	5842 	6116
f 5842 	6117 	6116
f 5842 	5845 	6117
f 5845 	6118 	6117
f 5845 	5844 	6118
f 5844 	6119 	6118
f 5844 	5847 	6119
f 5847 	6120 	6119
f 5847 	5846 	6120
f 5846 	6121 	6120
f 5846 	5939 	6121
f 5939 	6213 	6121
f 5939 	5936 	6213
f 5936 	6210 	6213
f 5936 	5934 	6210
f 5934 	6208 	6210
f 5934 	5931 	6208
f 5931 	6205 	6208
f 5931 	5928 	6205
f 5928 	6202 	6205
f 5928 	5925 	6202
f 5925 	6199 	6202
f 5925 	5922 	6199
f 5922 	6196 	6199
f 5922 	5919 	6196
f 5919 	6193 	6196
f 5919 	5916 	6193
f 5916 	6190 	6193
f 5916 	5913 	6190
f 5913 	6187 	6190
f 5913 	5910 	6187
f 5910 	6184 	6187
f 5910 	5907 	6184
f 5907 	6181 	6184
f 5907 	5904 	6181
f 5904 	6178 	6181
f 5904 	5902 	6178
f 5902 	6176 	6178
f 5902 	5898 	6176
f 5898 	6172 	6176
f 5898 	5895 	6172
f 5895 	6169 	6172
f 5895 	5889 	6169
f 5889 	6163 	6169
f 5889 	5883 	6163
f 5883 	6157 	6163
f 5883 	5877 	6157
f 5877 	6151 	6157
f 5877 	5872 	6151
f 5872 	6146 	6151
f 5872 	5865 	6146
f 5865 	6139 	6146
f 5865 	5858 	6139
f 5858 	6132 	6139
f 5858 	5848 	6132
f 5848 	6122 	6132
f 5848 	5703 	6122
f 5703 	5975 	6122
f 5703 	5702 	5975
f 5702 	5976 	5975
f 5702 	5701 	5976
f 5701 	5977 	5976
f 6249 	6250 	6251
f 6252 	6253 	6249
f 6254 	6255 	6256
f 6257 	6258 	6259
f 6260 	6261 	6257
f 6262 	6263 	6260
f 6264 	6265 	6266
f 6267 	6268 	6264
f 6269 	6270 	6267
f 6271 	6272 	6273
f 6274 	6275 	6271
f 6276 	6277 	6274
f 6278 	6279 	6276
f 6280 	6281 	6278
f 6282 	6283 	6280
f 6284 	6285 	6282
f 6286 	6287 	6284
f 6288 	6289 	6286
f 6290 	6291 	6288
f 6292 	6293 	6290
f 6294 	6295 	6292
f 6296 	6297 	6294
f 6298 	6299 	6296
f 6300 	6301 	6298
f 6302 	6303 	6300
f 6304 	6305 	6302
f 6306 	6307 	6304
f 6308 	6309 	6306
f 6310 	6311 	6308
f 6312 	6313 	6310
f 6314 	6315 	6312
f 6316 	6317 	6314
f 6318 	6319 	6316
f 6320 	6321 	6318
f 6322 	6323 	6320
f 6324 	6325 	6322
f 6326 	6327 	6324
f 6328 	6329 	6326
f 6330 	6331 	6328
f 6332 	6333 	6330
f 6334 	6335 	6332
f 6336 	6337 	6334
f 6338 	6339 	6336
f 6340 	6341 	6338
f 6342 	6343 	6340
f 6344 	6345 	6342
f 6346 	6347 	6344
f 6348 	6349 	6346
f 6350 	6351 	6348
f 6352 	6353 	6350
f 6354 	6355 	6352
f 6356 	6357 	6358
f 6359 	6360 	6356
f 6361 	6362 	6363
f 6362 	6361 	6364
f 6249 	6251 	6365
f 6366 	6252 	6249
f 6257 	6259 	6367
f 6262 	6260 	6257
f 6267 	6264 	6266
f 6274 	6271 	6273
f 6278 	6276 	6274
f 6282 	6280 	6278
f 6286 	6284 	6282
f 6290 	6288 	6286
f 6294 	6292 	6290
f 6298 	6296 	6294
f 6302 	6300 	6298
f 6306 	6304 	6302
f 6310 	6308 	6306
f 6314 	6312 	6310
f 6318 	6316 	6314
f 6322 	6320 	6318
f 6326 	6324 	6322
f 6330 	6328 	6326
f 6334 	6332 	6330
f 6338 	6336 	6334
f 6342 	6340 	6338
f 6346 	6344 	6342
f 6350 	6348 	6346
f 6354 	6352 	6350
f 6368 	6359 	6356
f 6361 	6363 	6369
f 6362 	6364 	6370
f 6249 	6365 	6371
f 6372 	6366 	6249
f 6257 	6367 	6373
f 6266 	6262 	6257
f 6269 	6267 	6266
f 6278 	6274 	6273
f 6286 	6282 	6278
f 6294 	6290 	6286
f 6302 	6298 	6294
f 6310 	6306 	6302
f 6318 	6314 	6310
f 6326 	6322 	6318
f 6334 	6330 	6326
f 6342 	6338 	6334
f 6350 	6346 	6342
f 6374 	6368 	6356
f 6361 	6369 	6375
f 6362 	6370 	6376
f 6249 	6371 	6377
f 6378 	6372 	6249
f 6257 	6373 	6379
f 6269 	6266 	6257
f 6286 	6278 	6273
f 6302 	6294 	6286
f 6318 	6310 	6302
f 6334 	6326 	6318
f 6350 	6342 	6334
f 6380 	6374 	6356
f 6361 	6375 	6381
f 6362 	6376 	6382
f 6249 	6377 	6383
f 6384 	6378 	6249
f 6257 	6379 	6385
f 6318 	6302 	6286
f 6350 	6334 	6318
f 6380 	6356 	6358
f 6361 	6381 	6386
f 6362 	6382 	6387
f 6249 	6383 	6388
f 6389 	6384 	6249
f 6257 	6385 	6390
f 6391 	6380 	6358
f 6361 	6386 	6392
f 6362 	6387 	6393
f 6249 	6388 	6394
f 6256 	6389 	6249
f 6257 	6390 	6395
f 6396 	6391 	6358
f 6361 	6392 	6397
f 6362 	6393 	6398
f 6249 	6394 	6399
f 6254 	6256 	6249
f 6269 	6257 	6395
f 6400 	6396 	6358
f 6361 	6397 	6401
f 6362 	6398 	6402
f 6249 	6399 	6403
f 6404 	6254 	6249
f 6269 	6395 	6405
f 6406 	6400 	6358
f 6361 	6401 	6407
f 6362 	6402 	6408
f 6249 	6403 	6409
f 6410 	6404 	6249
f 6411 	6406 	6358
f 6361 	6407 	6412
f 6362 	6408 	6413
f 6249 	6409 	6414
f 6415 	6410 	6249
f 6416 	6411 	6358
f 6361 	6412 	6417
f 6362 	6413 	6418
f 6249 	6414 	6419
f 6420 	6415 	6249
f 6421 	6416 	6358
f 6361 	6417 	6422
f 6362 	6418 	6423
f 6249 	6419 	6424
f 6425 	6420 	6249
f 6426 	6421 	6358
f 6427 	6361 	6422
f 6428 	6362 	6423
f 6249 	6424 	6429
f 6430 	6425 	6249
f 6431 	6426 	6358
f 6432 	6427 	6422
f 6433 	6428 	6423
f 6249 	6429 	6434
f 6435 	6430 	6249
f 6422 	6431 	6358
f 6436 	6432 	6422
f 6437 	6433 	6423
f 6249 	6434 	6438
f 6439 	6435 	6249
f 6436 	6422 	6358
f 6440 	6437 	6423
f 6439 	6249 	6438
f 6436 	6358 	6354
f 6441 	6440 	6423
f 6439 	6438 	6442
f 6436 	6354 	6350
f 6443 	6441 	6423
f 6439 	6442 	6444
f 6445 	6436 	6350
f 6444 	6443 	6423
f 6446 	6439 	6444
f 6447 	6445 	6350
f 6448 	6446 	6444
f 6449 	6447 	6350
f 6450 	6448 	6444
f 6451 	6449 	6350
f 6452 	6450 	6444
f 6453 	6451 	6350
f 6454 	6452 	6444
f 6455 	6453 	6350
f 6456 	6454 	6444
f 6457 	6455 	6350
f 6458 	6456 	6444
f 6459 	6457 	6350
f 6405 	6458 	6444
f 6460 	6459 	6350
f 6269 	6405 	6444
f 6461 	6460 	6350
f 6269 	6444 	6423
f 6462 	6461 	6350
f 6269 	6423 	6463
f 6464 	6462 	6350
f 6269 	6463 	6465
f 6466 	6464 	6350
f 6269 	6465 	6467
f 6468 	6466 	6350
f 6269 	6467 	6469
f 6470 	6468 	6350
f 6269 	6469 	6471
f 6472 	6470 	6350
f 6269 	6471 	6473
f 6474 	6472 	6350
f 6269 	6473 	6475
f 6476 	6474 	6350
f 6273 	6269 	6475
f 6477 	6476 	6350
f 6273 	6475 	6478
f 6479 	6477 	6350
f 6273 	6478 	6480
f 6481 	6479 	6350
f 6273 	6480 	6482
f 6481 	6350 	6318
f 6273 	6482 	6483
f 6484 	6481 	6318
f 6286 	6273 	6483
f 6485 	6484 	6318
f 6286 	6483 	6486
f 6487 	6485 	6318
f 6286 	6486 	6488
f 6489 	6487 	6318
f 6286 	6488 	6490
f 6491 	6489 	6318
f 6286 	6490 	6492
f 6493 	6491 	6318
f 6286 	6492 	6494
f 6495 	6493 	6318
f 6286 	6494 	6496
f 6497 	6495 	6318
f 6286 	6496 	6498
f 6499 	6497 	6318
f 6286 	6498 	6500
f 6501 	6499 	6318
f 6286 	6500 	6502
f 6503 	6501 	6318
f 6286 	6502 	6504
f 6503 	6318 	6286
f 6286 	6504 	6505
f 6506 	6503 	6286
f 6286 	6505 	6507
f 6507 	6506 	6286
f 6508 	6509 	6510
f 6510 	6511 	6512
f 6513 	6514 	6515
f 6516 	6517 	6518
f 6518 	6519 	6520
f 6520 	6521 	6522
f 6523 	6524 	6525
f 6525 	6526 	6527
f 6527 	6528 	6529
f 6530 	6531 	6532
f 6532 	6533 	6534
f 6534 	6535 	6536
f 6536 	6537 	6538
f 6538 	6539 	6540
f 6540 	6541 	6542
f 6542 	6543 	6544
f 6544 	6545 	6546
f 6546 	6547 	6548
f 6548 	6549 	6550
f 6550 	6551 	6552
f 6552 	6553 	6554
f 6554 	6555 	6556
f 6556 	6557 	6558
f 6558 	6559 	6560
f 6560 	6561 	6562
f 6562 	6563 	6564
f 6564 	6565 	6566
f 6566 	6567 	6568
f 6568 	6569 	6570
f 6570 	6571 	6572
f 6572 	6573 	6574
f 6574 	6575 	6576
f 6576 	6577 	6578
f 6578 	6579 	6580
f 6580 	6581 	6582
f 6582 	6583 	6584
f 6584 	6585 	6586
f 6586 	6587 	6588
f 6588 	6589 	6590
f 6590 	6591 	6592
f 6592 	6593 	6594
f 6594 	6595 	6596
f 6596 	6597 	6598
f 6598 	6599 	6600
f 6600 	6601 	6602
f 6602 	6603 	6604
f 6604 	6605 	6606
f 6606 	6607 	6608
f 6608 	6609 	6610
f 6610 	6611 	6612
f 6612 	6613 	6614
f 6615 	6616 	6617
f 6617 	6618 	6619
f 6620 	6621 	6622
f 6623 	6622 	6621
f 6624 	6508 	6510
f 6510 	6512 	6625
f 6626 	6516 	6518
f 6518 	6520 	6522
f 6523 	6525 	6527
f 6530 	6532 	6534
f 6534 	6536 	6538
f 6538 	6540 	6542
f 6542 	6544 	6546
f 6546 	6548 	6550
f 6550 	6552 	6554
f 6554 	6556 	6558
f 6558 	6560 	6562
f 6562 	6564 	6566
f 6566 	6568 	6570
f 6570 	6572 	6574
f 6574 	6576 	6578
f 6578 	6580 	6582
f 6582 	6584 	6586
f 6586 	6588 	6590
f 6590 	6592 	6594
f 6594 	6596 	6598
f 6598 	6600 	6602
f 6602 	6604 	6606
f 6606 	6608 	6610
f 6610 	6612 	6614
f 6617 	6619 	6627
f 6628 	6620 	6622
f 6629 	6623 	6621
f 6630 	6624 	6510
f 6510 	6625 	6631
f 6632 	6626 	6518
f 6518 	6522 	6523
f 6523 	6527 	6529
f 6530 	6534 	6538
f 6538 	6542 	6546
f 6546 	6550 	6554
f 6554 	6558 	6562
f 6562 	6566 	6570
f 6570 	6574 	6578
f 6578 	6582 	6586
f 6586 	6590 	6594
f 6594 	6598 	6602
f 6602 	6606 	6610
f 6617 	6627 	6633
f 6634 	6628 	6622
f 6635 	6629 	6621
f 6636 	6630 	6510
f 6510 	6631 	6637
f 6638 	6632 	6518
f 6518 	6523 	6529
f 6530 	6538 	6546
f 6546 	6554 	6562
f 6562 	6570 	6578
f 6578 	6586 	6594
f 6594 	6602 	6610
f 6617 	6633 	6639
f 6640 	6634 	6622
f 6641 	6635 	6621
f 6642 	6636 	6510
f 6510 	6637 	6643
f 6644 	6638 	6518
f 6546 	6562 	6578
f 6578 	6594 	6610
f 6615 	6617 	6639
f 6645 	6640 	6622
f 6646 	6641 	6621
f 6647 	6642 	6510
f 6510 	6643 	6648
f 6649 	6644 	6518
f 6615 	6639 	6650
f 6651 	6645 	6622
f 6652 	6646 	6621
f 6653 	6647 	6510
f 6510 	6648 	6513
f 6654 	6649 	6518
f 6615 	6650 	6655
f 6656 	6651 	6622
f 6657 	6652 	6621
f 6658 	6653 	6510
f 6510 	6513 	6515
f 6654 	6518 	6529
f 6615 	6655 	6659
f 6660 	6656 	6622
f 6661 	6657 	6621
f 6662 	6658 	6510
f 6510 	6515 	6663
f 6664 	6654 	6529
f 6615 	6659 	6665
f 6666 	6660 	6622
f 6667 	6661 	6621
f 6668 	6662 	6510
f 6510 	6663 	6669
f 6615 	6665 	6670
f 6671 	6666 	6622
f 6672 	6667 	6621
f 6673 	6668 	6510
f 6510 	6669 	6674
f 6615 	6670 	6675
f 6676 	6671 	6622
f 6677 	6672 	6621
f 6678 	6673 	6510
f 6510 	6674 	6679
f 6615 	6675 	6680
f 6681 	6676 	6622
f 6682 	6677 	6621
f 6683 	6678 	6510
f 6510 	6679 	6684
f 6615 	6680 	6685
f 6681 	6622 	6686
f 6682 	6621 	6687
f 6688 	6683 	6510
f 6510 	6684 	6689
f 6615 	6685 	6690
f 6681 	6686 	6691
f 6682 	6687 	6692
f 6693 	6688 	6510
f 6510 	6689 	6694
f 6615 	6690 	6681
f 6681 	6691 	6695
f 6682 	6692 	6696
f 6697 	6693 	6510
f 6510 	6694 	6698
f 6615 	6681 	6695
f 6682 	6696 	6699
f 6697 	6510 	6698
f 6614 	6615 	6695
f 6682 	6699 	6700
f 6701 	6697 	6698
f 6610 	6614 	6695
f 6682 	6700 	6702
f 6703 	6701 	6698
f 6610 	6695 	6704
f 6682 	6702 	6703
f 6703 	6698 	6705
f 6610 	6704 	6706
f 6703 	6705 	6707
f 6610 	6706 	6708
f 6703 	6707 	6709
f 6610 	6708 	6710
f 6703 	6709 	6711
f 6610 	6710 	6712
f 6703 	6711 	6713
f 6610 	6712 	6714
f 6703 	6713 	6715
f 6610 	6714 	6716
f 6703 	6715 	6717
f 6610 	6716 	6718
f 6703 	6717 	6664
f 6610 	6718 	6719
f 6703 	6664 	6529
f 6610 	6719 	6720
f 6682 	6703 	6529
f 6610 	6720 	6721
f 6722 	6682 	6529
f 6610 	6721 	6723
f 6724 	6722 	6529
f 6610 	6723 	6725
f 6726 	6724 	6529
f 6610 	6725 	6727
f 6728 	6726 	6529
f 6610 	6727 	6729
f 6730 	6728 	6529
f 6610 	6729 	6731
f 6732 	6730 	6529
f 6610 	6731 	6733
f 6734 	6732 	6529
f 6610 	6733 	6735
f 6734 	6529 	6530
f 6610 	6735 	6736
f 6737 	6734 	6530
f 6610 	6736 	6738
f 6739 	6737 	6530
f 6610 	6738 	6740
f 6741 	6739 	6530
f 6578 	6610 	6740
f 6742 	6741 	6530
f 6578 	6740 	6743
f 6742 	6530 	6546
f 6578 	6743 	6744
f 6745 	6742 	6546
f 6578 	6744 	6746
f 6747 	6745 	6546
f 6578 	6746 	6748
f 6749 	6747 	6546
f 6578 	6748 	6750
f 6751 	6749 	6546
f 6578 	6750 	6752
f 6753 	6751 	6546
f 6578 	6752 	6754
f 6755 	6753 	6546
f 6578 	6754 	6756
f 6757 	6755 	6546
f 6578 	6756 	6758
f 6759 	6757 	6546
f 6578 	6758 	6760
f 6761 	6759 	6546
f 6578 	6760 	6762
f 6763 	6761 	6546
f 6546 	6578 	6762
f 6764 	6763 	6546
f 6546 	6762 	6765
f 6766 	6764 	6546
f 6546 	6765 	6766
f 6250 	6249 	6509
f 6249 	6510 	6509
f 6249 	6253 	6510
f 6253 	6511 	6510
f 6253 	6252 	6511
f 6252 	6512 	6511
f 6252 	6366 	6512
f 6366 	6625 	6512
f 6366 	6372 	6625
f 6372 	6631 	6625
f 6372 	6378 	6631
f 6378 	6637 	6631
f 6378 	6384 	6637
f 6384 	6643 	6637
f 6384 	6389 	6643
f 6389 	6648 	6643
f 6389 	6256 	6648
f 6256 	6513 	6648
f 6256 	6255 	6513
f 6255 	6514 	6513
f 6255 	6254 	6514
f 6254 	6515 	6514
f 6254 	6404 	6515
f 6404 	6663 	6515
f 6404 	6410 	6663
f 6410 	6669 	6663
f 6410 	6415 	6669
f 6415 	6674 	6669
f 6415 	6420 	6674
f 6420 	6679 	6674
f 6420 	6425 	6679
f 6425 	6684 	6679
f 6425 	6430 	6684
f 6430 	6689 	6684
f 6430 	6435 	6689
f 6435 	6694 	6689
f 6435 	6439 	6694
f 6439 	6698 	6694
f 6439 	6446 	6698
f 6446 	6705 	6698
f 6446 	6448 	6705
f 6448 	6707 	6705
f 6448 	6450 	6707
f 6450 	6709 	6707
f 6450 	6452 	6709
f 6452 	6711 	6709
f 6452 	6454 	6711
f 6454 	6713 	6711
f 6454 	6456 	6713
f 6456 	6715 	6713
f 6456 	6458 	6715
f 6458 	6717 	6715
f 6458 	6405 	6717
f 6405 	6664 	6717
f 6405 	6395 	6664
f 6395 	6654 	6664
f 6395 	6390 	6654
f 6390 	6649 	6654
f 6390 	6385 	6649
f 6385 	6644 	6649
f 6385 	6379 	6644
f 6379 	6638 	6644
f 6379 	6373 	6638
f 6373 	6632 	6638
f 6373 	6367 	6632
f 6367 	6626 	6632
f 6367 	6259 	6626
f 6259 	6516 	6626
f 6259 	6258 	6516
f 6258 	6517 	6516
f 6258 	6257 	6517
f 6257 	6518 	6517
f 6257 	6261 	6518
f 6261 	6519 	6518
f 6261 	6260 	6519
f 6260 	6520 	6519
f 6260 	6263 	6520
f 6263 	6521 	6520
f 6263 	6262 	6521
f 6262 	6522 	6521
f 6262 	6266 	6522
f 6266 	6523 	6522
f 6266 	6265 	6523
f 6265 	6524 	6523
f 6265 	6264 	6524
f 6264 	6525 	6524
f 6264 	6268 	6525
f 6268 	6526 	6525
f 6268 	6267 	6526
f 6267 	6527 	6526
f 6267 	6270 	6527
f 6270 	6528 	6527
f 6270 	6269 	6528
f 6269 	6529 	6528
f 6269 	6273 	6529
f 6273 	6530 	6529
f 6273 	6272 	6530
f 6272 	6531 	6530
f 6272 	6271 	6531
f 6271 	6532 	6531
f 6271 	6275 	6532
f 6275 	6533 	6532
f 6275 	6274 	6533
f 6274 	6534 	6533
f 6274 	6277 	6534
f 6277 	6535 	6534
f 6277 	6276 	6535
f 6276 	6536 	6535
f 6276 	6279 	6536
f 6279 	6537 	6536
f 6279 	6278 	6537
f 6278 	6538 	6537
f 6278 	6281 	6538
f 6281 	6539 	6538
f 6281 	6280 	6539
f 6280 	6540 	6539
f 6280 	6283 	6540
f 6283 	6541 	6540
f 6283 	6282 	6541
f 6282 	6542 	6541
f 6282 	6285 	6542
f 6285 	6543 	6542
f 6285 	6284 	6543
f 6284 	6544 	6543
f 6284 	6287 	6544
f 6287 	6545 	6544
f 6287 	6286 	6545
f 6286 	6546 	6545
f 6286 	6289 	6546
f 6289 	6547 	6546
f 6289 	6288 	6547
f 6288 	6548 	6547
f 6288 	6291 	6548
f 6291 	6549 	6548
f 6291 	6290 	6549
f 6290 	6550 	6549
f 6290 	6293 	6550
f 6293 	6551 	6550
f 6293 	6292 	6551
f 6292 	6552 	6551
f 6292 	6295 	6552
f 6295 	6553 	6552
f 6295 	6294 	6553
f 6294 	6554 	6553
f 6294 	6297 	6554
f 6297 	6555 	6554
f 6297 	6296 	6555
f 6296 	6556 	6555
f 6296 	6299 	6556
f 6299 	6557 	6556
f 6299 	6298 	6557
f 6298 	6558 	6557
f 6298 	6301 	6558
f 6301 	6559 	6558
f 6301 	6300 	6559
f 6300 	6560 	6559
f 6300 	6303 	6560
f 6303 	6561 	6560
f 6303 	6302 	6561
f 6302 	6562 	6561
f 6302 	6305 	6562
f 6305 	6563 	6562
f 6305 	6304 	6563
f 6304 	6564 	6563
f 6304 	6307 	6564
f 6307 	6565 	6564
f 6307 	6306 	6565
f 6306 	6566 	6565
f 6306 	6309 	6566
f 6309 	6567 	6566
f 6309 	6308 	6567
f 6308 	6568 	6567
f 6308 	6311 	6568
f 6311 	6569 	6568
f 6311 	6310 	6569
f 6310 	6570 	6569
f 6310 	6313 	6570
f 6313 	6571 	6570
f 6313 	6312 	6571
f 6312 	6572 	6571
f 6312 	6315 	6572
f 6315 	6573 	6572
f 6315 	6314 	6573
f 6314 	6574 	6573
f 6314 	6317 	6574
f 6317 	6575 	6574
f 6317 	6316 	6575
f 6316 	6576 	6575
f 6316 	6319 	6576
f 6319 	6577 	6576
f 6319 	6318 	6577
f 6318 	6578 	6577
f 6318 	6321 	6578
f 6321 	6579 	6578
f 6321 	6320 	6579
f 6320 	6580 	6579
f 6320 	6323 	6580
f 6323 	6581 	6580
f 6323 	6322 	6581
f 6322 	6582 	6581
f 6322 	6325 	6582
f 6325 	6583 	6582
f 6325 	6324 	6583
f 6324 	6584 	6583
f 6324 	6327 	6584
f 6327 	6585 	6584
f 6327 	6326 	6585
f 6326 	6586 	6585
f 6326 	6329 	6586
f 6329 	6587 	6586
f 6329 	6328 	6587
f 6328 	6588 	6587
f 6328 	6331 	6588
f 6331 	6589 	6588
f 6331 	6330 	6589
f 6330 	6590 	6589
f 6330 	6333 	6590
f 6333 	6591 	6590
f 6333 	6332 	6591
f 6332 	6592 	6591
f 6332 	6335 	6592
f 6335 	6593 	6592
f 6335 	6334 	6593
f 6334 	6594 	6593
f 6334 	6337 	6594
f 6337 	6595 	6594
f 6337 	6336 	6595
f 6336 	6596 	6595
f 6336 	6339 	6596
f 6339 	6597 	6596
f 6339 	6338 	6597
f 6338 	6598 	6597
f 6338 	6341 	6598
f 6341 	6599 	6598
f 6341 	6340 	6599
f 6340 	6600 	6599
f 6340 	6343 	6600
f 6343 	6601 	6600
f 6343 	6342 	6601
f 6342 	6602 	6601
f 6342 	6345 	6602
f 6345 	6603 	6602
f 6345 	6344 	6603
f 6344 	6604 	6603
f 6344 	6347 	6604
f 6347 	6605 	6604
f 6347 	6346 	6605
f 6346 	6606 	6605
f 6346 	6349 	6606
f 6349 	6607 	6606
f 6349 	6348 	6607
f 6348 	6608 	6607
f 6348 	6351 	6608
f 6351 	6609 	6608
f 6351 	6350 	6609
f 6350 	6610 	6609
f 6350 	6353 	6610
f 6353 	6611 	6610
f 6353 	6352 	6611
f 6352 	6612 	6611
f 6352 	6355 	6612
f 6355 	6613 	6612
f 6355 	6354 	6613
f 6354 	6614 	6613
f 6354 	6358 	6614
f 6358 	6615 	6614
f 6358 	6357 	6615
f 6357 	6616 	6615
f 6357 	6356 	6616
f 6356 	6617 	6616
f 6356 	6360 	6617
f 6360 	6618 	6617
f 6360 	6359 	6618
f 6359 	6619 	6618
f 6359 	6368 	6619
f 6368 	6627 	6619
f 6368 	6374 	6627
f 6374 	6633 	6627
f 6374 	6380 	6633
f 6380 	6639 	6633
f 6380 	6391 	6639
f 6391 	6650 	6639
f 6391 	6396 	6650
f 6396 	6655 	6650
f 6396 	6400 	6655
f 6400 	6659 	6655
f 6400 	6406 	6659
f 6406 	6665 	6659
f 6406 	6411 	6665
f 6411 	6670 	6665
f 6411 	6416 	6670
f 6416 	6675 	6670
f 6416 	6421 	6675
f 6421 	6680 	6675
f 6421 	6426 	6680
f 6426 	6685 	6680
f 6426 	6431 	6685
f 6431 	6690 	6685
f 6431 	6422 	6690
f 6422 	6681 	6690
f 6422 	6417 	6681
f 6417 	6676 	6681
f 6417 	6412 	6676
f 6412 	6671 	6676
f 6412 	6407 	6671
f 6407 	6666 	6671
f 6407 	6401 	6666
f 6401 	6660 	6666
f 6401 	6397 	6660
f 6397 	6656 	6660
f 6397 	6392 	6656
f 6392 	6651 	6656
f 6392 	6386 	6651
f 6386 	6645 	6651
f 6386 	6381 	6645
f 6381 	6640 	6645
f 6381 	6375 	6640
f 6375 	6634 	6640
f 6375 	6369 	6634
f 6369 	6628 	6634
f 6369 	6363 	6628
f 6363 	6620 	6628
f 6363 	6362 	6620
f 6362 	6621 	6620
f 6362 	6428 	6621
f 6428 	6687 	6621
f 6428 	6433 	6687
f 6433 	6692 	6687
f 6433 	6437 	6692
f 6437 	6696 	6692
f 6437 	6440 	6696
f 6440 	6699 	6696
f 6440 	6441 	6699
f 6441 	6700 	6699
f 6441 	6443 	6700
f 6443 	6702 	6700
f 6443 	6444 	6702
f 6444 	6703 	6702
f 6444 	6442 	6703
f 6442 	6701 	6703
f 6442 	6438 	6701
f 6438 	6697 	6701
f 6438 	6434 	6697
f 6434 	6693 	6697
f 6434 	6429 	6693
f 6429 	6688 	6693
f 6429 	6424 	6688
f 6424 	6683 	6688
f 6424 	6419 	6683
f 6419 	6678 	6683
f 6419 	6414 	6678
f 6414 	6673 	6678
f 6414 	6409 	6673
f 6409 	6668 	6673
f 6409 	6403 	6668
f 6403 	6662 	6668
f 6403 	6399 	6662
f 6399 	6658 	6662
f 6399 	6394 	6658
f 6394 	6653 	6658
f 6394 	6388 	6653
f 6388 	6647 	6653
f 6388 	6383 	6647
f 6383 	6642 	6647
f 6383 	6377 	6642
f 6377 	6636 	6642
f 6377 	6371 	6636
f 6371 	6630 	6636
f 6371 	6365 	6630
f 6365 	6624 	6630
f 6365 	6251 	6624
f 6251 	6508 	6624
f 6251 	6250 	6508
f 6250 	6509 	6508
f 6483 	6482 	6742
f 6482 	6741 	6742
f 6482 	6480 	6741
f 6480 	6739 	6741
f 6480 	6478 	6739
f 6478 	6737 	6739
f 6478 	6475 	6737
f 6475 	6734 	6737
f 6475 	6473 	6734
f 6473 	6732 	6734
f 6473 	6471 	6732
f 6471 	6730 	6732
f 6471 	6469 	6730
f 6469 	6728 	6730
f 6469 	6467 	6728
f 6467 	6726 	6728
f 6467 	6465 	6726
f 6465 	6724 	6726
f 6465 	6463 	6724
f 6463 	6722 	6724
f 6463 	6423 	6722
f 6423 	6682 	6722
f 6423 	6418 	6682
f 6418 	6677 	6682
f 6418 	6413 	6677
f 6413 	6672 	6677
f 6413 	6408 	6672
f 6408 	6667 	6672
f 6408 	6402 	6667
f 6402 	6661 	6667
f 6402 	6398 	6661
f 6398 	6657 	6661
f 6398 	6393 	6657
f 6393 	6652 	6657
f 6393 	6387 	6652
f 6387 	6646 	6652
f 6387 	6382 	6646
f 6382 	6641 	6646
f 6382 	6376 	6641
f 6376 	6635 	6641
f 6376 	6370 	6635
f 6370 	6629 	6635
f 6370 	6364 	6629
f 6364 	6623 	6629
f 6364 	6361 	6623
f 6361 	6622 	6623
f 6361 	6427 	6622
f 6427 	6686 	6622
f 6427 	6432 	6686
f 6432 	6691 	6686
f 6432 	6436 	6691
f 6436 	6695 	6691
f 6436 	6445 	6695
f 6445 	6704 	6695
f 6445 	6447 	6704
f 6447 	6706 	6704
f 6447 	6449 	6706
f 6449 	6708 	6706
f 6449 	6451 	6708
f 6451 	6710 	6708
f 6451 	6453 	6710
f 6453 	6712 	6710
f 6453 	6455 	6712
f 6455 	6714 	6712
f 6455 	6457 	6714
f 6457 	6716 	6714
f 6457 	6459 	6716
f 6459 	6718 	6716
f 6459 	6460 	6718
f 6460 	6719 	6718
f 6460 	6461 	6719
f 6461 	6720 	6719
f 6461 	6462 	6720
f 6462 	6721 	6720
f 6462 	6464 	6721
f 6464 	6723 	6721
f 6464 	6466 	6723
f 6466 	6725 	6723
f 6466 	6468 	6725
f 6468 	6727 	6725
f 6468 	6470 	6727
f 6470 	6729 	6727
f 6470 	6472 	6729
f 6472 	6731 	6729
f 6472 	6474 	6731
f 6474 	6733 	6731
f 6474 	6476 	6733
f 6476 	6735 	6733
f 6476 	6477 	6735
f 6477 	6736 	6735
f 6477 	6479 	6736
f 6479 	6738 	6736
f 6479 	6481 	6738
f 6481 	6740 	6738
f 6481 	6484 	6740
f 6484 	6743 	6740
f 6484 	6485 	6743
f 6485 	6744 	6743
f 6485 	6487 	6744
f 6487 	6746 	6744
f 6487 	6489 	6746
f 6489 	6748 	6746
f 6489 	6491 	6748
f 6491 	6750 	6748
f 6491 	6493 	6750
f 6493 	6752 	6750
f 6493 	6495 	6752
f 6495 	6754 	6752
f 6495 	6497 	6754
f 6497 	6756 	6754
f 6497 	6499 	6756
f 6499 	6758 	6756
f 6499 	6501 	6758
f 6501 	6760 	6758
f 6501 	6503 	6760
f 6503 	6762 	6760
f 6503 	6506 	6762
f 6506 	6765 	6762
f 6506 	6507 	6765
f 6507 	6766 	6765
f 6507 	6505 	6766
f 6505 	6764 	6766
f 6505 	6504 	6764
f 6504 	6763 	6764
f 6504 	6502 	6763
f 6502 	6761 	6763
f 6502 	6500 	6761
f 6500 	6759 	6761
f 6500 	6498 	6759
f 6498 	6757 	6759
f 6498 	6496 	6757
f 6496 	6755 	6757
f 6496 	6494 	6755
f 6494 	6753 	6755
f 6494 	6492 	6753
f 6492 	6751 	6753
f 6492 	6490 	6751
f 6490 	6749 	6751
f 6490 	6488 	6749
f 6488 	6747 	6749
f 6488 	6486 	6747
f 6486 	6745 	6747
f 6486 	6483 	6745
f 6483 	6742 	6745
f 6767 	6768 	6769
f 6770 	6771 	6767
f 6772 	6773 	6770
f 6774 	6775 	6772
f 6776 	6777 	6774
f 6778 	6779 	6776
f 6780 	6781 	6778
f 6781 	6780 	6782
f 6783 	6784 	6781
f 6785 	6786 	6783
f 6787 	6788 	6785
f 6789 	6790 	6787
f 6791 	6792 	6789
f 6793 	6794 	6791
f 6795 	6796 	6793
f 6797 	6798 	6795
f 6799 	6800 	6797
f 6801 	6802 	6799
f 6803 	6804 	6801
f 6805 	6806 	6803
f 6807 	6808 	6805
f 6809 	6810 	6807
f 6811 	6812 	6809
f 6813 	6814 	6811
f 6815 	6816 	6813
f 6817 	6818 	6815
f 6819 	6820 	6817
f 6821 	6822 	6819
f 6823 	6824 	6821
f 6825 	6826 	6823
f 6827 	6828 	6825
f 6829 	6830 	6827
f 6831 	6832 	6833
f 6834 	6835 	6831
f 6836 	6837 	6838
f 6839 	6840 	6836
f 6841 	6842 	6839
f 6843 	6844 	6841
f 6845 	6846 	6843
f 6847 	6848 	6845
f 6849 	6850 	6847
f 6851 	6852 	6849
f 6853 	6854 	6851
f 6855 	6856 	6853
f 6857 	6858 	6855
f 6859 	6860 	6857
f 6861 	6862 	6859
f 6863 	6864 	6861
f 6865 	6866 	6863
f 6867 	6868 	6865
f 6869 	6870 	6867
f 6871 	6872 	6869
f 6873 	6874 	6871
f 6875 	6876 	6873
f 6877 	6878 	6875
f 6879 	6880 	6877
f 6881 	6882 	6879
f 6883 	6884 	6881
f 6885 	6886 	6883
f 6887 	6888 	6885
f 6889 	6890 	6887
f 6891 	6892 	6889
f 6893 	6894 	6891
f 6895 	6896 	6893
f 6897 	6898 	6895
f 6770 	6767 	6769
f 6774 	6772 	6770
f 6778 	6776 	6774
f 6899 	6780 	6778
f 6781 	6782 	6900
f 6785 	6783 	6781
f 6789 	6787 	6785
f 6793 	6791 	6789
f 6797 	6795 	6793
f 6801 	6799 	6797
f 6805 	6803 	6801
f 6809 	6807 	6805
f 6813 	6811 	6809
f 6817 	6815 	6813
f 6821 	6819 	6817
f 6825 	6823 	6821
f 6829 	6827 	6825
f 6901 	6834 	6831
f 6839 	6836 	6838
f 6843 	6841 	6839
f 6847 	6845 	6843
f 6851 	6849 	6847
f 6855 	6853 	6851
f 6859 	6857 	6855
f 6863 	6861 	6859
f 6867 	6865 	6863
f 6871 	6869 	6867
f 6875 	6873 	6871
f 6879 	6877 	6875
f 6883 	6881 	6879
f 6887 	6885 	6883
f 6891 	6889 	6887
f 6895 	6893 	6891
f 6902 	6897 	6895
f 6774 	6770 	6769
f 6899 	6778 	6774
f 6781 	6900 	6903
f 6789 	6785 	6781
f 6797 	6793 	6789
f 6805 	6801 	6797
f 6813 	6809 	6805
f 6821 	6817 	6813
f 6829 	6825 	6821
f 6904 	6901 	6831
f 6843 	6839 	6838
f 6851 	6847 	6843
f 6859 	6855 	6851
f 6867 	6863 	6859
f 6875 	6871 	6867
f 6883 	6879 	6875
f 6891 	6887 	6883
f 6902 	6895 	6891
f 6905 	6899 	6774
f 6781 	6903 	6906
f 6797 	6789 	6781
f 6813 	6805 	6797
f 6829 	6821 	6813
f 6904 	6831 	6833
f 6843 	6838 	6907
f 6859 	6851 	6843
f 6875 	6867 	6859
f 6891 	6883 	6875
f 6908 	6902 	6891
f 6909 	6905 	6774
f 6781 	6906 	6910
f 6813 	6797 	6781
f 6911 	6904 	6833
f 6843 	6907 	6912
f 6875 	6859 	6843
f 6908 	6891 	6875
f 6913 	6909 	6774
f 6781 	6910 	6914
f 6915 	6911 	6833
f 6916 	6908 	6875
f 6917 	6913 	6774
f 6781 	6914 	6918
f 6919 	6915 	6833
f 6920 	6916 	6875
f 6921 	6917 	6774
f 6781 	6918 	6922
f 6923 	6919 	6833
f 6924 	6920 	6875
f 6925 	6921 	6774
f 6781 	6922 	6926
f 6927 	6923 	6833
f 6928 	6924 	6875
f 6929 	6925 	6774
f 6813 	6781 	6926
f 6930 	6927 	6833
f 6931 	6928 	6875
f 6932 	6929 	6774
f 6813 	6926 	6933
f 6934 	6930 	6833
f 6935 	6931 	6875
f 6936 	6932 	6774
f 6813 	6933 	6937
f 6938 	6934 	6833
f 6939 	6935 	6875
f 6940 	6936 	6774
f 6813 	6937 	6941
f 6942 	6938 	6833
f 6943 	6939 	6875
f 6944 	6940 	6774
f 6813 	6941 	6945
f 6946 	6942 	6833
f 6947 	6943 	6875
f 6948 	6944 	6774
f 6813 	6945 	6949
f 6950 	6946 	6833
f 6951 	6947 	6875
f 6952 	6948 	6774
f 6813 	6949 	6953
f 6950 	6833 	6829
f 6954 	6951 	6875
f 6955 	6952 	6774
f 6813 	6953 	6956
f 6957 	6950 	6829
f 6958 	6954 	6875
f 6955 	6774 	6769
f 6813 	6956 	6959
f 6960 	6957 	6829
f 6961 	6958 	6875
f 6962 	6955 	6769
f 6813 	6959 	6963
f 6964 	6960 	6829
f 6965 	6961 	6875
f 6966 	6962 	6769
f 6813 	6963 	6967
f 6968 	6964 	6829
f 6969 	6965 	6875
f 6970 	6966 	6769
f 6813 	6967 	6971
f 6972 	6968 	6829
f 6973 	6969 	6875
f 6974 	6970 	6769
f 6813 	6971 	6975
f 6976 	6972 	6829
f 6977 	6973 	6875
f 6978 	6974 	6769
f 6813 	6975 	6979
f 6980 	6976 	6829
f 6981 	6977 	6875
f 6982 	6978 	6769
f 6813 	6979 	6983
f 6984 	6980 	6829
f 6985 	6981 	6875
f 6986 	6982 	6769
f 6813 	6983 	6987
f 6912 	6984 	6829
f 6988 	6985 	6875
f 6989 	6986 	6769
f 6813 	6987 	6990
f 6843 	6912 	6829
f 6991 	6988 	6875
f 6992 	6989 	6769
f 6829 	6813 	6990
f 6993 	6991 	6875
f 6994 	6992 	6769
f 6829 	6990 	6995
f 6993 	6875 	6843
f 6829 	6995 	6996
f 6997 	6993 	6843
f 6829 	6996 	6998
f 6999 	6997 	6843
f 6829 	6998 	7000
f 7001 	6999 	6843
f 6829 	7000 	7002
f 7003 	7001 	6843
f 6829 	7002 	7004
f 7005 	7003 	6843
f 6829 	7004 	7006
f 7007 	7005 	6843
f 6829 	7006 	7008
f 7009 	7007 	6843
f 6829 	7008 	7010
f 7011 	7009 	6843
f 6829 	7010 	7012
f 7013 	7011 	6843
f 6829 	7012 	7014
f 7015 	7013 	6843
f 6843 	6829 	7014
f 7016 	7015 	6843
f 6843 	7014 	6994
f 7017 	7016 	6843
f 6843 	6994 	6769
f 7018 	7017 	6843
f 6843 	6769 	7019
f 7020 	7018 	6843
f 6843 	7019 	7021
f 7022 	7020 	6843
f 6843 	7021 	7023
f 7024 	7022 	6843
f 6843 	7023 	7025
f 7026 	7024 	6843
f 6843 	7025 	7027
f 7028 	7026 	6843
f 6843 	7027 	7028
f 7029 	7030 	7031
f 7031 	7032 	7033
f 7033 	7034 	7035
f 7035 	7036 	7037
f 7037 	7038 	7039
f 7039 	7040 	7041
f 7041 	7042 	7043
f 7044 	7043 	7042
f 7042 	7045 	7046
f 7046 	7047 	7048
f 7048 	7049 	7050
f 7050 	7051 	7052
f 7052 	7053 	7054
f 7054 	7055 	7056
f 7056 	7057 	7058
f 7058 	7059 	7060
f 7060 	7061 	7062
f 7062 	7063 	7064
f 7064 	7065 	7066
f 7066 	7067 	7068
f 7068 	7069 	7070
f 7070 	7071 	7072
f 7072 	7073 	7074
f 7074 	7075 	7076
f 7076 	7077 	7078
f 7078 	7079 	7080
f 7080 	7081 	7082
f 7082 	7083 	7084
f 7084 	7085 	7086
f 7086 	7087 	7088
f 7088 	7089 	7090
f 7090 	7091 	7092
f 7093 	7094 	7095
f 7095 	7096 	7097
f 7098 	7099 	7100
f 7100 	7101 	7102
f 7102 	7103 	7104
f 7104 	7105 	7106
f 7106 	7107 	7108
f 7108 	7109 	7110
f 7110 	7111 	7112
f 7112 	7113 	7114
f 7114 	7115 	7116
f 7116 	7117 	7118
f 7118 	7119 	7120
f 7120 	7121 	7122
f 7122 	7123 	7124
f 7124 	7125 	7126
f 7126 	7127 	7128
f 7128 	7129 	7130
f 7130 	7131 	7132
f 7132 	7133 	7134
f 7134 	7135 	7136
f 7136 	7137 	7138
f 7138 	7139 	7140
f 7140 	7141 	7142
f 7142 	7143 	7144
f 7144 	7145 	7146
f 7146 	7147 	7148
f 7148 	7149 	7150
f 7150 	7151 	7152
f 7152 	7153 	7154
f 7154 	7155 	7156
f 7156 	7157 	7158
f 7158 	7159 	7160
f 7029 	7031 	7033
f 7033 	7035 	7037
f 7037 	7039 	7041
f 7041 	7043 	7161
f 7162 	7044 	7042
f 7042 	7046 	7048
f 7048 	7050 	7052
f 7052 	7054 	7056
f 7056 	7058 	7060
f 7060 	7062 	7064
f 7064 	7066 	7068
f 7068 	7070 	7072
f 7072 	7074 	7076
f 7076 	7078 	7080
f 7080 	7082 	7084
f 7084 	7086 	7088
f 7088 	7090 	7092
f 7095 	7097 	7163
f 7098 	7100 	7102
f 7102 	7104 	7106
f 7106 	7108 	7110
f 7110 	7112 	7114
f 7114 	7116 	7118
f 7118 	7120 	7122
f 7122 	7124 	7126
f 7126 	7128 	7130
f 7130 	7132 	7134
f 7134 	7136 	7138
f 7138 	7140 	7142
f 7142 	7144 	7146
f 7146 	7148 	7150
f 7150 	7152 	7154
f 7154 	7156 	7158
f 7158 	7160 	7164
f 7029 	7033 	7037
f 7037 	7041 	7161
f 7165 	7162 	7042
f 7042 	7048 	7052
f 7052 	7056 	7060
f 7060 	7064 	7068
f 7068 	7072 	7076
f 7076 	7080 	7084
f 7084 	7088 	7092
f 7095 	7163 	7166
f 7098 	7102 	7106
f 7106 	7110 	7114
f 7114 	7118 	7122
f 7122 	7126 	7130
f 7130 	7134 	7138
f 7138 	7142 	7146
f 7146 	7150 	7154
f 7154 	7158 	7164
f 7037 	7161 	7167
f 7168 	7165 	7042
f 7042 	7052 	7060
f 7060 	7068 	7076
f 7076 	7084 	7092
f 7093 	7095 	7166
f 7169 	7098 	7106
f 7106 	7114 	7122
f 7122 	7130 	7138
f 7138 	7146 	7154
f 7154 	7164 	7170
f 7037 	7167 	7171
f 7172 	7168 	7042
f 7042 	7060 	7076
f 7093 	7166 	7173
f 7174 	7169 	7106
f 7106 	7122 	7138
f 7138 	7154 	7170
f 7037 	7171 	7175
f 7176 	7172 	7042
f 7093 	7173 	7177
f 7138 	7170 	7178
f 7037 	7175 	7179
f 7180 	7176 	7042
f 7093 	7177 	7181
f 7138 	7178 	7182
f 7037 	7179 	7183
f 7184 	7180 	7042
f 7093 	7181 	7185
f 7138 	7182 	7186
f 7037 	7183 	7187
f 7188 	7184 	7042
f 7093 	7185 	7189
f 7138 	7186 	7190
f 7037 	7187 	7191
f 7188 	7042 	7076
f 7093 	7189 	7192
f 7138 	7190 	7193
f 7037 	7191 	7194
f 7195 	7188 	7076
f 7093 	7192 	7196
f 7138 	7193 	7197
f 7037 	7194 	7198
f 7199 	7195 	7076
f 7093 	7196 	7200
f 7138 	7197 	7201
f 7037 	7198 	7202
f 7203 	7199 	7076
f 7093 	7200 	7204
f 7138 	7201 	7205
f 7037 	7202 	7206
f 7207 	7203 	7076
f 7093 	7204 	7208
f 7138 	7205 	7209
f 7037 	7206 	7210
f 7211 	7207 	7076
f 7093 	7208 	7212
f 7138 	7209 	7213
f 7037 	7210 	7214
f 7215 	7211 	7076
f 7092 	7093 	7212
f 7138 	7213 	7216
f 7037 	7214 	7217
f 7218 	7215 	7076
f 7092 	7212 	7219
f 7138 	7216 	7220
f 7029 	7037 	7217
f 7221 	7218 	7076
f 7092 	7219 	7222
f 7138 	7220 	7223
f 7029 	7217 	7224
f 7225 	7221 	7076
f 7092 	7222 	7226
f 7138 	7223 	7227
f 7029 	7224 	7228
f 7229 	7225 	7076
f 7092 	7226 	7230
f 7138 	7227 	7231
f 7029 	7228 	7232
f 7233 	7229 	7076
f 7092 	7230 	7234
f 7138 	7231 	7235
f 7029 	7232 	7236
f 7237 	7233 	7076
f 7092 	7234 	7238
f 7138 	7235 	7239
f 7029 	7236 	7240
f 7241 	7237 	7076
f 7092 	7238 	7242
f 7138 	7239 	7243
f 7029 	7240 	7244
f 7245 	7241 	7076
f 7092 	7242 	7246
f 7138 	7243 	7247
f 7029 	7244 	7248
f 7249 	7245 	7076
f 7092 	7246 	7174
f 7138 	7247 	7250
f 7029 	7248 	7251
f 7252 	7249 	7076
f 7092 	7174 	7106
f 7138 	7250 	7253
f 7029 	7251 	7254
f 7252 	7076 	7092
f 7138 	7253 	7255
f 7029 	7254 	7256
f 7257 	7252 	7092
f 7106 	7138 	7255
f 7258 	7257 	7092
f 7106 	7255 	7259
f 7260 	7258 	7092
f 7106 	7259 	7261
f 7262 	7260 	7092
f 7106 	7261 	7263
f 7264 	7262 	7092
f 7106 	7263 	7265
f 7266 	7264 	7092
f 7106 	7265 	7267
f 7268 	7266 	7092
f 7106 	7267 	7269
f 7270 	7268 	7092
f 7106 	7269 	7271
f 7272 	7270 	7092
f 7106 	7271 	7273
f 7274 	7272 	7092
f 7106 	7273 	7275
f 7276 	7274 	7092
f 7106 	7275 	7277
f 7276 	7092 	7106
f 7106 	7277 	7278
f 7256 	7276 	7106
f 7106 	7278 	7279
f 7029 	7256 	7106
f 7106 	7279 	7280
f 7281 	7029 	7106
f 7106 	7280 	7282
f 7283 	7281 	7106
f 7106 	7282 	7284
f 7285 	7283 	7106
f 7106 	7284 	7286
f 7287 	7285 	7106
f 7106 	7286 	7288
f 7289 	7287 	7106
f 7106 	7288 	7290
f 7290 	7289 	7106
f 6993 	6997 	7255
f 6997 	7259 	7255
f 6997 	6999 	7259
f 6999 	7261 	7259
f 6999 	7001 	7261
f 7001 	7263 	7261
f 7001 	7003 	7263
f 7003 	7265 	7263
f 7003 	7005 	7265
f 7005 	7267 	7265
f 7005 	7007 	7267
f 7007 	7269 	7267
f 7007 	7009 	7269
f 7009 	7271 	7269
f 7009 	7011 	7271
f 7011 	7273 	7271
f 7011 	7013 	7273
f 7013 	7275 	7273
f 7013 	7015 	7275
f 7015 	7277 	7275
f 7015 	7016 	7277
f 7016 	7278 	7277
f 7016 	7017 	7278
f 7017 	7279 	7278
f 7017 	7018 	7279
f 7018 	7280 	7279
f 7018 	7020 	7280
f 7020 	7282 	7280
f 7020 	7022 	7282
f 7022 	7284 	7282
f 7022 	7024 	7284
f 7024 	7286 	7284
f 7024 	7026 	7286
f 7026 	7288 	7286
f 7026 	7028 	7288
f 7028 	7290 	7288
f 7028 	7027 	7290
f 7027 	7289 	7290
f 7027 	7025 	7289
f 7025 	7287 	7289
f 7025 	7023 	7287
f 7023 	7285 	7287
f 7023 	7021 	7285
f 7021 	7283 	7285
f 7021 	7019 	7283
f 7019 	7281 	7283
f 7019 	6769 	7281
f 6769 	7029 	7281
f 6769 	6768 	7029
f 6768 	7030 	7029
f 6768 	6767 	7030
f 6767 	7031 	7030
f 6767 	6771 	7031
f 6771 	7032 	7031
f 6771 	6770 	7032
f 6770 	7033 	7032
f 6770 	6773 	7033
f 6773 	7034 	7033
f 6773 	6772 	7034
f 6772 	7035 	7034
f 6772 	6775 	7035
f 6775 	7036 	7035
f 6775 	6774 	7036
f 6774 	7037 	7036
f 6774 	6777 	7037
f 6777 	7038 	7037
f 6777 	6776 	7038
f 6776 	7039 	7038
f 6776 	6779 	7039
f 6779 	7040 	7039
f 6779 	6778 	7040
f 6778 	7041 	7040
f 6778 	6781 	7041
f 6781 	7042 	7041
f 6781 	6784 	7042
f 6784 	7045 	7042
f 6784 	6783 	7045
f 6783 	7046 	7045
f 6783 	6786 	7046
f 6786 	7047 	7046
f 6786 	6785 	7047
f 6785 	7048 	7047
f 6785 	6788 	7048
f 6788 	7049 	7048
f 6788 	6787 	7049
f 6787 	7050 	7049
f 6787 	6790 	7050
f 6790 	7051 	7050
f 6790 	6789 	7051
f 6789 	7052 	7051
f 6789 	6792 	7052
f 6792 	7053 	7052
f 6792 	6791 	7053
f 6791 	7054 	7053
f 6791 	6794 	7054
f 6794 	7055 	7054
f 6794 	6793 	7055
f 6793 	7056 	7055
f 6793 	6796 	7056
f 6796 	7057 	7056
f 6796 	6795 	7057
f 6795 	7058 	7057
f 6795 	6798 	7058
f 6798 	7059 	7058
f 6798 	6797 	7059
f 6797 	7060 	7059
f 6797 	6800 	7060
f 6800 	7061 	7060
f 6800 	6799 	7061
f 6799 	7062 	7061
f 6799 	6802 	7062
f 6802 	7063 	7062
f 6802 	6801 	7063
f 6801 	7064 	7063
f 6801 	6804 	7064
f 6804 	7065 	7064
f 6804 	6803 	7065
f 6803 	7066 	7065
f 6803 	6806 	7066
f 6806 	7067 	7066
f 6806 	6805 	7067
f 6805 	7068 	7067
f 6805 	6808 	7068
f 6808 	7069 	7068
f 6808 	6807 	7069
f 6807 	7070 	7069
f 6807 	6810 	7070
f 6810 	7071 	7070
f 6810 	6809 	7071
f 6809 	7072 	7071
f 6809 	6812 	7072
f 6812 	7073 	7072
f 6812 	6811 	7073
f 6811 	7074 	7073
f 6811 	6814 	7074
f 6814 	7075 	7074
f 6814 	6813 	7075
f 6813 	7076 	7075
f 6813 	6816 	7076
f 6816 	7077 	7076
f 6816 	6815 	7077
f 6815 	7078 	7077
f 6815 	6818 	7078
f 6818 	7079 	7078
f 6818 	6817 	7079
f 6817 	7080 	7079
f 6817 	6820 	7080
f 6820 	7081 	7080
f 6820 	6819 	7081
f 6819 	7082 	7081
f 6819 	6822 	7082
f 6822 	7083 	7082
f 6822 	6821 	7083
f 6821 	7084 	7083
f 6821 	6824 	7084
f 6824 	7085 	7084
f 6824 	6823 	7085
f 6823 	7086 	7085
f 6823 	6826 	7086
f 6826 	7087 	7086
f 6826 	6825 	7087
f 6825 	7088 	7087
f 6825 	6828 	7088
f 6828 	7089 	7088
f 6828 	6827 	7089
f 6827 	7090 	7089
f 6827 	6830 	7090
f 6830 	7091 	7090
f 6830 	6829 	7091
f 6829 	7092 	7091
f 6829 	6833 	7092
f 6833 	7093 	7092
f 6833 	6832 	7093
f 6832 	7094 	7093
f 6832 	6831 	7094
f 6831 	7095 	7094
f 6831 	6835 	7095
f 6835 	7096 	7095
f 6835 	6834 	7096
f 6834 	7097 	7096
f 6834 	6901 	7097
f 6901 	7163 	7097
f 6901 	6904 	7163
f 6904 	7166 	7163
f 6904 	6911 	7166
f 6911 	7173 	7166
f 6911 	6915 	7173
f 6915 	7177 	7173
f 6915 	6919 	7177
f 6919 	7181 	7177
f 6919 	6923 	7181
f 6923 	7185 	7181
f 6923 	6927 	7185
f 6927 	7189 	7185
f 6927 	6930 	7189
f 6930 	7192 	7189
f 6930 	6934 	7192
f 6934 	7196 	7192
f 6934 	6938 	7196
f 6938 	7200 	7196
f 6938 	6942 	7200
f 6942 	7204 	7200
f 6942 	6946 	7204
f 6946 	7208 	7204
f 6946 	6950 	7208
f 6950 	7212 	7208
f 6950 	6957 	7212
f 6957 	7219 	7212
f 6957 	6960 	7219
f 6960 	7222 	7219
f 6960 	6964 	7222
f 6964 	7226 	7222
f 6964 	6968 	7226
f 6968 	7230 	7226
f 6968 	6972 	7230
f 6972 	7234 	7230
f 6972 	6976 	7234
f 6976 	7238 	7234
f 6976 	6980 	7238
f 6980 	7242 	7238
f 6980 	6984 	7242
f 6984 	7246 	7242
f 6984 	6912 	7246
f 6912 	7174 	7246
f 6912 	6907 	7174
f 6907 	7169 	7174
f 6907 	6838 	7169
f 6838 	7098 	7169
f 6838 	6837 	7098
f 6837 	7099 	7098
f 6837 	6836 	7099
f 6836 	7100 	7099
f 6836 	6840 	7100
f 6840 	7101 	7100
f 6840 	6839 	7101
f 6839 	7102 	7101
f 6839 	6842 	7102
f 6842 	7103 	7102
f 6842 	6841 	7103
f 6841 	7104 	7103
f 6841 	6844 	7104
f 6844 	7105 	7104
f 6844 	6843 	7105
f 6843 	7106 	7105
f 6843 	6846 	7106
f 6846 	7107 	7106
f 6846 	6845 	7107
f 6845 	7108 	7107
f 6845 	6848 	7108
f 6848 	7109 	7108
f 6848 	6847 	7109
f 6847 	7110 	7109
f 6847 	6850 	7110
f 6850 	7111 	7110
f 6850 	6849 	7111
f 6849 	7112 	7111
f 6849 	6852 	7112
f 6852 	7113 	7112
f 6852 	6851 	7113
f 6851 	7114 	7113
f 6851 	6854 	7114
f 6854 	7115 	7114
f 6854 	6853 	7115
f 6853 	7116 	7115
f 6853 	6856 	7116
f 6856 	7117 	7116
f 6856 	6855 	7117
f 6855 	7118 	7117
f 6855 	6858 	7118
f 6858 	7119 	7118
f 6858 	6857 	7119
f 6857 	7120 	7119
f 6857 	6860 	7120
f 6860 	7121 	7120
f 6860 	6859 	7121
f 6859 	7122 	7121
f 6859 	6862 	7122
f 6862 	7123 	7122
f 6862 	6861 	7123
f 6861 	7124 	7123
f 6861 	6864 	7124
f 6864 	7125 	7124
f 6864 	6863 	7125
f 6863 	7126 	7125
f 6863 	6866 	7126
f 6866 	7127 	7126
f 6866 	6865 	7127
f 6865 	7128 	7127
f 6865 	6868 	7128
f 6868 	7129 	7128
f 6868 	6867 	7129
f 6867 	7130 	7129
f 6867 	6870 	7130
f 6870 	7131 	7130
f 6870 	6869 	7131
f 6869 	7132 	7131
f 6869 	6872 	7132
f 6872 	7133 	7132
f 6872 	6871 	7133
f 6871 	7134 	7133
f 6871 	6874 	7134
f 6874 	7135 	7134
f 6874 	6873 	7135
f 6873 	7136 	7135
f 6873 	6876 	7136
f 6876 	7137 	7136
f 6876 	6875 	7137
f 6875 	7138 	7137
f 6875 	6878 	7138
f 6878 	7139 	7138
f 6878 	6877 	7139
f 6877 	7140 	7139
f 6877 	6880 	7140
f 6880 	7141 	7140
f 6880 	6879 	7141
f 6879 	7142 	7141
f 6879 	6882 	7142
f 6882 	7143 	7142
f 6882 	6881 	7143
f 6881 	7144 	7143
f 6881 	6884 	7144
f 6884 	7145 	7144
f 6884 	6883 	7145
f 6883 	7146 	7145
f 6883 	6886 	7146
f 6886 	7147 	7146
f 6886 	6885 	7147
f 6885 	7148 	7147
f 6885 	6888 	7148
f 6888 	7149 	7148
f 6888 	6887 	7149
f 6887 	7150 	7149
f 6887 	6890 	7150
f 6890 	7151 	7150
f 6890 	6889 	7151
f 6889 	7152 	7151
f 6889 	6892 	7152
f 6892 	7153 	7152
f 6892 	6891 	7153
f 6891 	7154 	7153
f 6891 	6894 	7154
f 6894 	7155 	7154
f 6894 	6893 	7155
f 6893 	7156 	7155
f 6893 	6896 	7156
f 6896 	7157 	7156
f 6896 	6895 	7157
f 6895 	7158 	7157
f 6895 	6898 	7158
f 6898 	7159 	7158
f 6898 	6897 	7159
f 6897 	7160 	7159
f 6897 	6902 	7160
f 6902 	7164 	7160
f 6902 	6908 	7164
f 6908 	7170 	7164
f 6908 	6916 	7170
f 6916 	7178 	7170
f 6916 	6920 	7178
f 6920 	7182 	7178
f 6920 	6924 	7182
f 6924 	7186 	7182
f 6924 	6928 	7186
f 6928 	7190 	7186
f 6928 	6931 	7190
f 6931 	7193 	7190
f 6931 	6935 	7193
f 6935 	7197 	7193
f 6935 	6939 	7197
f 6939 	7201 	7197
f 6939 	6943 	7201
f 6943 	7205 	7201
f 6943 	6947 	7205
f 6947 	7209 	7205
f 6947 	6951 	7209
f 6951 	7213 	7209
f 6951 	6954 	7213
f 6954 	7216 	7213
f 6954 	6958 	7216
f 6958 	7220 	7216
f 6958 	6961 	7220
f 6961 	7223 	7220
f 6961 	6965 	7223
f 6965 	7227 	7223
f 6965 	6969 	7227
f 6969 	7231 	7227
f 6969 	6973 	7231
f 6973 	7235 	7231
f 6973 	6977 	7235
f 6977 	7239 	7235
f 6977 	6981 	7239
f 6981 	7243 	7239
f 6981 	6985 	7243
f 6985 	7247 	7243
f 6985 	6988 	7247
f 6988 	7250 	7247
f 6988 	6991 	7250
f 6991 	7253 	7250
f 6991 	6993 	7253
f 6993 	7255 	7253
f 6899 	6905 	7161
f 6905 	7167 	7161
f 6905 	6909 	7167
f 6909 	7171 	7167
f 6909 	6913 	7171
f 6913 	7175 	7171
f 6913 	6917 	7175
f 6917 	7179 	7175
f 6917 	6921 	7179
f 6921 	7183 	7179
f 6921 	6925 	7183
f 6925 	7187 	7183
f 6925 	6929 	7187
f 6929 	7191 	7187
f 6929 	6932 	7191
f 6932 	7194 	7191
f 6932 	6936 	7194
f 6936 	7198 	7194
f 6936 	6940 	7198
f 6940 	7202 	7198
f 6940 	6944 	7202
f 6944 	7206 	7202
f 6944 	6948 	7206
f 6948 	7210 	7206
f 6948 	6952 	7210
f 6952 	7214 	7210
f 6952 	6955 	7214
f 6955 	7217 	7214
f 6955 	6962 	7217
f 6962 	7224 	7217
f 6962 	6966 	7224
f 6966 	7228 	7224
f 6966 	6970 	7228
f 6970 	7232 	7228
f 6970 	6974 	7232
f 6974 	7236 	7232
f 6974 	6978 	7236
f 6978 	7240 	7236
f 6978 	6982 	7240
f 6982 	7244 	7240
f 6982 	6986 	7244
f 6986 	7248 	7244
f 6986 	6989 	7248
f 6989 	7251 	7248
f 6989 	6992 	7251
f 6992 	7254 	7251
f 6992 	6994 	7254
f 6994 	7256 	7254
f 6994 	7014 	7256
f 7014 	7276 	7256
f 7014 	7012 	7276
f 7012 	7274 	7276
f 7012 	7010 	7274
f 7010 	7272 	7274
f 7010 	7008 	7272
f 7008 	7270 	7272
f 7008 	7006 	7270
f 7006 	7268 	7270
f 7006 	7004 	7268
f 7004 	7266 	7268
f 7004 	7002 	7266
f 7002 	7264 	7266
f 7002 	7000 	7264
f 7000 	7262 	7264
f 7000 	6998 	7262
f 6998 	7260 	7262
f 6998 	6996 	7260
f 6996 	7258 	7260
f 6996 	6995 	7258
f 6995 	7257 	7258
f 6995 	6990 	7257
f 6990 	7252 	7257
f 6990 	6987 	7252
f 6987 	7249 	7252
f 6987 	6983 	7249
f 6983 	7245 	7249
f 6983 	6979 	7245
f 6979 	7241 	7245
f 6979 	6975 	7241
f 6975 	7237 	7241
f 6975 	6971 	7237
f 6971 	7233 	7237
f 6971 	6967 	7233
f 6967 	7229 	7233
f 6967 	6963 	7229
f 6963 	7225 	7229
f 6963 	6959 	7225
f 6959 	7221 	7225
f 6959 	6956 	7221
f 6956 	7218 	7221
f 6956 	6953 	7218
f 6953 	7215 	7218
f 6953 	6949 	7215
f 6949 	7211 	7215
f 6949 	6945 	7211
f 6945 	7207 	7211
f 6945 	6941 	7207
f 6941 	7203 	7207
f 6941 	6937 	7203
f 6937 	7199 	7203
f 6937 	6933 	7199
f 6933 	7195 	7199
f 6933 	6926 	7195
f 6926 	7188 	7195
f 6926 	6922 	7188
f 6922 	7184 	7188
f 6922 	6918 	7184
f 6918 	7180 	7184
f 6918 	6914 	7180
f 6914 	7176 	7180
f 6914 	6910 	7176
f 6910 	7172 	7176
f 6910 	6906 	7172
f 6906 	7168 	7172
f 6906 	6903 	7168
f 6903 	7165 	7168
f 6903 	6900 	7165
f 6900 	7162 	7165
f 6900 	6782 	7162
f 6782 	7044 	7162
f 6782 	6780 	7044
f 6780 	7043 	7044
f 6780 	6899 	7043
f 6899 	7161 	7043
f 7291 	7292 	7293
f 7294 	7295 	7296
f 7297 	7298 	7294
f 7299 	7300 	7297
f 7301 	7302 	7299
f 7303 	7304 	7301
f 7305 	7306 	7303
f 7307 	7308 	7309
f 7310 	7311 	7312
f 7313 	7314 	7310
f 7315 	7316 	7313
f 7317 	7318 	7319
f 7320 	7321 	7317
f 7322 	7323 	7320
f 7324 	7325 	7322
f 7326 	7327 	7324
f 7328 	7329 	7326
f 7330 	7331 	7328
f 7332 	7333 	7330
f 7334 	7335 	7332
f 7336 	7337 	7334
f 7338 	7339 	7336
f 7340 	7341 	7338
f 7342 	7343 	7340
f 7344 	7345 	7342
f 7346 	7347 	7344
f 7348 	7349 	7346
f 7350 	7351 	7348
f 7352 	7353 	7350
f 7354 	7355 	7352
f 7356 	7357 	7354
f 7358 	7359 	7356
f 7360 	7361 	7358
f 7362 	7363 	7360
f 7364 	7365 	7362
f 7366 	7367 	7364
f 7364 	7367 	7368
f 7369 	7370 	7364
f 7371 	7372 	7369
f 7373 	7374 	7371
f 7375 	7376 	7373
f 7377 	7378 	7375
f 7379 	7380 	7377
f 7381 	7382 	7379
f 7383 	7384 	7381
f 7385 	7386 	7383
f 7387 	7388 	7385
f 7389 	7390 	7387
f 7391 	7392 	7389
f 7393 	7394 	7391
f 7395 	7396 	7393
f 7397 	7398 	7395
f 7399 	7400 	7397
f 7401 	7402 	7399
f 7403 	7404 	7401
f 7405 	7406 	7403
f 7407 	7408 	7405
f 7409 	7410 	7407
f 7411 	7412 	7409
f 7413 	7414 	7411
f 7415 	7416 	7413
f 7417 	7418 	7419
f 7420 	7421 	7417
f 7422 	7291 	7293
f 7299 	7297 	7294
f 7303 	7301 	7299
f 7423 	7305 	7303
f 7307 	7309 	7424
f 7310 	7312 	7307
f 7315 	7313 	7310
f 7320 	7317 	7319
f 7324 	7322 	7320
f 7328 	7326 	7324
f 7332 	7330 	7328
f 7336 	7334 	7332
f 7340 	7338 	7336
f 7344 	7342 	7340
f 7348 	7346 	7344
f 7352 	7350 	7348
f 7356 	7354 	7352
f 7360 	7358 	7356
f 7364 	7362 	7360
f 7425 	7366 	7364
f 7364 	7368 	7426
f 7371 	7369 	7364
f 7375 	7373 	7371
f 7379 	7377 	7375
f 7383 	7381 	7379
f 7387 	7385 	7383
f 7391 	7389 	7387
f 7395 	7393 	7391
f 7399 	7397 	7395
f 7403 	7401 	7399
f 7407 	7405 	7403
f 7411 	7409 	7407
f 7415 	7413 	7411
f 7427 	7420 	7417
f 7428 	7422 	7293
f 7303 	7299 	7294
f 7429 	7423 	7303
f 7307 	7424 	7430
f 7315 	7310 	7307
f 7324 	7320 	7319
f 7332 	7328 	7324
f 7340 	7336 	7332
f 7348 	7344 	7340
f 7356 	7352 	7348
f 7364 	7360 	7356
f 7431 	7425 	7364
f 7364 	7426 	7432
f 7375 	7371 	7364
f 7383 	7379 	7375
f 7391 	7387 	7383
f 7399 	7395 	7391
f 7407 	7403 	7399
f 7415 	7411 	7407
f 7433 	7427 	7417
f 7434 	7428 	7293
f 7303 	7294 	7296
f 7315 	7307 	7430
f 7332 	7324 	7319
f 7348 	7340 	7332
f 7364 	7356 	7348
f 7435 	7431 	7364
f 7364 	7432 	7436
f 7383 	7375 	7364
f 7399 	7391 	7383
f 7415 	7407 	7399
f 7437 	7433 	7417
f 7438 	7434 	7293
f 7429 	7303 	7296
f 7315 	7430 	7439
f 7348 	7332 	7319
f 7435 	7364 	7348
f 7364 	7436 	7440
f 7399 	7383 	7364
f 7441 	7437 	7417
f 7442 	7438 	7293
f 7443 	7429 	7296
f 7315 	7439 	7444
f 7445 	7435 	7348
f 7364 	7440 	7446
f 7447 	7441 	7417
f 7448 	7442 	7293
f 7449 	7443 	7296
f 7450 	7315 	7444
f 7451 	7445 	7348
f 7364 	7446 	7452
f 7447 	7417 	7419
f 7453 	7448 	7293
f 7444 	7449 	7296
f 7454 	7451 	7348
f 7364 	7452 	7455
f 7456 	7447 	7419
f 7457 	7453 	7293
f 7450 	7444 	7296
f 7458 	7454 	7348
f 7399 	7364 	7455
f 7459 	7456 	7419
f 7460 	7457 	7293
f 7450 	7296 	7461
f 7462 	7458 	7348
f 7399 	7455 	7463
f 7464 	7459 	7419
f 7465 	7460 	7293
f 7466 	7462 	7348
f 7399 	7463 	7467
f 7468 	7464 	7419
f 7469 	7465 	7293
f 7470 	7466 	7348
f 7399 	7467 	7471
f 7472 	7468 	7419
f 7473 	7469 	7293
f 7474 	7470 	7348
f 7399 	7471 	7475
f 7476 	7472 	7419
f 7477 	7473 	7293
f 7478 	7474 	7348
f 7399 	7475 	7479
f 7480 	7476 	7419
f 7481 	7477 	7293
f 7482 	7478 	7348
f 7399 	7479 	7483
f 7484 	7480 	7419
f 7485 	7481 	7293
f 7486 	7482 	7348
f 7399 	7483 	7487
f 7488 	7484 	7419
f 7489 	7485 	7293
f 7490 	7486 	7348
f 7399 	7487 	7491
f 7492 	7488 	7419
f 7493 	7489 	7293
f 7494 	7490 	7348
f 7399 	7491 	7495
f 7496 	7492 	7419
f 7497 	7493 	7293
f 7498 	7494 	7348
f 7399 	7495 	7499
f 7500 	7496 	7419
f 7501 	7497 	7293
f 7502 	7498 	7348
f 7399 	7499 	7503
f 7500 	7419 	7415
f 7504 	7501 	7293
f 7505 	7502 	7348
f 7399 	7503 	7506
f 7507 	7500 	7415
f 7508 	7504 	7293
f 7509 	7505 	7348
f 7399 	7506 	7510
f 7511 	7507 	7415
f 7508 	7293 	7512
f 7513 	7509 	7348
f 7399 	7510 	7514
f 7515 	7511 	7415
f 7508 	7512 	7516
f 7517 	7513 	7348
f 7399 	7514 	7518
f 7519 	7515 	7415
f 7508 	7516 	7520
f 7521 	7517 	7348
f 7399 	7518 	7522
f 7520 	7519 	7415
f 7523 	7508 	7520
f 7524 	7521 	7348
f 7415 	7399 	7522
f 7525 	7523 	7520
f 7524 	7348 	7319
f 7415 	7522 	7526
f 7461 	7525 	7520
f 7527 	7524 	7319
f 7415 	7526 	7528
f 7450 	7461 	7520
f 7529 	7527 	7319
f 7415 	7528 	7530
f 7450 	7520 	7415
f 7531 	7529 	7319
f 7415 	7530 	7532
f 7319 	7450 	7415
f 7533 	7531 	7319
f 7415 	7532 	7534
f 7535 	7533 	7319
f 7415 	7534 	7536
f 7537 	7535 	7319
f 7415 	7536 	7538
f 7539 	7537 	7319
f 7415 	7538 	7540
f 7541 	7539 	7319
f 7415 	7540 	7542
f 7543 	7541 	7319
f 7415 	7542 	7544
f 7545 	7543 	7319
f 7415 	7544 	7546
f 7547 	7545 	7319
f 7415 	7546 	7548
f 7549 	7547 	7319
f 7415 	7548 	7550
f 7551 	7549 	7319
f 7415 	7550 	7552
f 7553 	7551 	7319
f 7319 	7415 	7552
f 7554 	7553 	7319
f 7319 	7552 	7555
f 7556 	7554 	7319
f 7319 	7555 	7557
f 7558 	7556 	7319
f 7319 	7557 	7559
f 7559 	7558 	7319
f 7560 	7561 	7562
f 7563 	7564 	7565
f 7565 	7566 	7567
f 7567 	7568 	7569
f 7569 	7570 	7571
f 7571 	7572 	7573
f 7573 	7574 	7575
f 7576 	7577 	7578
f 7579 	7580 	7581
f 7581 	7582 	7583
f 7583 	7584 	7585
f 7586 	7587 	7588
f 7588 	7589 	7590
f 7590 	7591 	7592
f 7592 	7593 	7594
f 7594 	7595 	7596
f 7596 	7597 	7598
f 7598 	7599 	7600
f 7600 	7601 	7602
f 7602 	7603 	7604
f 7604 	7605 	7606
f 7606 	7607 	7608
f 7608 	7609 	7610
f 7610 	7611 	7612
f 7612 	7613 	7614
f 7614 	7615 	7616
f 7616 	7617 	7618
f 7618 	7619 	7620
f 7620 	7621 	7622
f 7622 	7623 	7624
f 7624 	7625 	7626
f 7626 	7627 	7628
f 7628 	7629 	7630
f 7630 	7631 	7632
f 7632 	7633 	7634
f 7634 	7635 	7636
f 7637 	7635 	7634
f 7634 	7638 	7639
f 7639 	7640 	7641
f 7641 	7642 	7643
f 7643 	7644 	7645
f 7645 	7646 	7647
f 7647 	7648 	7649
f 7649 	7650 	7651
f 7651 	7652 	7653
f 7653 	7654 	7655
f 7655 	7656 	7657
f 7657 	7658 	7659
f 7659 	7660 	7661
f 7661 	7662 	7663
f 7663 	7664 	7665
f 7665 	7666 	7667
f 7667 	7668 	7669
f 7669 	7670 	7671
f 7671 	7672 	7673
f 7673 	7674 	7675
f 7675 	7676 	7677
f 7677 	7678 	7679
f 7679 	7680 	7681
f 7681 	7682 	7683
f 7683 	7684 	7685
f 7686 	7687 	7688
f 7688 	7689 	7690
f 7560 	7562 	7691
f 7565 	7567 	7569
f 7569 	7571 	7573
f 7573 	7575 	7692
f 7693 	7576 	7578
f 7578 	7579 	7581
f 7581 	7583 	7585
f 7586 	7588 	7590
f 7590 	7592 	7594
f 7594 	7596 	7598
f 7598 	7600 	7602
f 7602 	7604 	7606
f 7606 	7608 	7610
f 7610 	7612 	7614
f 7614 	7616 	7618
f 7618 	7620 	7622
f 7622 	7624 	7626
f 7626 	7628 	7630
f 7630 	7632 	7634
f 7634 	7636 	7694
f 7695 	7637 	7634
f 7634 	7639 	7641
f 7641 	7643 	7645
f 7645 	7647 	7649
f 7649 	7651 	7653
f 7653 	7655 	7657
f 7657 	7659 	7661
f 7661 	7663 	7665
f 7665 	7667 	7669
f 7669 	7671 	7673
f 7673 	7675 	7677
f 7677 	7679 	7681
f 7681 	7683 	7685
f 7688 	7690 	7696
f 7560 	7691 	7697
f 7565 	7569 	7573
f 7573 	7692 	7698
f 7699 	7693 	7578
f 7578 	7581 	7585
f 7586 	7590 	7594
f 7594 	7598 	7602
f 7602 	7606 	7610
f 7610 	7614 	7618
f 7618 	7622 	7626
f 7626 	7630 	7634
f 7634 	7694 	7700
f 7701 	7695 	7634
f 7634 	7641 	7645
f 7645 	7649 	7653
f 7653 	7657 	7661
f 7661 	7665 	7669
f 7669 	7673 	7677
f 7677 	7681 	7685
f 7688 	7696 	7702
f 7560 	7697 	7703
f 7563 	7565 	7573
f 7699 	7578 	7585
f 7586 	7594 	7602
f 7602 	7610 	7618
f 7618 	7626 	7634
f 7634 	7700 	7704
f 7705 	7701 	7634
f 7634 	7645 	7653
f 7653 	7661 	7669
f 7669 	7677 	7685
f 7688 	7702 	7706
f 7560 	7703 	7707
f 7563 	7573 	7698
f 7708 	7699 	7585
f 7586 	7602 	7618
f 7618 	7634 	7704
f 7709 	7705 	7634
f 7634 	7653 	7669
f 7688 	7706 	7710
f 7560 	7707 	7711
f 7563 	7698 	7712
f 7713 	7708 	7585
f 7618 	7704 	7714
f 7715 	7709 	7634
f 7688 	7710 	7716
f 7560 	7711 	7717
f 7563 	7712 	7718
f 7713 	7585 	7719
f 7618 	7714 	7720
f 7721 	7715 	7634
f 7686 	7688 	7716
f 7560 	7717 	7722
f 7563 	7718 	7713
f 7618 	7720 	7723
f 7724 	7721 	7634
f 7686 	7716 	7725
f 7560 	7722 	7726
f 7563 	7713 	7719
f 7618 	7723 	7727
f 7724 	7634 	7669
f 7686 	7725 	7728
f 7560 	7726 	7729
f 7730 	7563 	7719
f 7618 	7727 	7731
f 7732 	7724 	7669
f 7686 	7728 	7733
f 7560 	7729 	7734
f 7618 	7731 	7735
f 7736 	7732 	7669
f 7686 	7733 	7737
f 7560 	7734 	7738
f 7618 	7735 	7739
f 7740 	7736 	7669
f 7686 	7737 	7741
f 7560 	7738 	7742
f 7618 	7739 	7743
f 7744 	7740 	7669
f 7686 	7741 	7745
f 7560 	7742 	7746
f 7618 	7743 	7747
f 7748 	7744 	7669
f 7686 	7745 	7749
f 7560 	7746 	7750
f 7618 	7747 	7751
f 7752 	7748 	7669
f 7686 	7749 	7753
f 7560 	7750 	7754
f 7618 	7751 	7755
f 7756 	7752 	7669
f 7686 	7753 	7757
f 7560 	7754 	7758
f 7618 	7755 	7759
f 7760 	7756 	7669
f 7686 	7757 	7761
f 7560 	7758 	7762
f 7618 	7759 	7763
f 7764 	7760 	7669
f 7686 	7761 	7765
f 7560 	7762 	7766
f 7618 	7763 	7767
f 7768 	7764 	7669
f 7686 	7765 	7769
f 7560 	7766 	7770
f 7618 	7767 	7771
f 7772 	7768 	7669
f 7685 	7686 	7769
f 7560 	7770 	7773
f 7618 	7771 	7774
f 7775 	7772 	7669
f 7685 	7769 	7776
f 7560 	7773 	7777
f 7618 	7774 	7778
f 7779 	7775 	7669
f 7685 	7776 	7780
f 7781 	7560 	7777
f 7618 	7778 	7782
f 7783 	7779 	7669
f 7685 	7780 	7784
f 7785 	7781 	7777
f 7618 	7782 	7786
f 7787 	7783 	7669
f 7685 	7784 	7788
f 7789 	7785 	7777
f 7618 	7786 	7790
f 7791 	7787 	7669
f 7685 	7788 	7789
f 7789 	7777 	7792
f 7618 	7790 	7793
f 7791 	7669 	7685
f 7789 	7792 	7794
f 7586 	7618 	7793
f 7795 	7791 	7685
f 7789 	7794 	7730
f 7586 	7793 	7796
f 7797 	7795 	7685
f 7789 	7730 	7719
f 7586 	7796 	7798
f 7799 	7797 	7685
f 7685 	7789 	7719
f 7586 	7798 	7800
f 7801 	7799 	7685
f 7685 	7719 	7586
f 7586 	7800 	7802
f 7803 	7801 	7685
f 7586 	7802 	7804
f 7805 	7803 	7685
f 7586 	7804 	7806
f 7807 	7805 	7685
f 7586 	7806 	7808
f 7809 	7807 	7685
f 7586 	7808 	7810
f 7811 	7809 	7685
f 7586 	7810 	7812
f 7813 	7811 	7685
f 7586 	7812 	7814
f 7815 	7813 	7685
f 7586 	7814 	7816
f 7817 	7815 	7685
f 7586 	7816 	7818
f 7819 	7817 	7685
f 7586 	7818 	7820
f 7821 	7819 	7685
f 7586 	7820 	7822
f 7821 	7685 	7586
f 7586 	7822 	7823
f 7824 	7821 	7586
f 7586 	7823 	7825
f 7826 	7824 	7586
f 7586 	7825 	7827
f 7828 	7826 	7586
f 7586 	7827 	7828
f 7293 	7292 	7560
f 7292 	7561 	7560
f 7292 	7291 	7561
f 7291 	7562 	7561
f 7291 	7422 	7562
f 7422 	7691 	7562
f 7422 	7428 	7691
f 7428 	7697 	7691
f 7428 	7434 	7697
f 7434 	7703 	7697
f 7434 	7438 	7703
f 7438 	7707 	7703
f 7438 	7442 	7707
f 7442 	7711 	7707
f 7442 	7448 	7711
f 7448 	7717 	7711
f 7448 	7453 	7717
f 7453 	7722 	7717
f 7453 	7457 	7722
f 7457 	7726 	7722
f 7457 	7460 	7726
f 7460 	7729 	7726
f 7460 	7465 	7729
f 7465 	7734 	7729
f 7465 	7469 	7734
f 7469 	7738 	7734
f 7469 	7473 	7738
f 7473 	7742 	7738
f 7473 	7477 	7742
f 7477 	7746 	7742
f 7477 	7481 	7746
f 7481 	7750 	7746
f 7481 	7485 	7750
f 7485 	7754 	7750
f 7485 	7489 	7754
f 7489 	7758 	7754
f 7489 	7493 	7758
f 7493 	7762 	7758
f 7493 	7497 	7762
f 7497 	7766 	7762
f 7497 	7501 	7766
f 7501 	7770 	7766
f 7501 	7504 	7770
f 7504 	7773 	7770
f 7504 	7508 	7773
f 7508 	7777 	7773
f 7508 	7523 	7777
f 7523 	7792 	7777
f 7523 	7525 	7792
f 7525 	7794 	7792
f 7525 	7461 	7794
f 7461 	7730 	7794
f 7461 	7296 	7730
f 7296 	7563 	7730
f 7296 	7295 	7563
f 7295 	7564 	7563
f 7295 	7294 	7564
f 7294 	7565 	7564
f 7294 	7298 	7565
f 7298 	7566 	7565
f 7298 	7297 	7566
f 7297 	7567 	7566
f 7297 	7300 	7567
f 7300 	7568 	7567
f 7300 	7299 	7568
f 7299 	7569 	7568
f 7299 	7302 	7569
f 7302 	7570 	7569
f 7302 	7301 	7570
f 7301 	7571 	7570
f 7301 	7304 	7571
f 7304 	7572 	7571
f 7304 	7303 	7572
f 7303 	7573 	7572
f 7303 	7306 	7573
f 7306 	7574 	7573
f 7306 	7305 	7574
f 7305 	7575 	7574
f 7305 	7423 	7575
f 7423 	7692 	7575
f 7423 	7429 	7692
f 7429 	7698 	7692
f 7429 	7443 	7698
f 7443 	7712 	7698
f 7443 	7449 	7712
f 7449 	7718 	7712
f 7449 	7444 	7718
f 7444 	7713 	7718
f 7444 	7439 	7713
f 7439 	7708 	7713
f 7439 	7430 	7708
f 7430 	7699 	7708
f 7430 	7424 	7699
f 7424 	7693 	7699
f 7424 	7309 	7693
f 7309 	7576 	7693
f 7309 	7308 	7576
f 7308 	7577 	7576
f 7308 	7307 	7577
f 7307 	7578 	7577
f 7307 	7312 	7578
f 7312 	7579 	7578
f 7312 	7311 	7579
f 7311 	7580 	7579
f 7311 	7310 	7580
f 7310 	7581 	7580
f 7310 	7314 	7581
f 7314 	7582 	7581
f 7314 	7313 	7582
f 7313 	7583 	7582
f 7313 	7316 	7583
f 7316 	7584 	7583
f 7316 	7315 	7584
f 7315 	7585 	7584
f 7315 	7450 	7585
f 7450 	7719 	7585
f 7450 	7319 	7719
f 7319 	7586 	7719
f 7319 	7318 	7586
f 7318 	7587 	7586
f 7318 	7317 	7587
f 7317 	7588 	7587
f 7317 	7321 	7588
f 7321 	7589 	7588
f 7321 	7320 	7589
f 7320 	7590 	7589
f 7320 	7323 	7590
f 7323 	7591 	7590
f 7323 	7322 	7591
f 7322 	7592 	7591
f 7322 	7325 	7592
f 7325 	7593 	7592
f 7325 	7324 	7593
f 7324 	7594 	7593
f 7324 	7327 	7594
f 7327 	7595 	7594
f 7327 	7326 	7595
f 7326 	7596 	7595
f 7326 	7329 	7596
f 7329 	7597 	7596
f 7329 	7328 	7597
f 7328 	7598 	7597
f 7328 	7331 	7598
f 7331 	7599 	7598
f 7331 	7330 	7599
f 7330 	7600 	7599
f 7330 	7333 	7600
f 7333 	7601 	7600
f 7333 	7332 	7601
f 7332 	7602 	7601
f 7332 	7335 	7602
f 7335 	7603 	7602
f 7335 	7334 	7603
f 7334 	7604 	7603
f 7334 	7337 	7604
f 7337 	7605 	7604
f 7337 	7336 	7605
f 7336 	7606 	7605
f 7336 	7339 	7606
f 7339 	7607 	7606
f 7339 	7338 	7607
f 7338 	7608 	7607
f 7338 	7341 	7608
f 7341 	7609 	7608
f 7341 	7340 	7609
f 7340 	7610 	7609
f 7340 	7343 	7610
f 7343 	7611 	7610
f 7343 	7342 	7611
f 7342 	7612 	7611
f 7342 	7345 	7612
f 7345 	7613 	7612
f 7345 	7344 	7613
f 7344 	7614 	7613
f 7344 	7347 	7614
f 7347 	7615 	7614
f 7347 	7346 	7615
f 7346 	7616 	7615
f 7346 	7349 	7616
f 7349 	7617 	7616
f 7349 	7348 	7617
f 7348 	7618 	7617
f 7348 	7351 	7618
f 7351 	7619 	7618
f 7351 	7350 	7619
f 7350 	7620 	7619
f 7350 	7353 	7620
f 7353 	7621 	7620
f 7353 	7352 	7621
f 7352 	7622 	7621
f 7352 	7355 	7622
f 7355 	7623 	7622
f 7355 	7354 	7623
f 7354 	7624 	7623
f 7354 	7357 	7624
f 7357 	7625 	7624
f 7357 	7356 	7625
f 7356 	7626 	7625
f 7356 	7359 	7626
f 7359 	7627 	7626
f 7359 	7358 	7627
f 7358 	7628 	7627
f 7358 	7361 	7628
f 7361 	7629 	7628
f 7361 	7360 	7629
f 7360 	7630 	7629
f 7360 	7363 	7630
f 7363 	7631 	7630
f 7363 	7362 	7631
f 7362 	7632 	7631
f 7362 	7365 	7632
f 7365 	7633 	7632
f 7365 	7364 	7633
f 7364 	7634 	7633
f 7364 	7370 	7634
f 7370 	7638 	7634
f 7370 	7369 	7638
f 7369 	7639 	7638
f 7369 	7372 	7639
f 7372 	7640 	7639
f 7372 	7371 	7640
f 7371 	7641 	7640
f 7371 	7374 	7641
f 7374 	7642 	7641
f 7374 	7373 	7642
f 7373 	7643 	7642
f 7373 	7376 	7643
f 7376 	7644 	7643
f 7376 	7375 	7644
f 7375 	7645 	7644
f 7375 	7378 	7645
f 7378 	7646 	7645
f 7378 	7377 	7646
f 7377 	7647 	7646
f 7377 	7380 	7647
f 7380 	7648 	7647
f 7380 	7379 	7648
f 7379 	7649 	7648
f 7379 	7382 	7649
f 7382 	7650 	7649
f 7382 	7381 	7650
f 7381 	7651 	7650
f 7381 	7384 	7651
f 7384 	7652 	7651
f 7384 	7383 	7652
f 7383 	7653 	7652
f 7383 	7386 	7653
f 7386 	7654 	7653
f 7386 	7385 	7654
f 7385 	7655 	7654
f 7385 	7388 	7655
f 7388 	7656 	7655
f 7388 	7387 	7656
f 7387 	7657 	7656
f 7387 	7390 	7657
f 7390 	7658 	7657
f 7390 	7389 	7658
f 7389 	7659 	7658
f 7389 	7392 	7659
f 7392 	7660 	7659
f 7392 	7391 	7660
f 7391 	7661 	7660
f 7391 	7394 	7661
f 7394 	7662 	7661
f 7394 	7393 	7662
f 7393 	7663 	7662
f 7393 	7396 	7663
f 7396 	7664 	7663
f 7396 	7395 	7664
f 7395 	7665 	7664
f 7395 	7398 	7665
f 7398 	7666 	7665
f 7398 	7397 	7666
f 7397 	7667 	7666
f 7397 	7400 	7667
f 7400 	7668 	7667
f 7400 	7399 	7668
f 7399 	7669 	7668
f 7399 	7402 	7669
f 7402 	7670 	7669
f 7402 	7401 	7670
f 7401 	7671 	7670
f 7401 	7404 	7671
f 7404 	7672 	7671
f 7404 	7403 	7672
f 7403 	7673 	7672
f 7403 	7406 	7673
f 7406 	7674 	7673
f 7406 	7405 	7674
f 7405 	7675 	7674
f 7405 	7408 	7675
f 7408 	7676 	7675
f 7408 	7407 	7676
f 7407 	7677 	7676
f 7407 	7410 	7677
f 7410 	7678 	7677
f 7410 	7409 	7678
f 7409 	7679 	7678
f 7409 	7412 	7679
f 7412 	7680 	7679
f 7412 	7411 	7680
f 7411 	7681 	7680
f 7411 	7414 	7681
f 7414 	7682 	7681
f 7414 	7413 	7682
f 7413 	7683 	7682
f 7413 	7416 	7683
f 7416 	7684 	7683
f 7416 	7415 	7684
f 7415 	7685 	7684
f 7415 	7419 	7685
f 7419 	7686 	7685
f 7419 	7418 	7686
f 7418 	7687 	7686
f 7418 	7417 	7687
f 7417 	7688 	7687
f 7417 	7421 	7688
f 7421 	7689 	7688
f 7421 	7420 	7689
f 7420 	7690 	7689
f 7420 	7427 	7690
f 7427 	7696 	7690
f 7427 	7433 	7696
f 7433 	7702 	7696
f 7433 	7437 	7702
f 7437 	7706 	7702
f 7437 	7441 	7706
f 7441 	7710 	7706
f 7441 	7447 	7710
f 7447 	7716 	7710
f 7447 	7456 	7716
f 7456 	7725 	7716
f 7456 	7459 	7725
f 7459 	7728 	7725
f 7459 	7464 	7728
f 7464 	7733 	7728
f 7464 	7468 	7733
f 7468 	7737 	7733
f 7468 	7472 	7737
f 7472 	7741 	7737
f 7472 	7476 	7741
f 7476 	7745 	7741
f 7476 	7480 	7745
f 7480 	7749 	7745
f 7480 	7484 	7749
f 7484 	7753 	7749
f 7484 	7488 	7753
f 7488 	7757 	7753
f 7488 	7492 	7757
f 7492 	7761 	7757
f 7492 	7496 	7761
f 7496 	7765 	7761
f 7496 	7500 	7765
f 7500 	7769 	7765
f 7500 	7507 	7769
f 7507 	7776 	7769
f 7507 	7511 	7776
f 7511 	7780 	7776
f 7511 	7515 	7780
f 7515 	7784 	7780
f 7515 	7519 	7784
f 7519 	7788 	7784
f 7519 	7520 	7788
f 7520 	7789 	7788
f 7520 	7516 	7789
f 7516 	7785 	7789
f 7516 	7512 	7785
f 7512 	7781 	7785
f 7512 	7293 	7781
f 7293 	7560 	7781
f 7471 	7467 	7740
f 7467 	7736 	7740
f 7467 	7463 	7736
f 7463 	7732 	7736
f 7463 	7455 	7732
f 7455 	7724 	7732
f 7455 	7452 	7724
f 7452 	7721 	7724
f 7452 	7446 	7721
f 7446 	7715 	7721
f 7446 	7440 	7715
f 7440 	7709 	7715
f 7440 	7436 	7709
f 7436 	7705 	7709
f 7436 	7432 	7705
f 7432 	7701 	7705
f 7432 	7426 	7701
f 7426 	7695 	7701
f 7426 	7368 	7695
f 7368 	7637 	7695
f 7368 	7367 	7637
f 7367 	7635 	7637
f 7367 	7366 	7635
f 7366 	7636 	7635
f 7366 	7425 	7636
f 7425 	7694 	7636
f 7425 	7431 	7694
f 7431 	7700 	7694
f 7431 	7435 	7700
f 7435 	7704 	7700
f 7435 	7445 	7704
f 7445 	7714 	7704
f 7445 	7451 	7714
f 7451 	7720 	7714
f 7451 	7454 	7720
f 7454 	7723 	7720
f 7454 	7458 	7723
f 7458 	7727 	7723
f 7458 	7462 	7727
f 7462 	7731 	7727
f 7462 	7466 	7731
f 7466 	7735 	7731
f 7466 	7470 	7735
f 7470 	7739 	7735
f 7470 	7474 	7739
f 7474 	7743 	7739
f 7474 	7478 	7743
f 7478 	7747 	7743
f 7478 	7482 	7747
f 7482 	7751 	7747
f 7482 	7486 	7751
f 7486 	7755 	7751
f 7486 	7490 	7755
f 7490 	7759 	7755
f 7490 	7494 	7759
f 7494 	7763 	7759
f 7494 	7498 	7763
f 7498 	7767 	7763
f 7498 	7502 	7767
f 7502 	7771 	7767
f 7502 	7505 	7771
f 7505 	7774 	7771
f 7505 	7509 	7774
f 7509 	7778 	7774
f 7509 	7513 	7778
f 7513 	7782 	7778
f 7513 	7517 	7782
f 7517 	7786 	7782
f 7517 	7521 	7786
f 7521 	7790 	7786
f 7521 	7524 	7790
f 7524 	7793 	7790
f 7524 	7527 	7793
f 7527 	7796 	7793
f 7527 	7529 	7796
f 7529 	7798 	7796
f 7529 	7531 	7798
f 7531 	7800 	7798
f 7531 	7533 	7800
f 7533 	7802 	7800
f 7533 	7535 	7802
f 7535 	7804 	7802
f 7535 	7537 	7804
f 7537 	7806 	7804
f 7537 	7539 	7806
f 7539 	7808 	7806
f 7539 	7541 	7808
f 7541 	7810 	7808
f 7541 	7543 	7810
f 7543 	7812 	7810
f 7543 	7545 	7812
f 7545 	7814 	7812
f 7545 	7547 	7814
f 7547 	7816 	7814
f 7547 	7549 	7816
f 7549 	7818 	7816
f 7549 	7551 	7818
f 7551 	7820 	7818
f 7551 	7553 	7820
f 7553 	7822 	7820
f 7553 	7554 	7822
f 7554 	7823 	7822
f 7554 	7556 	7823
f 7556 	7825 	7823
f 7556 	7558 	7825
f 7558 	7827 	7825
f 7558 	7559 	7827
f 7559 	7828 	7827
f 7559 	7557 	7828
f 7557 	7826 	7828
f 7557 	7555 	7826
f 7555 	7824 	7826
f 7555 	7552 	7824
f 7552 	7821 	7824
f 7552 	7550 	7821
f 7550 	7819 	7821
f 7550 	7548 	7819
f 7548 	7817 	7819
f 7548 	7546 	7817
f 7546 	7815 	7817
f 7546 	7544 	7815
f 7544 	7813 	7815
f 7544 	7542 	7813
f 7542 	7811 	7813
f 7542 	7540 	7811
f 7540 	7809 	7811
f 7540 	7538 	7809
f 7538 	7807 	7809
f 7538 	7536 	7807
f 7536 	7805 	7807
f 7536 	7534 	7805
f 7534 	7803 	7805
f 7534 	7532 	7803
f 7532 	7801 	7803
f 7532 	7530 	7801
f 7530 	7799 	7801
f 7530 	7528 	7799
f 7528 	7797 	7799
f 7528 	7526 	7797
f 7526 	7795 	7797
f 7526 	7522 	7795
f 7522 	7791 	7795
f 7522 	7518 	7791
f 7518 	7787 	7791
f 7518 	7514 	7787
f 7514 	7783 	7787
f 7514 	7510 	7783
f 7510 	7779 	7783
f 7510 	7506 	7779
f 7506 	7775 	7779
f 7506 	7503 	7775
f 7503 	7772 	7775
f 7503 	7499 	7772
f 7499 	7768 	7772
f 7499 	7495 	7768
f 7495 	7764 	7768
f 7495 	7491 	7764
f 7491 	7760 	7764
f 7491 	7487 	7760
f 7487 	7756 	7760
f 7487 	7483 	7756
f 7483 	7752 	7756
f 7483 	7479 	7752
f 7479 	7748 	7752
f 7479 	7475 	7748
f 7475 	7744 	7748
f 7475 	7471 	7744
f 7471 	7740 	7744
# 5964 faces

 #end of obj_7

